"Category"	"English"	"Chinese"	"Path"
"BLUEPRINTS"	"Deck Chair"	"甲板摺疊躺椅"	"STRINGS.BLUEPRINTS.BEACHCHAIR_DECK.NAME"
"BLUEPRINTS"	"Schmancy Chandelier"	"花俏吊燈"	"STRINGS.BLUEPRINTS.CEILINGLIGHT_CHANDELIER.NAME"
"BLUEPRINTS"	"Rustic Mess Table"	"淳樸單人餐桌"	"STRINGS.BLUEPRINTS.DININGTABLE_LOG.NAME"
"BLUEPRINTS"	"Elliptical Generator"	"橢圓發電機"	"STRINGS.BLUEPRINTS.MANUALGENERATOR_ELLIPTICAL.NAME"
"BLUEPRINTS"	"Regal Neutronium Atmo Outfit"	"帝王零號太空外觀"	"STRINGS.BLUEPRINTS.NEUTRONIUM_ATMO_OUTFIT.NAME"
"BLUEPRINTS"	"Regal Neutronium Jet Outfit"	"帝王零號飛行衣外觀"	"STRINGS.BLUEPRINTS.NEUTRONIUM_JETSUIT_OUTFIT.NAME"
"BLUEPRINTS"	"Aerodynamic Outfit"	"空氣力學外觀"	"STRINGS.BLUEPRINTS.OUTFIT_AERODYNAMIC_FLIGHTSUIT.NAME"
"BLUEPRINTS"	"All-Metal Jacket Outfit"	"全金屬夾克外觀"	"STRINGS.BLUEPRINTS.OUTFIT_ALL_METAL_JACKET.NAME"
"BLUEPRINTS"	"Radical Atmo Outfit"	"激進太空外觀"	"STRINGS.BLUEPRINTS.OUTFIT_ATMO_SUIT_80S.NAME"
"BLUEPRINTS"	"Bionic Atmo Outfit"	"仿生太空外觀"	"STRINGS.BLUEPRINTS.OUTFIT_ATMOSUIT_BIONIC.NAME"
"BLUEPRINTS"	"Dartle Atmo Outfit"	"逸蜥太空外觀"	"STRINGS.BLUEPRINTS.OUTFIT_ATMOSUIT_CHAMELEO.NAME"
"BLUEPRINTS"	"Gaudy Atmo Outfit"	"浮誇太空外觀"	"STRINGS.BLUEPRINTS.OUTFIT_ATMOSUIT_GAUDY.NAME"
"BLUEPRINTS"	"Jawbo Atmo Outfit"	"顎魚太空外觀"	"STRINGS.BLUEPRINTS.OUTFIT_ATMOSUIT_PACULACANTH.NAME"
"BLUEPRINTS"	"Rhex Atmo Outfit"	"霸王鸚太空外觀"	"STRINGS.BLUEPRINTS.OUTFIT_ATMOSUIT_RAPTOR.NAME"
"BLUEPRINTS"	"Lumb Atmo Outfit"	"劍龍太空外觀"	"STRINGS.BLUEPRINTS.OUTFIT_ATMOSUIT_STEGO.NAME"
"BLUEPRINTS"	"Bionic Jammies Outfit"	"仿生睡衣外觀"	"STRINGS.BLUEPRINTS.OUTFIT_BIOCIRCUIT.NAME"
"BLUEPRINTS"	"Cadmium Vest Outfit"	"鎘背心外觀"	"STRINGS.BLUEPRINTS.OUTFIT_CADMIUM_VEST.NAME"
"BLUEPRINTS"	"Charcoal Skivvies Outfit"	"木炭內衣外觀"	"STRINGS.BLUEPRINTS.OUTFIT_GOTCHIES_BLACK.NAME"
"BLUEPRINTS"	"Electro Skivvies Outfit"	"靜電內衣外觀"	"STRINGS.BLUEPRINTS.OUTFIT_GOTCHIES_BLUE.NAME"
"BLUEPRINTS"	"Wortseed Skivvies Outfit"	"冰種內衣外觀"	"STRINGS.BLUEPRINTS.OUTFIT_GOTCHIES_BLUE_2.NAME"
"BLUEPRINTS"	"Muck Skivvies Outfit"	"爛泥內衣外觀"	"STRINGS.BLUEPRINTS.OUTFIT_GOTCHIES_BROWN.NAME"
"BLUEPRINTS"	"Greenpeas Skivvies Outfit"	"青豆內衣外觀"	"STRINGS.BLUEPRINTS.OUTFIT_GOTCHIES_GREEN.NAME"
"BLUEPRINTS"	"Quantum Skivvies Outfit"	"量子內衣外觀"	"STRINGS.BLUEPRINTS.OUTFIT_GOTCHIES_GREEN_RADIOACTIVE.NAME"
"BLUEPRINTS"	"Flint Skivvies Outfit"	"燧石內衣外觀"	"STRINGS.BLUEPRINTS.OUTFIT_GOTCHIES_GREY.NAME"
"BLUEPRINTS"	"Hi-Vis Skivvies Outfit"	"高能見內衣外觀"	"STRINGS.BLUEPRINTS.OUTFIT_GOTCHIES_ORANGE.NAME"
"BLUEPRINTS"	"Petal Skivvies Outfit"	"花瓣內衣外觀"	"STRINGS.BLUEPRINTS.OUTFIT_GOTCHIES_PINK.NAME"
"BLUEPRINTS"	"Cerebra Skivvies Outfit"	"思維內衣外觀"	"STRINGS.BLUEPRINTS.OUTFIT_GOTCHIES_PURPLE.NAME"
"BLUEPRINTS"	"Rusty Skivvies Outfit"	"鏽蝕內衣外觀"	"STRINGS.BLUEPRINTS.OUTFIT_GOTCHIES_RED.NAME"
"BLUEPRINTS"	"Symbio Skivvies Outfit"	"共生內衣外觀"	"STRINGS.BLUEPRINTS.OUTFIT_GOTCHIES_TEAL.NAME"
"BLUEPRINTS"	"Torpor Jet Outfit"	"遲鈍飛行外觀"	"STRINGS.BLUEPRINTS.OUTFIT_JETSUIT_001.NAME"
"BLUEPRINTS"	"Hornet Jet Outfit"	"黃蜂飛行外觀"	"STRINGS.BLUEPRINTS.OUTFIT_JETSUIT_002.NAME"
"BLUEPRINTS"	"Therma Jet Outfit"	"熱能飛行外觀"	"STRINGS.BLUEPRINTS.OUTFIT_JETSUIT_003.NAME"
"BLUEPRINTS"	"Garnet Jet Outfit"	"石榴飛行外觀"	"STRINGS.BLUEPRINTS.OUTFIT_JETSUIT_004.NAME"
"BLUEPRINTS"	"Atomic Jet Outfit"	"原子飛行外觀"	"STRINGS.BLUEPRINTS.OUTFIT_JETSUIT_005.NAME"
"BLUEPRINTS"	"Algae Jet Outfit"	"藻綠飛行外觀"	"STRINGS.BLUEPRINTS.OUTFIT_JETSUIT_006.NAME"
"BLUEPRINTS"	"Hatchstone Jet Outfit"	"哈奇石飛行外觀"	"STRINGS.BLUEPRINTS.OUTFIT_JETSUIT_007.NAME"
"BLUEPRINTS"	"Ultra Jet Outfit"	"終極飛行外觀"	"STRINGS.BLUEPRINTS.OUTFIT_JETSUIT_008.NAME"
"BLUEPRINTS"	"Jurassic Jammies Outfit"	"侏羅紀睡衣外觀"	"STRINGS.BLUEPRINTS.OUTFIT_PJ_DINO.NAME"
"BLUEPRINTS"	"Pangaea Jammies Outfit"	"盤古大陸睡衣外觀"	"STRINGS.BLUEPRINTS.OUTFIT_PJ_DINO2.NAME"
"BLUEPRINTS"	"Triassic Jammies Outfit"	"三疊紀睡衣外觀"	"STRINGS.BLUEPRINTS.OUTFIT_PJ_DINO3.NAME"
"BLUEPRINTS"	"Fieldwork Outfit"	"實地考察外觀"	"STRINGS.BLUEPRINTS.OUTFIT_ROMPER_TAN.NAME"
"BLUEPRINTS"	"Explorer Outfit"	"探險家外觀"	"STRINGS.BLUEPRINTS.OUTFIT_SCOUT.NAME"
"BLUEPRINTS"	"Sculpted Steel Outfit"	"雕刻鋼外觀"	"STRINGS.BLUEPRINTS.OUTFIT_SCULPTED_STEEL.NAME"
"BLUEPRINTS"	"Space Expo Outfit"	"太空博覽外觀"	"STRINGS.BLUEPRINTS.OUTFIT_SPACE_EXPO.NAME"
"BLUEPRINTS"	"Starched Blazer Outfit"	"漿洗西裝外觀"	"STRINGS.BLUEPRINTS.OUTFIT_STARCHED_BLAZER.NAME"
"BLUEPRINTS"	"Arbor Hugger Outfit"	"擁抱喬木外觀"	"STRINGS.BLUEPRINTS.OUTFIT_SUSPENDERS.NAME"
"BLUEPRINTS"	"Monochrome Flannel Outfit"	"單色法蘭絨外觀"	"STRINGS.BLUEPRINTS.OUTFIT_TOP_FLANNEL_BLACK.NAME"
"BLUEPRINTS"	"Scrub Flannel Outfit"	"磨砂法蘭絨外觀"	"STRINGS.BLUEPRINTS.OUTFIT_TOP_FLANNEL_BLUE_MIDDLE.NAME"
"BLUEPRINTS"	"Swampy Flannel Outfit"	"沼澤法蘭絨外觀"	"STRINGS.BLUEPRINTS.OUTFIT_TOP_FLANNEL_GREEN.NAME"
"BLUEPRINTS"	"Cadmium Flannel Outfit"	"銀灰法蘭絨外觀"	"STRINGS.BLUEPRINTS.OUTFIT_TOP_FLANNEL_ORANGE.NAME"
"BLUEPRINTS"	"Flare Flannel Outfit"	"火光法蘭絨外觀"	"STRINGS.BLUEPRINTS.OUTFIT_TOP_FLANNEL_PINK_ORCHID.NAME"
"BLUEPRINTS"	"Fusion Flannel Outfit"	"融合法蘭絨外觀"	"STRINGS.BLUEPRINTS.OUTFIT_TOP_FLANNEL_PURPLE.NAME"
"BLUEPRINTS"	"Classic Flannel Outfit"	"經典法蘭絨外觀"	"STRINGS.BLUEPRINTS.OUTFIT_TOP_FLANNEL_RED.NAME"
"BLUEPRINTS"	"White Flannel Outfit"	"純白法蘭絨外觀"	"STRINGS.BLUEPRINTS.OUTFIT_TOP_FLANNEL_WHITE.NAME"
"BLUEPRINTS"	"Flax Flannel Outfit"	"亞麻法蘭絨外觀"	"STRINGS.BLUEPRINTS.OUTFIT_TOP_FLANNEL_YELLOW.NAME"
"BLUEPRINTS"	"Slapshot Outfit"	"猛擊外觀"	"STRINGS.BLUEPRINTS.OUTFIT_TOP_HOCKEY_01.NAME"
"BLUEPRINTS"	"Blocker Outfit"	"阻擋者外觀"	"STRINGS.BLUEPRINTS.OUTFIT_TOP_HOCKEY_02.NAME"
"BLUEPRINTS"	"High-Stick Outfit"	"高棍外觀"	"STRINGS.BLUEPRINTS.OUTFIT_TOP_HOCKEY_03.NAME"
"BLUEPRINTS"	"Faceoff Outfit"	"開球外觀"	"STRINGS.BLUEPRINTS.OUTFIT_TOP_HOCKEY_04.NAME"
"BLUEPRINTS"	"MVP Outfit"	"MVP 外觀"	"STRINGS.BLUEPRINTS.OUTFIT_TOP_HOCKEY_05.NAME"
"BLUEPRINTS"	"Hat-Trick Outfit"	"三連外觀"	"STRINGS.BLUEPRINTS.OUTFIT_TOP_HOCKEY_07.NAME"
"BLUEPRINTS"	"Overtime Outfit"	"延長賽外觀"	"STRINGS.BLUEPRINTS.OUTFIT_TOP_HOCKEY_08.NAME"
"BLUEPRINTS"	"Penalty Box Outfit"	"受罰席外觀"	"STRINGS.BLUEPRINTS.OUTFIT_TOP_HOCKEY_09.NAME"
"BLUEPRINTS"	"Enforcer Outfit"	"執法者服裝"	"STRINGS.BLUEPRINTS.OUTFIT_TOP_HOCKEY_10.NAME"
"BLUEPRINTS"	"Hoser Outfit"	"失敗者外觀"	"STRINGS.BLUEPRINTS.OUTFIT_TOP_HOCKEY_11.NAME"
"BLUEPRINTS"	"Rookie Outfit"	"菜鳥外觀"	"STRINGS.BLUEPRINTS.OUTFIT_TOP_HOCKEY_12.NAME"
"BLUEPRINTS"	"Wader Outfit"	"跋涉者套装"	"STRINGS.BLUEPRINTS.OUTFIT_WADER.NAME"
"BLUEPRINTS"	"Tricolor Atmo Belt"	"三色太空腰帶"	"STRINGS.BLUEPRINTS.PERMIT_ATMO_BELT_3TONE_PURPLE.NAME"
"BLUEPRINTS"	"Fannypack Atmo Belt"	"腰包太空腰帶"	"STRINGS.BLUEPRINTS.PERMIT_ATMO_BELT_80S.NAME"
"BLUEPRINTS"	"Dartle Atmo Belt"	"逸蜥太空腰帶"	"STRINGS.BLUEPRINTS.PERMIT_ATMO_BELT_CHAMELEO.NAME"
"BLUEPRINTS"	"Bionic Atmo Belt"	"仿生太空腰帶"	"STRINGS.BLUEPRINTS.PERMIT_ATMO_BELT_CIRCUIT.NAME"
"BLUEPRINTS"	"Regal Neutronium Atmo Belt"	"帝王零號太空衣腰帶"	"STRINGS.BLUEPRINTS.PERMIT_ATMO_BELT_NEUTRONIUM.NAME"
"BLUEPRINTS"	"Jawbo Atmo Belt"	"顎魚太空腰帶"	"STRINGS.BLUEPRINTS.PERMIT_ATMO_BELT_PACULACANTH.NAME"
"BLUEPRINTS"	"Rhex Atmo Belt"	"霸王鸚太空腰帶"	"STRINGS.BLUEPRINTS.PERMIT_ATMO_BELT_RAPTOR.NAME"
"BLUEPRINTS"	"Lumb Atmo Belt"	"劍龍太空腰帶"	"STRINGS.BLUEPRINTS.PERMIT_ATMO_BELT_STEGO.NAME"
"BLUEPRINTS"	"Radical Atmo Gloves"	"激進太空手套"	"STRINGS.BLUEPRINTS.PERMIT_ATMO_GLOVES_80S.NAME"
"BLUEPRINTS"	"Bionic Atmo Gloves"	"仿生太空手套"	"STRINGS.BLUEPRINTS.PERMIT_ATMO_GLOVES_BIOCIRCUIT.NAME"
"BLUEPRINTS"	"Dartle Atmo Gloves"	"逸蜥太空手套"	"STRINGS.BLUEPRINTS.PERMIT_ATMO_GLOVES_CHAMELEO.NAME"
"BLUEPRINTS"	"Regal Neutronium Atmo Gloves"	"帝王零號太空手套"	"STRINGS.BLUEPRINTS.PERMIT_ATMO_GLOVES_NEUTRONIUM.NAME"
"BLUEPRINTS"	"Jawbo Atmo Gloves"	"顎魚太空手套"	"STRINGS.BLUEPRINTS.PERMIT_ATMO_GLOVES_PACULACANTH.NAME"
"BLUEPRINTS"	"Plum Atmo Gloves"	"梅子太空手套"	"STRINGS.BLUEPRINTS.PERMIT_ATMO_GLOVES_PLUM.NAME"
"BLUEPRINTS"	"Rhex Atmo Gloves"	"霸王鸚太空手套"	"STRINGS.BLUEPRINTS.PERMIT_ATMO_GLOVES_RAPTOR.NAME"
"BLUEPRINTS"	"Lumb Atmo Gloves"	"劍龍太空手套"	"STRINGS.BLUEPRINTS.PERMIT_ATMO_GLOVES_STEGO.NAME"
"BLUEPRINTS"	"Radical Atmo Helmet"	"激進太空頭盔"	"STRINGS.BLUEPRINTS.PERMIT_ATMO_HELMET_80S.NAME"
"BLUEPRINTS"	"Bionic Atmo Helmet"	"仿生太空頭盔"	"STRINGS.BLUEPRINTS.PERMIT_ATMO_HELMET_BIOCIRCUIT.NAME"
"BLUEPRINTS"	"Dartle Atmo Helmet"	"逸蜥太空頭盔"	"STRINGS.BLUEPRINTS.PERMIT_ATMO_HELMET_CHAMELEO.NAME"
"BLUEPRINTS"	"Deepset Atmo Helmet"	"深眼太空頭盔"	"STRINGS.BLUEPRINTS.PERMIT_ATMO_HELMET_GAUDYSWEATER_PURPLE.NAME"
"BLUEPRINTS"	"Regal Neutronium Atmo Helmet"	"帝王零號太空頭盔"	"STRINGS.BLUEPRINTS.PERMIT_ATMO_HELMET_NEUTRONIUM.NAME"
"BLUEPRINTS"	"Jawbo Atmo Helmet"	"顎魚太空頭盔"	"STRINGS.BLUEPRINTS.PERMIT_ATMO_HELMET_PACULACANTH.NAME"
"BLUEPRINTS"	"Rhex Atmo Helmet"	"霸王鸚太空頭盔"	"STRINGS.BLUEPRINTS.PERMIT_ATMO_HELMET_RAPTOR.NAME"
"BLUEPRINTS"	"Lumb Atmo Helmet"	"劍龍太空頭盔"	"STRINGS.BLUEPRINTS.PERMIT_ATMO_HELMET_STEGO.NAME"
"BLUEPRINTS"	"Radical Atmo Boots"	"激進太空靴"	"STRINGS.BLUEPRINTS.PERMIT_ATMO_SHOES_80S.NAME"
"BLUEPRINTS"	"Swampy Atmo Boots"	"泥濘太空靴"	"STRINGS.BLUEPRINTS.PERMIT_ATMO_SHOES_BASIC_GREEN.NAME"
"BLUEPRINTS"	"Bionic Atmo Boots"	"仿生太空靴"	"STRINGS.BLUEPRINTS.PERMIT_ATMO_SHOES_BIOCIRCUIT.NAME"
"BLUEPRINTS"	"Dartle Atmo Boots"	"逸蜥太空靴"	"STRINGS.BLUEPRINTS.PERMIT_ATMO_SHOES_CHAMELEO.NAME"
"BLUEPRINTS"	"Regal Atmo Boots"	"帝王零號太空靴"	"STRINGS.BLUEPRINTS.PERMIT_ATMO_SHOES_NEUTRONIUM.NAME"
"BLUEPRINTS"	"Jawbo Atmo Boots"	"顎魚太空靴"	"STRINGS.BLUEPRINTS.PERMIT_ATMO_SHOES_PACULACANTH.NAME"
"BLUEPRINTS"	"Rhex Atmo Boots"	"霸王鸚太空靴"	"STRINGS.BLUEPRINTS.PERMIT_ATMO_SHOES_RAPTOR.NAME"
"BLUEPRINTS"	"Lumb Atmo Boots"	"劍龍太空靴"	"STRINGS.BLUEPRINTS.PERMIT_ATMO_SHOES_STEGO.NAME"
"BLUEPRINTS"	"Radical Atmo Suit"	"激進太空衣"	"STRINGS.BLUEPRINTS.PERMIT_ATMOSUIT_80S.NAME"
"BLUEPRINTS"	"Crisp Cadmium Atmo Suit"	"鮮鎘太空外觀"	"STRINGS.BLUEPRINTS.PERMIT_ATMOSUIT_BASIC_ORANGE.NAME"
"BLUEPRINTS"	"Crisp Violet Atmo Suit"	"清爽紫羅蘭太空衣"	"STRINGS.BLUEPRINTS.PERMIT_ATMOSUIT_BASIC_PURPLE_WILDBERRY.NAME"
"BLUEPRINTS"	"Dartle Atmo Suit"	"逸蜥太空衣"	"STRINGS.BLUEPRINTS.PERMIT_ATMOSUIT_CHAMELEO.NAME"
"BLUEPRINTS"	"Regal Neutronium Atmo Suit"	"帝王零號太空衣"	"STRINGS.BLUEPRINTS.PERMIT_ATMOSUIT_NEUTRONIUM.NAME"
"BLUEPRINTS"	"Jawbo Atmo Suit"	"顎魚太空衣"	"STRINGS.BLUEPRINTS.PERMIT_ATMOSUIT_PACULACANTH.NAME"
"BLUEPRINTS"	"Rhex Atmo Suit"	"霸王鸚太空衣"	"STRINGS.BLUEPRINTS.PERMIT_ATMOSUIT_RAPTOR.NAME"
"BLUEPRINTS"	"Lumb Atmo Suit"	"劍龍太空衣"	"STRINGS.BLUEPRINTS.PERMIT_ATMOSUIT_STEGO.NAME"
"BLUEPRINTS"	"Poppable Lil' Predators"	"噗噗小掠食者"	"STRINGS.BLUEPRINTS.PERMIT_BALLOON_BABYRHEX_EGG.NAME"
"BLUEPRINTS"	"Bug-Eyed Blep"	"凸眼吐舌怪"	"STRINGS.BLUEPRINTS.PERMIT_BALLOON_BABYSTEGO_EGG.NAME"
"BLUEPRINTS"	"Quilt Cot"	"被子床"	"STRINGS.BLUEPRINTS.PERMIT_BED_COTTAGE.NAME"
"BLUEPRINTS"	"DIY Cot"	"DIY 床"	"STRINGS.BLUEPRINTS.PERMIT_BED_JORGE.NAME"
"BLUEPRINTS"	"Stone Cot"	"石頭床"	"STRINGS.BLUEPRINTS.PERMIT_BED_ROCK.NAME"
"BLUEPRINTS"	"Regal Neutronium Liquid Tepidizer"	"帝王零號液體加溫器"	"STRINGS.BLUEPRINTS.PERMIT_BOILER_NEUTRONIUM.NAME"
"BLUEPRINTS"	"Charcoal Skivvies"	"木炭內衣"	"STRINGS.BLUEPRINTS.PERMIT_BOTTOM_GOTCH_CHARCOAL_OBELUS.NAME"
"BLUEPRINTS"	"Electro Skivvies"	"電光內衣"	"STRINGS.BLUEPRINTS.PERMIT_BOTTOM_GOTCH_ELECTRO_SWEETLE.NAME"
"BLUEPRINTS"	"Flint Skivvies"	"燧石內衣"	"STRINGS.BLUEPRINTS.PERMIT_BOTTOM_GOTCH_FLINT_ASH.NAME"
"BLUEPRINTS"	"Cerebra Skivvies"	"思維內衣"	"STRINGS.BLUEPRINTS.PERMIT_BOTTOM_GOTCH_GRAPE_ALKALI.NAME"
"BLUEPRINTS"	"Muck Skivvies"	"爛泥內衣"	"STRINGS.BLUEPRINTS.PERMIT_BOTTOM_GOTCH_MUCK_EARWAX.NAME"
"BLUEPRINTS"	"Greenpeas Skivvies"	"青豆內衣"	"STRINGS.BLUEPRINTS.PERMIT_BOTTOM_GOTCH_PEAGREEN_GLITCH.NAME"
"BLUEPRINTS"	"Petal Skivvies"	"花瓣內衣"	"STRINGS.BLUEPRINTS.PERMIT_BOTTOM_GOTCH_PETAL_NEONPINK.NAME"
"BLUEPRINTS"	"Quantum Skivvies"	"量子內衣"	"STRINGS.BLUEPRINTS.PERMIT_BOTTOM_GOTCH_QUANTUM_RADGLO.NAME"
"BLUEPRINTS"	"Rusty Skivvies"	"鏽蝕內衣"	"STRINGS.BLUEPRINTS.PERMIT_BOTTOM_GOTCH_RUSTY_GRUBBY.NAME"
"BLUEPRINTS"	"Hi-Vis Skivvies"	"高能見內衣"	"STRINGS.BLUEPRINTS.PERMIT_BOTTOM_GOTCH_SATSUMA_RESIN.NAME"
"BLUEPRINTS"	"Symbio Skivvies"	"共生內衣"	"STRINGS.BLUEPRINTS.PERMIT_BOTTOM_GOTCH_SYMBIO_OAKMOLT.NAME"
"BLUEPRINTS"	"Wortseed Skivvies"	"冰種內衣"	"STRINGS.BLUEPRINTS.PERMIT_BOTTOM_GOTCH_WORTSEED_CHROMO.NAME"
"BLUEPRINTS"	"Regal Neutronium Uniform Pants"	"帝王零號制服褲"	"STRINGS.BLUEPRINTS.PERMIT_BOTTOM_REGAL_NEUTRONIUM.NAME"
"BLUEPRINTS"	"Regal Neutronium Carbon Skimmer"	"帝王零號除碳機"	"STRINGS.BLUEPRINTS.PERMIT_CO2SCRUBBER_NEUTRONIUM.NAME"
"BLUEPRINTS"	"Backcountry Grill"	"野外燒烤架"	"STRINGS.BLUEPRINTS.PERMIT_COOKINGSTATION_COTTAGE.NAME"
"BLUEPRINTS"	"Rustic Gas Range"	"淳樸烤箱"	"STRINGS.BLUEPRINTS.PERMIT_COOKINGSTATION_GOURMET_COTTAGE.NAME"
"BLUEPRINTS"	"Regal Neutronium Corner Trim"	"帝王零號邊角飾件"	"STRINGS.BLUEPRINTS.PERMIT_CORNER_TILE_NEUTRONIUM.NAME"
"BLUEPRINTS"	"Retro LED Crafting Table"	"復古 LED 工藝台"	"STRINGS.BLUEPRINTS.PERMIT_CRAFTINGSTATION_CYBERPUNK.NAME"
"BLUEPRINTS"	"Regal Neutronium Ceiling Trim"	"帝王零號天花板飾件"	"STRINGS.BLUEPRINTS.PERMIT_CROWN_MOULDING_NEUTRONIUM.NAME"
"BLUEPRINTS"	"Sculpted Steel Dress"	"雕刻鋼連身裙"	"STRINGS.BLUEPRINTS.PERMIT_DRESS_FUTURESPACE_BLUE.NAME"
"BLUEPRINTS"	"Regal Neutronium Electrolyzer"	"帝王零號電解器"	"STRINGS.BLUEPRINTS.PERMIT_ELECTROLYZER_NEUTRONIUM.NAME"
"BLUEPRINTS"	"Hatch Bed"	"哈奇床"	"STRINGS.BLUEPRINTS.PERMIT_ELEGANTBED_HATCH.NAME"
"BLUEPRINTS"	"Pipsqueak Bed"	"樹鼠寶寶床"	"STRINGS.BLUEPRINTS.PERMIT_ELEGANTBED_PIPSQUEAK.NAME"
"BLUEPRINTS"	"Storytime Lamp"	"古雅電燈"	"STRINGS.BLUEPRINTS.PERMIT_FLOORLAMP_COTTAGE.NAME"
"BLUEPRINTS"	"The Dangler"	"懸掛之魚"	"STRINGS.BLUEPRINTS.PERMIT_FOSSILSCULPTURE_IDLE_JAWBO.NAME"
"BLUEPRINTS"	"Roar O'Saurus"	"霸王咆哮"	"STRINGS.BLUEPRINTS.PERMIT_FOSSILSCULPTURE_IDLE_RHEX.NAME"
"BLUEPRINTS"	"Uncanny Carapace"	"詭奇甲殼"	"STRINGS.BLUEPRINTS.PERMIT_FOSSILSCULPTURE_IDLE_SHELLONOIDIS.NAME"
"BLUEPRINTS"	"Pointy Plates"	"尖板"	"STRINGS.BLUEPRINTS.PERMIT_FOSSILSCULPTURE_IDLE_STEGO.NAME"
"BLUEPRINTS"	"Regal Neutronium Refrigerator"	"帝王零號冰箱"	"STRINGS.BLUEPRINTS.PERMIT_FRIDGE_NEUTRONIUM.NAME"
"BLUEPRINTS"	"Dartle Gas Reservoir"	"逸蜥儲氣庫"	"STRINGS.BLUEPRINTS.PERMIT_GASSTORAGE_DARTLE.NAME"
"BLUEPRINTS"	"Lumb Gas Reservoir"	"劍龍儲氣庫"	"STRINGS.BLUEPRINTS.PERMIT_GASSTORAGE_LUMB.NAME"
"BLUEPRINTS"	"Sleek Manual Generator"	"流線型人力發電機"	"STRINGS.BLUEPRINTS.PERMIT_GENERATORMANUAL_A.NAME"
"BLUEPRINTS"	"Clunky Manual Generator"	"笨重人力發電機"	"STRINGS.BLUEPRINTS.PERMIT_GENERATORMANUAL_B.NAME"
"BLUEPRINTS"	"Retro LED Manual Generator"	"復古 LED 人力發電機"	"STRINGS.BLUEPRINTS.PERMIT_GENERATORMANUAL_CYBERPUNK.NAME"
"BLUEPRINTS"	"Regal Neutronium Manual Generator"	"帝王零號人力發電機"	"STRINGS.BLUEPRINTS.PERMIT_GENERATORMANUAL_NEUTRONIUM.NAME"
"BLUEPRINTS"	"Rustic Manual Generator"	"淳樸人力發電機"	"STRINGS.BLUEPRINTS.PERMIT_GENERATORMANUAL_ROCK.NAME"
"BLUEPRINTS"	"Regal Neutronium Coal Generator"	"帝王零號燃煤發電機"	"STRINGS.BLUEPRINTS.PERMIT_GENERATORPHOS_NEUTRONIUM.NAME"
"BLUEPRINTS"	"Basic Wheezy Gloves"	"基礎冰樹手套"	"STRINGS.BLUEPRINTS.PERMIT_GLOVES_BASIC_BLUE_WHEEZEWORT.NAME"
"BLUEPRINTS"	"Basic Frass Gloves"	"蟲屑基礎手套"	"STRINGS.BLUEPRINTS.PERMIT_GLOVES_BASIC_BROWN.NAME"
"BLUEPRINTS"	"Basic Grime Gloves"	"基礎汙漬手套"	"STRINGS.BLUEPRINTS.PERMIT_GLOVES_BASIC_GRIME.NAME"
"BLUEPRINTS"	"Geiger Glovelets"	"蓋格小手套"	"STRINGS.BLUEPRINTS.PERMIT_GLOVES_CUFFLESS_SHINY_ALGAE.NAME"
"BLUEPRINTS"	"Future Chic Gloves"	"未來別緻手套"	"STRINGS.BLUEPRINTS.PERMIT_GLOVES_FUTURESPACE_BLUE.NAME"
"BLUEPRINTS"	"Striped Charcoal Gloves"	"木炭條紋手套"	"STRINGS.BLUEPRINTS.PERMIT_GLOVES_GOTCH_CHARCOAL_OBELUS.NAME"
"BLUEPRINTS"	"Striped Electro Gloves"	"電光條紋手套"	"STRINGS.BLUEPRINTS.PERMIT_GLOVES_GOTCH_ELECTRO_SWEETLE.NAME"
"BLUEPRINTS"	"Striped Flint Gloves"	"燧石條紋手套"	"STRINGS.BLUEPRINTS.PERMIT_GLOVES_GOTCH_FLINT_ASH.NAME"
"BLUEPRINTS"	"Striped Cerebra Gloves"	"思維條紋手套"	"STRINGS.BLUEPRINTS.PERMIT_GLOVES_GOTCH_GRAPE_ALKALI.NAME"
"BLUEPRINTS"	"Striped Muck Gloves"	"爛泥條紋手套"	"STRINGS.BLUEPRINTS.PERMIT_GLOVES_GOTCH_MUCK_EARWAX.NAME"
"BLUEPRINTS"	"Striped Greenpeas Gloves"	"青豆條紋手套"	"STRINGS.BLUEPRINTS.PERMIT_GLOVES_GOTCH_PEAGREEN_GLITCH.NAME"
"BLUEPRINTS"	"Striped Petal Gloves"	"花瓣條紋手套"	"STRINGS.BLUEPRINTS.PERMIT_GLOVES_GOTCH_PETAL_NEONPINK.NAME"
"BLUEPRINTS"	"Striped Quantum Gloves"	"量子條紋手套"	"STRINGS.BLUEPRINTS.PERMIT_GLOVES_GOTCH_QUANTUM_RADGLO.NAME"
"BLUEPRINTS"	"Striped Rusty Gloves"	"鏽蝕條紋手套"	"STRINGS.BLUEPRINTS.PERMIT_GLOVES_GOTCH_RUSTY_GRUBBY.NAME"
"BLUEPRINTS"	"Striped Hi-Vis Gloves"	"高能見條紋手套"	"STRINGS.BLUEPRINTS.PERMIT_GLOVES_GOTCH_SATSUMA_RESIN.NAME"
"BLUEPRINTS"	"Striped Symbio Gloves"	"共生條紋手套"	"STRINGS.BLUEPRINTS.PERMIT_GLOVES_GOTCH_SYMBIO_OAKMOLT.NAME"
"BLUEPRINTS"	"Striped Wortseed Gloves"	"冰種條紋手套"	"STRINGS.BLUEPRINTS.PERMIT_GLOVES_GOTCH_WORTSEED_CHROMO.NAME"
"BLUEPRINTS"	"Slapshot Gloves"	"猛擊手套"	"STRINGS.BLUEPRINTS.PERMIT_GLOVES_HOCKEY_01.NAME"
"BLUEPRINTS"	"Blocker Gloves"	"阻擋者手套"	"STRINGS.BLUEPRINTS.PERMIT_GLOVES_HOCKEY_02.NAME"
"BLUEPRINTS"	"High-Stick Gloves"	"高舉手套"	"STRINGS.BLUEPRINTS.PERMIT_GLOVES_HOCKEY_03.NAME"
"BLUEPRINTS"	"Faceoff Gloves"	"對峙手套"	"STRINGS.BLUEPRINTS.PERMIT_GLOVES_HOCKEY_04.NAME"
"BLUEPRINTS"	"MVP Gloves"	"MVP 手套"	"STRINGS.BLUEPRINTS.PERMIT_GLOVES_HOCKEY_05.NAME"
"BLUEPRINTS"	"Hat-Trick Gloves"	"三連手套"	"STRINGS.BLUEPRINTS.PERMIT_GLOVES_HOCKEY_07.NAME"
"BLUEPRINTS"	"Overtime Gloves"	"延長賽手套"	"STRINGS.BLUEPRINTS.PERMIT_GLOVES_HOCKEY_08.NAME"
"BLUEPRINTS"	"Penalty Box Gloves"	"受罰席手套"	"STRINGS.BLUEPRINTS.PERMIT_GLOVES_HOCKEY_09.NAME"
"BLUEPRINTS"	"Enforcer Gloves"	"執法者手套"	"STRINGS.BLUEPRINTS.PERMIT_GLOVES_HOCKEY_10.NAME"
"BLUEPRINTS"	"Hoser Gloves"	"失敗者手套"	"STRINGS.BLUEPRINTS.PERMIT_GLOVES_HOCKEY_11.NAME"
"BLUEPRINTS"	"Rookie Gloves"	"菜鳥手套"	"STRINGS.BLUEPRINTS.PERMIT_GLOVES_HOCKEY_12.NAME"
"BLUEPRINTS"	"Steel Gloves"	"鋼色手套"	"STRINGS.BLUEPRINTS.PERMIT_GLOVES_METAL_GREY.NAME"
"BLUEPRINTS"	"Regal Golden Gloves"	"帝王黃金手套"	"STRINGS.BLUEPRINTS.PERMIT_GLOVES_NEUTRONIUM.NAME"
"BLUEPRINTS"	"Cadmium Jelly Gloves"	"鎘果凍手套"	"STRINGS.BLUEPRINTS.PERMIT_GLOVES_PUFFER_ORANGE.NAME"
"BLUEPRINTS"	"Brine Gloves"	"鹵水手套"	"STRINGS.BLUEPRINTS.PERMIT_GLOVES_SNAPJACKET_BRINE.NAME"
"BLUEPRINTS"	"Stellar Flight Gloves"	"恆星飛行手套"	"STRINGS.BLUEPRINTS.PERMIT_GLOVES_VSUIT_STELLAR.NAME"
"BLUEPRINTS"	"Frosty Printing Pod"	"寒霜列印元"	"STRINGS.BLUEPRINTS.PERMIT_HEADQUARTERS_CERES.NAME"
"BLUEPRINTS"	"Retro LED Printing Pod"	"復古 LED 列印元"	"STRINGS.BLUEPRINTS.PERMIT_HQBASE_CYBERPUNK.NAME"
"BLUEPRINTS"	"Forgotten Printing Pod"	"遺忘列印元"	"STRINGS.BLUEPRINTS.PERMIT_HQBASE_DINO.NAME"
"BLUEPRINTS"	"Regal Neutronium Printing Pod"	"帝王零號列印元"	"STRINGS.BLUEPRINTS.PERMIT_HQBASE_NEUTRONIUM.NAME"
"BLUEPRINTS"	"What A Hoot"	"哈哈大笑"	"STRINGS.BLUEPRINTS.PERMIT_ICESCULPTURE_AMAZING_IDLE_BAMMOTH.NAME"
"BLUEPRINTS"	"Sibling Dynamics"	"手足動態"	"STRINGS.BLUEPRINTS.PERMIT_ICESCULPTURE_AMAZING_IDLE_SEAL.NAME"
"BLUEPRINTS"	"Glam Guardian"	"華麗的守護者"	"STRINGS.BLUEPRINTS.PERMIT_ICESCULPTURE_AMAZING_IDLE_WOOD_DEER.NAME"
"BLUEPRINTS"	"Gloom Jet Gloves"	"幽暗噴射手套"	"STRINGS.BLUEPRINTS.PERMIT_JET_GLOVES_GLOOM.NAME"
"BLUEPRINTS"	"Regal Neutronium Jet Gloves"	"帝王零號飛行手套"	"STRINGS.BLUEPRINTS.PERMIT_JET_GLOVES_NEUTRONIUM.NAME"
"BLUEPRINTS"	"Obelus Jet Gloves"	"標記噴射手套"	"STRINGS.BLUEPRINTS.PERMIT_JET_GLOVES_OBELUS.NAME"
"BLUEPRINTS"	"Cadmium Jet Gloves"	"鎘噴射手套"	"STRINGS.BLUEPRINTS.PERMIT_JET_GLOVES_ORANGE.NAME"
"BLUEPRINTS"	"Atomic Jet Helmet"	"原子飛行頭盔"	"STRINGS.BLUEPRINTS.PERMIT_JET_HELMET_00_ATOMIC_GLOOM.NAME"
"BLUEPRINTS"	"Hornet Jet Helmet"	"黃蜂飛行頭盔"	"STRINGS.BLUEPRINTS.PERMIT_JET_HELMET_00_CHARCOAL_ORANGE.NAME"
"BLUEPRINTS"	"Hatchstone Jet Helmet"	"哈奇石飛行頭盔"	"STRINGS.BLUEPRINTS.PERMIT_JET_HELMET_00_HATCHSTONE_OBELUS.NAME"
"BLUEPRINTS"	"Algae Jet Helmet"	"藻綠飛行頭盔"	"STRINGS.BLUEPRINTS.PERMIT_JET_HELMET_00_KELLY_OBELUS.NAME"
"BLUEPRINTS"	"Therma Jet Helmet"	"熱能飛行頭盔"	"STRINGS.BLUEPRINTS.PERMIT_JET_HELMET_00_MAGENTA_OBELUS.NAME"
"BLUEPRINTS"	"Garnet Jet Helmet"	"石榴飛行頭盔"	"STRINGS.BLUEPRINTS.PERMIT_JET_HELMET_00_RED_OBELUS.NAME"
"BLUEPRINTS"	"Torpor Jet Helmet"	"遲鈍飛行頭盔"	"STRINGS.BLUEPRINTS.PERMIT_JET_HELMET_00_TORPOR_OBELUS.NAME"
"BLUEPRINTS"	"Ultra Jet Helmet"	"終極飛行頭盔"	"STRINGS.BLUEPRINTS.PERMIT_JET_HELMET_00_ULTRA_OBELUS.NAME"
"BLUEPRINTS"	"Regal Neutronium Jet Helmet"	"帝王零號飛行頭盔"	"STRINGS.BLUEPRINTS.PERMIT_JET_HELMET_NEUTRONIUM.NAME"
"BLUEPRINTS"	"Black Jet Boots"	"黑色飛行靴"	"STRINGS.BLUEPRINTS.PERMIT_JET_SHOES_BASIC_BLACK.NAME"
"BLUEPRINTS"	"White Jet Boots"	"白色飛行靴"	"STRINGS.BLUEPRINTS.PERMIT_JET_SHOES_BASIC_WHITE.NAME"
"BLUEPRINTS"	"Regal Neutronium Jet Boots"	"帝王零號飛行靴"	"STRINGS.BLUEPRINTS.PERMIT_JET_SHOES_NEUTRONIUM.NAME"
"BLUEPRINTS"	"Hatchstone Stealth Jet Suit"	"哈奇石隱形飛行衣"	"STRINGS.BLUEPRINTS.PERMIT_JETSUIT_BLACK_HATCHSTONE.NAME"
"BLUEPRINTS"	"Algae Stealth Jet Suit"	"藻綠隱形飛行衣"	"STRINGS.BLUEPRINTS.PERMIT_JETSUIT_BLACK_KELLY.NAME"
"BLUEPRINTS"	"Garnet Stealth Jet Suit"	"石榴隱形飛行衣"	"STRINGS.BLUEPRINTS.PERMIT_JETSUIT_BLACK_RED.NAME"
"BLUEPRINTS"	"Torpor Stealth Jet Suit"	"遲鈍隱形飛行衣"	"STRINGS.BLUEPRINTS.PERMIT_JETSUIT_BLACK_TORPOR.NAME"
"BLUEPRINTS"	"Ultra Stealth Jet Suit"	"終極隱形飛行衣"	"STRINGS.BLUEPRINTS.PERMIT_JETSUIT_BLACK_ULTRA.NAME"
"BLUEPRINTS"	"Regal Neutronium Jet Suit"	"帝王零號飛行衣"	"STRINGS.BLUEPRINTS.PERMIT_JETSUIT_NEUTRONIUM.NAME"
"BLUEPRINTS"	"Crisp Atomic Jet Suit"	"俐落原子飛行衣"	"STRINGS.BLUEPRINTS.PERMIT_JETSUIT_WHITE_ATOMIC.NAME"
"BLUEPRINTS"	"Crisp Charcoal Jet Suit"	"俐落木炭飛行衣"	"STRINGS.BLUEPRINTS.PERMIT_JETSUIT_WHITE_CHARCOAL.NAME"
"BLUEPRINTS"	"Crisp Therma Jet Suit"	"俐落熱能飛行衣"	"STRINGS.BLUEPRINTS.PERMIT_JETSUIT_WHITE_MAGENTA.NAME"
"BLUEPRINTS"	"Fieldwork Coveralls"	"實體考察工作服"	"STRINGS.BLUEPRINTS.PERMIT_JUMPSUIT_ROMPER_TAN_FRASS.NAME"
"BLUEPRINTS"	"Aerodynamic Flightsuit"	"空氣動力學飛行衣"	"STRINGS.BLUEPRINTS.PERMIT_JUMPSUIT_VSUIT_STELLAR.NAME"
"BLUEPRINTS"	"Regal Neutronium Thermo Aquatuner"	"帝王零號冷水機"	"STRINGS.BLUEPRINTS.PERMIT_LIQUIDCONDITIONER_NEUTRONIUM.NAME"
"BLUEPRINTS"	"Petal AND Gate"	"花瓣及閘"	"STRINGS.BLUEPRINTS.PERMIT_LOGIC_AND_FLAMINGO.NAME"
"BLUEPRINTS"	"Brightslug AND Gate"	"亮蛞蝓及閘"	"STRINGS.BLUEPRINTS.PERMIT_LOGIC_AND_LEMON.NAME"
"BLUEPRINTS"	"Cobalt AND Gate"	"鈷藍及閘"	"STRINGS.BLUEPRINTS.PERMIT_LOGIC_AND_LIGHTCOBALT.NAME"
"BLUEPRINTS"	"Mulch Automation Wire Bridge"	"覆土訊號線橋接器"	"STRINGS.BLUEPRINTS.PERMIT_LOGIC_BRIDGE_BOGEY.NAME"
"BLUEPRINTS"	"Petal Automation Wire Bridge"	"花瓣訊號線橋接器"	"STRINGS.BLUEPRINTS.PERMIT_LOGIC_BRIDGE_FLAMINGO.NAME"
"BLUEPRINTS"	"Brightslug Automation Wire Bridge"	"亮蛞蝓訊號線橋接器"	"STRINGS.BLUEPRINTS.PERMIT_LOGIC_BRIDGE_LEMON.NAME"
"BLUEPRINTS"	"Petal BUFFER Gate"	"花瓣緩衝閘"	"STRINGS.BLUEPRINTS.PERMIT_LOGIC_BUFFER_FLAMINGO.NAME"
"BLUEPRINTS"	"Brightslug BUFFER Gate"	"亮蛞蝓緩衝閘"	"STRINGS.BLUEPRINTS.PERMIT_LOGIC_BUFFER_LEMON.NAME"
"BLUEPRINTS"	"Cobalt BUFFER Gate"	"鈷藍緩衝閘"	"STRINGS.BLUEPRINTS.PERMIT_LOGIC_BUFFER_LIGHTCOBALT.NAME"
"BLUEPRINTS"	"Petal Signal Counter"	"花瓣訊號計數器"	"STRINGS.BLUEPRINTS.PERMIT_LOGIC_COUNTER_FLAMINGO.NAME"
"BLUEPRINTS"	"Brightslug Signal Counter"	"亮蛞蝓訊號計數器"	"STRINGS.BLUEPRINTS.PERMIT_LOGIC_COUNTER_LEMON.NAME"
"BLUEPRINTS"	"Cobalt Signal Counter"	"鈷藍訊號計數器"	"STRINGS.BLUEPRINTS.PERMIT_LOGIC_COUNTER_LIGHTCOBALT.NAME"
"BLUEPRINTS"	"Petal Signal Distributor"	"花瓣訊號分配器"	"STRINGS.BLUEPRINTS.PERMIT_LOGIC_DEMULTIPLEXER_FLAMINGO.NAME"
"BLUEPRINTS"	"Brightslug Signal Distributor"	"亮蛞蝓訊號分配器"	"STRINGS.BLUEPRINTS.PERMIT_LOGIC_DEMULTIPLEXER_LEMON.NAME"
"BLUEPRINTS"	"Cobalt Signal Distributor"	"鈷藍訊號分配器"	"STRINGS.BLUEPRINTS.PERMIT_LOGIC_DEMULTIPLEXER_LIGHTCOBALT.NAME"
"BLUEPRINTS"	"Petal FILTER Gate"	"花瓣過濾閘"	"STRINGS.BLUEPRINTS.PERMIT_LOGIC_FILTER_FLAMINGO.NAME"
"BLUEPRINTS"	"Brightslug FILTER Gate"	"亮蛞蝓過濾閘"	"STRINGS.BLUEPRINTS.PERMIT_LOGIC_FILTER_LEMON.NAME"
"BLUEPRINTS"	"Cobalt FILTER Gate"	"鈷藍過濾閘"	"STRINGS.BLUEPRINTS.PERMIT_LOGIC_FILTER_LIGHTCOBALT.NAME"
"BLUEPRINTS"	"Petal Memory Toggle"	"花瓣正反器"	"STRINGS.BLUEPRINTS.PERMIT_LOGIC_MEMORY_FLAMINGO.NAME"
"BLUEPRINTS"	"Brightslug Memory Toggle"	"亮蛞蝓正反器"	"STRINGS.BLUEPRINTS.PERMIT_LOGIC_MEMORY_LEMON.NAME"
"BLUEPRINTS"	"Cobalt Memory Toggle"	"鈷藍正反器"	"STRINGS.BLUEPRINTS.PERMIT_LOGIC_MEMORY_LIGHTCOBALT.NAME"
"BLUEPRINTS"	"Petal Signal Selector"	"花瓣訊號選擇器"	"STRINGS.BLUEPRINTS.PERMIT_LOGIC_MULTIPLEXER_FLAMINGO.NAME"
"BLUEPRINTS"	"Brightslug Signal Selector"	"亮蛞蝓訊號選擇器"	"STRINGS.BLUEPRINTS.PERMIT_LOGIC_MULTIPLEXER_LEMON.NAME"
"BLUEPRINTS"	"Cobalt Signal Selector"	"鈷藍訊號選擇器"	"STRINGS.BLUEPRINTS.PERMIT_LOGIC_MULTIPLEXER_LIGHTCOBALT.NAME"
"BLUEPRINTS"	"Petal NOT Gate"	"花瓣非閘"	"STRINGS.BLUEPRINTS.PERMIT_LOGIC_NOT_FLAMINGO.NAME"
"BLUEPRINTS"	"Brightslug NOT Gate"	"亮蛞蝓非閘"	"STRINGS.BLUEPRINTS.PERMIT_LOGIC_NOT_LEMON.NAME"
"BLUEPRINTS"	"Cobalt NOT Gate"	"鈷藍非閘"	"STRINGS.BLUEPRINTS.PERMIT_LOGIC_NOT_LIGHTCOBALT.NAME"
"BLUEPRINTS"	"Petal OR Gate"	"花瓣或閘"	"STRINGS.BLUEPRINTS.PERMIT_LOGIC_OR_FLAMINGO.NAME"
"BLUEPRINTS"	"Brightslug OR Gate"	"亮蛞蝓或閘"	"STRINGS.BLUEPRINTS.PERMIT_LOGIC_OR_LEMON.NAME"
"BLUEPRINTS"	"Cobalt OR Gate"	"鈷藍或閘"	"STRINGS.BLUEPRINTS.PERMIT_LOGIC_OR_LIGHTCOBALT.NAME"
"BLUEPRINTS"	"Mulch Automation Ribbon"	"覆土訊號排線"	"STRINGS.BLUEPRINTS.PERMIT_LOGIC_RIBBON_BOGEY.NAME"
"BLUEPRINTS"	"Mulch Automation Ribbon Bridge"	"覆土訊號排線橋接器"	"STRINGS.BLUEPRINTS.PERMIT_LOGIC_RIBBON_BRIDGE_BOGEY.NAME"
"BLUEPRINTS"	"Petal Automation Ribbon Bridge"	"花瓣訊號排線橋接器"	"STRINGS.BLUEPRINTS.PERMIT_LOGIC_RIBBON_BRIDGE_FLAMINGO.NAME"
"BLUEPRINTS"	"Brightslug Automation Ribbon Bridge"	"亮蛞蝓訊號排線橋接器"	"STRINGS.BLUEPRINTS.PERMIT_LOGIC_RIBBON_BRIDGE_LEMON.NAME"
"BLUEPRINTS"	"Petal Automation Ribbon"	"花瓣訊號排線"	"STRINGS.BLUEPRINTS.PERMIT_LOGIC_RIBBON_FLAMINGO.NAME"
"BLUEPRINTS"	"Brightslug Automation Ribbon"	"亮蛞蝓訊號排線"	"STRINGS.BLUEPRINTS.PERMIT_LOGIC_RIBBON_LEMON.NAME"
"BLUEPRINTS"	"Mulch Automation Wire"	"覆土訊號線"	"STRINGS.BLUEPRINTS.PERMIT_LOGIC_WIRES_BOGEY.NAME"
"BLUEPRINTS"	"Petal Automation Wire"	"花瓣訊號線"	"STRINGS.BLUEPRINTS.PERMIT_LOGIC_WIRES_FLAMINGO.NAME"
"BLUEPRINTS"	"Brightslug Automation Wire"	"亮蛞蝓訊號線"	"STRINGS.BLUEPRINTS.PERMIT_LOGIC_WIRES_LEMON.NAME"
"BLUEPRINTS"	"Petal XOR Gate"	"花瓣互斥或閘"	"STRINGS.BLUEPRINTS.PERMIT_LOGIC_XOR_FLAMINGO.NAME"
"BLUEPRINTS"	"Brightslug XOR Gate"	"亮蛞蝓互斥或閘"	"STRINGS.BLUEPRINTS.PERMIT_LOGIC_XOR_LEMON.NAME"
"BLUEPRINTS"	"Cobalt XOR Gate"	"鈷藍互斥或閘"	"STRINGS.BLUEPRINTS.PERMIT_LOGIC_XOR_LIGHTCOBALT.NAME"
"BLUEPRINTS"	"Foot Massage Table"	"足部按摩床"	"STRINGS.BLUEPRINTS.PERMIT_MASSEUR_PREHISTORIC.NAME"
"BLUEPRINTS"	"Regal Neutronium Metal Refinery"	"帝王零號冶煉廠"	"STRINGS.BLUEPRINTS.PERMIT_METALREFINERY_NEUTRONIUM.NAME"
"BLUEPRINTS"	"Lumb Plant Pulverizer"	"劍龍植物粉碎機"	"STRINGS.BLUEPRINTS.PERMIT_MILKPRESS_STEGO.NAME"
"BLUEPRINTS"	"Regal Neutronium Oxygen Diffuser"	"帝王零號氧氣擴散機"	"STRINGS.BLUEPRINTS.PERMIT_MINERALDEOXIDIZER_NEUTRONIUM.NAME"
"BLUEPRINTS"	"Smog Mittens"	"煙霧手套"	"STRINGS.BLUEPRINTS.PERMIT_MITTENS_KNIT_BLACK_SMOG.NAME"
"BLUEPRINTS"	"Azulene Mittens"	"藍烴手套"	"STRINGS.BLUEPRINTS.PERMIT_MITTENS_KNIT_BLUE_AZULENE.NAME"
"BLUEPRINTS"	"Enzyme Mittens"	"酵素手套"	"STRINGS.BLUEPRINTS.PERMIT_MITTENS_KNIT_GREEN_ENZYME.NAME"
"BLUEPRINTS"	"Tectonic Mittens"	"構造手套"	"STRINGS.BLUEPRINTS.PERMIT_MITTENS_KNIT_ORANGE_TECTONIC.NAME"
"BLUEPRINTS"	"Cosmic Mittens"	"宇宙手套"	"STRINGS.BLUEPRINTS.PERMIT_MITTENS_KNIT_PINK_COSMIC.NAME"
"BLUEPRINTS"	"Astral Mittens"	"星體手套"	"STRINGS.BLUEPRINTS.PERMIT_MITTENS_KNIT_PURPLE_ASTRAL.NAME"
"BLUEPRINTS"	"White Mittens"	"白色手套"	"STRINGS.BLUEPRINTS.PERMIT_MITTENS_KNIT_WHITE.NAME"
"BLUEPRINTS"	"Yellowcake Mittens"	"黃餅手套"	"STRINGS.BLUEPRINTS.PERMIT_MITTENS_KNIT_YELLOWCAKE.NAME"
"BLUEPRINTS"	"Balmy Bionic Base"	"溫和仿生底座"	"STRINGS.BLUEPRINTS.PERMIT_MONUMENT_BASE_A_BIONIC.NAME"
"BLUEPRINTS"	"Squash Stand"	"南瓜基座"	"STRINGS.BLUEPRINTS.PERMIT_MONUMENT_BASE_A_FROSTY.NAME"
"BLUEPRINTS"	"Mount Microchip"	"微晶片山"	"STRINGS.BLUEPRINTS.PERMIT_MONUMENT_BASE_B_BIONIC.NAME"
"BLUEPRINTS"	"Lumen Landing"	"輝亮著陸"	"STRINGS.BLUEPRINTS.PERMIT_MONUMENT_BASE_B_FROSTY.NAME"
"BLUEPRINTS"	"Gimme a Boost Base"	"幫我一把底座"	"STRINGS.BLUEPRINTS.PERMIT_MONUMENT_BASE_C_BIONIC.NAME"
"BLUEPRINTS"	"Patty Pose"	"金姿勢"	"STRINGS.BLUEPRINTS.PERMIT_MONUMENT_BASE_C_FROSTY.NAME"
"BLUEPRINTS"	"Tickled Trunk"	"搔癢身體"	"STRINGS.BLUEPRINTS.PERMIT_MONUMENT_MID_A_BIONIC.NAME"
"BLUEPRINTS"	"Berry Bounty Trunk"	"莓果賞金箱"	"STRINGS.BLUEPRINTS.PERMIT_MONUMENT_MID_A_FROSTY.NAME"
"BLUEPRINTS"	"Power Forward"	"超前部屬"	"STRINGS.BLUEPRINTS.PERMIT_MONUMENT_MID_B_BIONIC.NAME"
"BLUEPRINTS"	"Seal Snuggles"	"海豹依偎"	"STRINGS.BLUEPRINTS.PERMIT_MONUMENT_MID_B_FROSTY.NAME"
"BLUEPRINTS"	"Hogger Trunk"	"自私身體"	"STRINGS.BLUEPRINTS.PERMIT_MONUMENT_MID_C_BIONIC.NAME"
"BLUEPRINTS"	"Recoiling"	"後退"	"STRINGS.BLUEPRINTS.PERMIT_MONUMENT_MID_C_FROSTY.NAME"
"BLUEPRINTS"	"Steela Noggin"	"Steela 頭部"	"STRINGS.BLUEPRINTS.PERMIT_MONUMENT_UPPER_A_BIONIC.NAME"
"BLUEPRINTS"	"Freyja Noggin"	"Freyja 頭部"	"STRINGS.BLUEPRINTS.PERMIT_MONUMENT_UPPER_A_FROSTY.NAME"
"BLUEPRINTS"	"Rhex Noggin"	"霸王鸚頭部"	"STRINGS.BLUEPRINTS.PERMIT_MONUMENT_UPPER_A_PREHISTORIC.NAME"
"BLUEPRINTS"	"Edwiredo Noggin"	"Edwiredo 頭部"	"STRINGS.BLUEPRINTS.PERMIT_MONUMENT_UPPER_B_BIONIC.NAME"
"BLUEPRINTS"	"Pei Noggin"	"Pei 頭部"	"STRINGS.BLUEPRINTS.PERMIT_MONUMENT_UPPER_B_FROSTY.NAME"
"BLUEPRINTS"	"Higby Noggin"	"Higby 頭部"	"STRINGS.BLUEPRINTS.PERMIT_MONUMENT_UPPER_B_PREHISTORIC.NAME"
"BLUEPRINTS"	"Ulti Noggin"	"Ulti 頭部"	"STRINGS.BLUEPRINTS.PERMIT_MONUMENT_UPPER_C_BIONIC.NAME"
"BLUEPRINTS"	"Liam Noggin"	"Liam 頭部"	"STRINGS.BLUEPRINTS.PERMIT_MONUMENT_UPPER_C_FROSTY.NAME"
"BLUEPRINTS"	"Lady With a Bammini"	"帶著絨兔的女士"	"STRINGS.BLUEPRINTS.PERMIT_PAINTING_ART_CERES_A.NAME"
"BLUEPRINTS"	"Safari Selfie"	"野生自拍"	"STRINGS.BLUEPRINTS.PERMIT_PAINTING_ART_STEGO.NAME"
"BLUEPRINTS"	"Catch of the Day"	"每日好漁"	"STRINGS.BLUEPRINTS.PERMIT_PAINTING_TALL_ART_CERES_A.NAME"
"BLUEPRINTS"	"Babe the Blue Flox"	"藍狐鹿克斯寶貝"	"STRINGS.BLUEPRINTS.PERMIT_PAINTING_WIDE_ART_CERES_A.NAME"
"BLUEPRINTS"	"Hide and Seek"	"捉迷藏"	"STRINGS.BLUEPRINTS.PERMIT_PAINTING_WIDE_ART_RHEX.NAME"
"BLUEPRINTS"	"High-Waisted Wheezy Pants"	"高腰冰樹褲子"	"STRINGS.BLUEPRINTS.PERMIT_PANTS_EXTENDEDWAIST_BLUE_WHEEZEWORT.NAME"
"BLUEPRINTS"	"Tear-Away Pants"	"撕拉褲子"	"STRINGS.BLUEPRINTS.PERMIT_PANTS_SNAPJACKET_BRINE.NAME"
"BLUEPRINTS"	"Arbor Hugger Pants"	"擁抱喬木長褲"	"STRINGS.BLUEPRINTS.PERMIT_PANTS_SUSPENDERS_FRASS.NAME"
"BLUEPRINTS"	"Fishing Waders"	"釣魚涉水褲"	"STRINGS.BLUEPRINTS.PERMIT_PANTS_WADER_ALGAE.NAME"
"BLUEPRINTS"	"Arcade Pedestal"	"街機臺座"	"STRINGS.BLUEPRINTS.PERMIT_PEDESTAL_ARCADE.NAME"
"BLUEPRINTS"	"Power Bank Pedestal"	"行動電源臺座"	"STRINGS.BLUEPRINTS.PERMIT_PEDESTAL_BATTERY.NAME"
"BLUEPRINTS"	"Handcrafted Pedestal"	"手工臺座"	"STRINGS.BLUEPRINTS.PERMIT_PEDESTAL_COTTAGE.NAME"
"BLUEPRINTS"	"Regal Neutronium Pedestal"	"帝王零號臺座"	"STRINGS.BLUEPRINTS.PERMIT_PEDESTAL_NEUTRONIUM.NAME"
"BLUEPRINTS"	"Brass Pedestal"	"黃銅臺座"	"STRINGS.BLUEPRINTS.PERMIT_PEDESTAL_SCREW_BRASS.NAME"
"BLUEPRINTS"	"Chrome Pedestal"	"鍍鉻臺座"	"STRINGS.BLUEPRINTS.PERMIT_PEDESTAL_SCREW_CHROME.NAME"
"BLUEPRINTS"	"Bionic Jammies"	"仿生睡衣"	"STRINGS.BLUEPRINTS.PERMIT_PJ_BIOCIRCUIT_WILDBERRY.NAME"
"BLUEPRINTS"	"Jurassic Jammies"	"侏羅紀睡衣"	"STRINGS.BLUEPRINTS.PERMIT_PJ_DINO.NAME"
"BLUEPRINTS"	"Pangaea Jammies"	"盤古大陸睡衣"	"STRINGS.BLUEPRINTS.PERMIT_PJ_DINO2.NAME"
"BLUEPRINTS"	"Triassic Jammies"	"三疊紀睡衣"	"STRINGS.BLUEPRINTS.PERMIT_PJ_DINO3.NAME"
"BLUEPRINTS"	"Retro LED Mini-Pod"	"復古 LED 小型列印元"	"STRINGS.BLUEPRINTS.PERMIT_PORTA_POD_Y_CYBERPUNK.NAME"
"BLUEPRINTS"	"Forgotten Mini-Pod"	"被遺忘的小型列印元"	"STRINGS.BLUEPRINTS.PERMIT_PORTA_POD_Y_DINO.NAME"
"BLUEPRINTS"	"Frosty Mini-Pod"	"冰霜小型列印元"	"STRINGS.BLUEPRINTS.PERMIT_PORTA_POD_Y_ICE.NAME"
"BLUEPRINTS"	"Regal Neutronium Mini-Pod"	"帝王零號小型列印元"	"STRINGS.BLUEPRINTS.PERMIT_PORTA_POD_Y_NEUTRONIUM.NAME"
"BLUEPRINTS"	"Rustic Grooming Station"	"純樸畜牧站"	"STRINGS.BLUEPRINTS.PERMIT_RANCHERSTATION_COTTAGE.NAME"
"BLUEPRINTS"	"Overgrown Grooming Station"	"茂盛畜牧站"	"STRINGS.BLUEPRINTS.PERMIT_RANCHERSTATION_DINO.NAME"
"BLUEPRINTS"	"Regal Neutronium Grooming Station"	"帝王零號畜牧站"	"STRINGS.BLUEPRINTS.PERMIT_RANCHERSTATION_NEUTRONIUM.NAME"
"BLUEPRINTS"	"Retro LED Research Station"	"復古 LED 研究站"	"STRINGS.BLUEPRINTS.PERMIT_RESEARCH_CENTER_CYBERPUNK.NAME"
"BLUEPRINTS"	"Retro LED Super Computer"	"復古 LED 超級電腦"	"STRINGS.BLUEPRINTS.PERMIT_RESEARCH_CENTER2_CYBERPUNK.NAME"
"BLUEPRINTS"	"Regal Neutronium Skill Scrubber"	"帝王零號技能重置機"	"STRINGS.BLUEPRINTS.PERMIT_RESPECCER_NEUTRONIUM.NAME"
"BLUEPRINTS"	"Stoic Trophy"	"斯多葛獎盃"	"STRINGS.BLUEPRINTS.PERMIT_SCULPTURE_WOOD_AMAZING_ACTION_GULP.NAME"
"BLUEPRINTS"	"Chompionship Trophy"	"咬咬賽獎盃"	"STRINGS.BLUEPRINTS.PERMIT_SCULPTURE_WOOD_AMAZING_ACTION_PACU.NAME"
"BLUEPRINTS"	"Blank Slate"	"白板一塊"	"STRINGS.BLUEPRINTS.PERMIT_SCULPTURE_WOOD_AMAZING_ACTION_PUFT.NAME"
"BLUEPRINTS"	"Sly Stare"	"狡猾的凝視"	"STRINGS.BLUEPRINTS.PERMIT_SCULPTURE_WOOD_AMAZING_ACTION_WOOD_DEER.NAME"
"BLUEPRINTS"	"Pip Rump"	"樹鼠屁屁"	"STRINGS.BLUEPRINTS.PERMIT_SCULPTURE_WOOD_AMAZING_REAR_CUDDLEPIP.NAME"
"BLUEPRINTS"	"Drecko Rump"	"鱗蜥屁屁"	"STRINGS.BLUEPRINTS.PERMIT_SCULPTURE_WOOD_AMAZING_REAR_DRECKO.NAME"
"BLUEPRINTS"	"Puft Rump"	"帕夫屁屁"	"STRINGS.BLUEPRINTS.PERMIT_SCULPTURE_WOOD_AMAZING_REAR_PUFT.NAME"
"BLUEPRINTS"	"Vole Rump"	"田鼠屁屁"	"STRINGS.BLUEPRINTS.PERMIT_SCULPTURE_WOOD_AMAZING_REAR_SHOVEVOLE.NAME"
"BLUEPRINTS"	"Chipped Trunk"	"碎裂的樹幹"	"STRINGS.BLUEPRINTS.PERMIT_SCULPTURE_WOOD_CRAP_LOW_ONE.NAME"
"BLUEPRINTS"	"Wood Grain"	"木頭麥粒"	"STRINGS.BLUEPRINTS.PERMIT_SCULPTURE_WOOD_OKAY_MID_ONE.NAME"
"BLUEPRINTS"	"Basic Wheezy Shoes"	"基礎冰樹鞋子"	"STRINGS.BLUEPRINTS.PERMIT_SHOES_BASIC_BLUE_WHEEZY.NAME"
"BLUEPRINTS"	"Basic Frass Shoes"	"基礎蟲屑鞋"	"STRINGS.BLUEPRINTS.PERMIT_SHOES_BASIC_FRASS.NAME"
"BLUEPRINTS"	"Future Chic Booties"	"未來別緻短靴"	"STRINGS.BLUEPRINTS.PERMIT_SHOES_FUTURESPACE_BLUE.NAME"
"BLUEPRINTS"	"Regal Shoes"	"帝王鞋"	"STRINGS.BLUEPRINTS.PERMIT_SHOES_REGAL_NEUTRONIUM.NAME"
"BLUEPRINTS"	"Frass Leather Shoes"	"蟲屑皮鞋"	"STRINGS.BLUEPRINTS.PERMIT_SHOES_ROMPER_FRASS_TAN.NAME"
"BLUEPRINTS"	"Lace-Up Trekkers"	"繫帶徒步鞋"	"STRINGS.BLUEPRINTS.PERMIT_SHOES_SCOUT_BROWN.NAME"
"BLUEPRINTS"	"Stellar Flight Boots"	"恆星飛行靴子"	"STRINGS.BLUEPRINTS.PERMIT_SHOES_VSUIT_STELLAR.NAME"
"BLUEPRINTS"	"Scout Shorts"	"偵察短褲"	"STRINGS.BLUEPRINTS.PERMIT_SHORTS_SCOUT_BROWN.NAME"
"BLUEPRINTS"	"Smart-Looking Smart Storage"	"外觀聰明的智慧儲存箱"	"STRINGS.BLUEPRINTS.PERMIT_SMARTSTORAGELOCKER_GRAVITAS.NAME"
"BLUEPRINTS"	"Striped Charcoal Socks"	"木炭條紋襪"	"STRINGS.BLUEPRINTS.PERMIT_SOCKS_GOTCH_CHARCOAL_OBELUS.NAME"
"BLUEPRINTS"	"Striped Electro Socks"	"電流條紋襪"	"STRINGS.BLUEPRINTS.PERMIT_SOCKS_GOTCH_ELECTRO_SWEETLE.NAME"
"BLUEPRINTS"	"Striped Flint Socks"	"燧石條紋襪"	"STRINGS.BLUEPRINTS.PERMIT_SOCKS_GOTCH_FLINT_ASH.NAME"
"BLUEPRINTS"	"Striped Cerebra Socks"	"思維條紋襪"	"STRINGS.BLUEPRINTS.PERMIT_SOCKS_GOTCH_GRAPE_ALKALI.NAME"
"BLUEPRINTS"	"Striped Muck Socks"	"爛泥條紋襪"	"STRINGS.BLUEPRINTS.PERMIT_SOCKS_GOTCH_MUCK_EARWAX.NAME"
"BLUEPRINTS"	"Striped Greenpeas Socks"	"青豆條紋襪"	"STRINGS.BLUEPRINTS.PERMIT_SOCKS_GOTCH_PEAGREEN_GLITCH.NAME"
"BLUEPRINTS"	"Striped Petal Socks"	"花瓣條紋襪"	"STRINGS.BLUEPRINTS.PERMIT_SOCKS_GOTCH_PETAL_NEONPINK.NAME"
"BLUEPRINTS"	"Striped Quantum Socks"	"量子條紋襪"	"STRINGS.BLUEPRINTS.PERMIT_SOCKS_GOTCH_QUANTUM_RADGLO.NAME"
"BLUEPRINTS"	"Striped Rusty Socks"	"鐵鏽條紋襪"	"STRINGS.BLUEPRINTS.PERMIT_SOCKS_GOTCH_RUSTY_GRUBBY.NAME"
"BLUEPRINTS"	"Striped Hi-Vis Socks"	"高能見條紋襪"	"STRINGS.BLUEPRINTS.PERMIT_SOCKS_GOTCH_SATSUMA_RESIN.NAME"
"BLUEPRINTS"	"Striped Symbio Socks"	"共生條紋襪"	"STRINGS.BLUEPRINTS.PERMIT_SOCKS_GOTCH_SYMBIO_OAKMOLT.NAME"
"BLUEPRINTS"	"Striped Wortseed Socks"	"冰種條紋襪"	"STRINGS.BLUEPRINTS.PERMIT_SOCKS_GOTCH_WORTSEED_CHROMO.NAME"
"BLUEPRINTS"	"Almost-Black Pants"	"近黑長褲"	"STRINGS.BLUEPRINTS.PERMIT_STANDARD_BIONIC_BOTTOM.NAME"
"BLUEPRINTS"	"Bionic Gloves"	"仿生手套"	"STRINGS.BLUEPRINTS.PERMIT_STANDARD_BIONIC_GLOVES.NAME"
"BLUEPRINTS"	"Standard Bionic Uniform"	"標準仿生制服"	"STRINGS.BLUEPRINTS.PERMIT_STANDARD_BIONIC_OUTFIT.NAME"
"BLUEPRINTS"	"Bionic Shoes"	"仿生鞋"	"STRINGS.BLUEPRINTS.PERMIT_STANDARD_BIONIC_SHOES.NAME"
"BLUEPRINTS"	"Bionic Uniform Shirt"	"仿生制服襯衫"	"STRINGS.BLUEPRINTS.PERMIT_STANDARD_BIONIC_TOP.NAME"
"BLUEPRINTS"	"Regal Neutronium Uniform"	"帝王零號制服"	"STRINGS.BLUEPRINTS.PERMIT_STANDARD_REGAL_NEUTRONIUM_OUTFIT.NAME"
"BLUEPRINTS"	"Regal Neutronium Steam Turbine"	"帝王零號蒸汽渦輪機"	"STRINGS.BLUEPRINTS.PERMIT_STEAMTURBINE2_NEUTRONIUM.NAME"
"BLUEPRINTS"	"Regal Neutronium Storage Bin"	"帝王零號儲存箱"	"STRINGS.BLUEPRINTS.PERMIT_STORAGELOCKER_NEUTRONIUM.NAME"
"BLUEPRINTS"	"Monochrome Flannel Shirt"	"黑白法蘭絨襯衫"	"STRINGS.BLUEPRINTS.PERMIT_TOP_FLANNEL_BLACK.NAME"
"BLUEPRINTS"	"Scrub Flannel Shirt"	"磨砂法蘭絨襯衫"	"STRINGS.BLUEPRINTS.PERMIT_TOP_FLANNEL_BLUE_MIDDLE.NAME"
"BLUEPRINTS"	"Swampy Flannel Shirt"	"沼澤法蘭絨襯衫"	"STRINGS.BLUEPRINTS.PERMIT_TOP_FLANNEL_GREEN.NAME"
"BLUEPRINTS"	"Cadmium Flannel Shirt"	"銀灰法蘭絨襯衫"	"STRINGS.BLUEPRINTS.PERMIT_TOP_FLANNEL_ORANGE.NAME"
"BLUEPRINTS"	"Flare Flannel Shirt"	"火光法蘭絨襯衫"	"STRINGS.BLUEPRINTS.PERMIT_TOP_FLANNEL_PINK_ORCHID.NAME"
"BLUEPRINTS"	"Fusion Flannel Shirt"	"融合法蘭絨襯衫"	"STRINGS.BLUEPRINTS.PERMIT_TOP_FLANNEL_PURPLE.NAME"
"BLUEPRINTS"	"Classic Flannel Shirt"	"經典法蘭絨襯衫"	"STRINGS.BLUEPRINTS.PERMIT_TOP_FLANNEL_RED.NAME"
"BLUEPRINTS"	"White Flannel Shirt"	"純白法蘭絨襯衫"	"STRINGS.BLUEPRINTS.PERMIT_TOP_FLANNEL_WHITE.NAME"
"BLUEPRINTS"	"Flax Flannel Shirt"	"亞麻法蘭絨襯衫"	"STRINGS.BLUEPRINTS.PERMIT_TOP_FLANNEL_YELLOW.NAME"
"BLUEPRINTS"	"Ash Base Layer"	"灰燼打底衣"	"STRINGS.BLUEPRINTS.PERMIT_TOP_GOTCH_ASH_CHARCOAL.NAME"
"BLUEPRINTS"	"Basin Base Layer"	"洗盆打底衣"	"STRINGS.BLUEPRINTS.PERMIT_TOP_GOTCH_BASIN_WORTSEED.NAME"
"BLUEPRINTS"	"Canker Base Layer"	"潰瘍打底衣"	"STRINGS.BLUEPRINTS.PERMIT_TOP_GOTCH_CANKER_SATSUMA.NAME"
"BLUEPRINTS"	"Dusk Base Layer"	"夜幕打底衣"	"STRINGS.BLUEPRINTS.PERMIT_TOP_GOTCH_DUSKY_GRAPE.NAME"
"BLUEPRINTS"	"Ennui Base Layer"	"倦怠打底衣"	"STRINGS.BLUEPRINTS.PERMIT_TOP_GOTCH_ENNUI_FLINT.NAME"
"BLUEPRINTS"	"Flatus Base Layer"	"脹氣打底衣"	"STRINGS.BLUEPRINTS.PERMIT_TOP_GOTCH_FLATUS_MUCK.NAME"
"BLUEPRINTS"	"Gluon Base Layer"	"膠子打底衣"	"STRINGS.BLUEPRINTS.PERMIT_TOP_GOTCH_GLUON_PETAL.NAME"
"BLUEPRINTS"	"Mush Base Layer"	"淤泥打底衣"	"STRINGS.BLUEPRINTS.PERMIT_TOP_GOTCH_MUSH_PEAGREEN.NAME"
"BLUEPRINTS"	"Nuked Base Layer"	"核能打底衣"	"STRINGS.BLUEPRINTS.PERMIT_TOP_GOTCH_NUKED_QUANTUM.NAME"
"BLUEPRINTS"	"Puce Base Layer"	"帕庫打底衣"	"STRINGS.BLUEPRINTS.PERMIT_TOP_GOTCH_PUCE_RUSTY.NAME"
"BLUEPRINTS"	"Rivet Base Layer"	"鉚釘打底衣"	"STRINGS.BLUEPRINTS.PERMIT_TOP_GOTCH_RIVET_ELECTRO.NAME"
"BLUEPRINTS"	"Vitro Base Layer"	"離體打底衣"	"STRINGS.BLUEPRINTS.PERMIT_TOP_GOTCH_VITRO_SYMBIO.NAME"
"BLUEPRINTS"	"Slapshot Jersey"	"猛擊球衣"	"STRINGS.BLUEPRINTS.PERMIT_TOP_JERSEY_01.NAME"
"BLUEPRINTS"	"Blocker Jersey"	"阻擋者球衣"	"STRINGS.BLUEPRINTS.PERMIT_TOP_JERSEY_02.NAME"
"BLUEPRINTS"	"High-Stick Jersey"	"高擊球衣"	"STRINGS.BLUEPRINTS.PERMIT_TOP_JERSEY_03.NAME"
"BLUEPRINTS"	"Faceoff Jersey"	"對峙球衣"	"STRINGS.BLUEPRINTS.PERMIT_TOP_JERSEY_04.NAME"
"BLUEPRINTS"	"MVP Jersey"	"MVP 球衣"	"STRINGS.BLUEPRINTS.PERMIT_TOP_JERSEY_05.NAME"
"BLUEPRINTS"	"Hat-Trick Jersey"	"三連球衣"	"STRINGS.BLUEPRINTS.PERMIT_TOP_JERSEY_07.NAME"
"BLUEPRINTS"	"Overtime Jersey"	"延長賽球衣"	"STRINGS.BLUEPRINTS.PERMIT_TOP_JERSEY_08.NAME"
"BLUEPRINTS"	"Penalty Box Jersey"	"受罰席球衣"	"STRINGS.BLUEPRINTS.PERMIT_TOP_JERSEY_09.NAME"
"BLUEPRINTS"	"Enforcer Jersey"	"執法者球衣"	"STRINGS.BLUEPRINTS.PERMIT_TOP_JERSEY_10.NAME"
"BLUEPRINTS"	"Hoser Jersey"	"失敗者球衣"	"STRINGS.BLUEPRINTS.PERMIT_TOP_JERSEY_11.NAME"
"BLUEPRINTS"	"Rookie Jersey"	"菜鳥球衣"	"STRINGS.BLUEPRINTS.PERMIT_TOP_JERSEY_12.NAME"
"BLUEPRINTS"	"All-Metal Jacket"	"全金屬外套"	"STRINGS.BLUEPRINTS.PERMIT_TOP_METAL_GREY.NAME"
"BLUEPRINTS"	"Regal Neutronium Uniform Shirt"	"帝王零號制服上衣"	"STRINGS.BLUEPRINTS.PERMIT_TOP_REGAL_NEUTRONIUM.NAME"
"BLUEPRINTS"	"Explorer Shirt"	"探險家襯衫"	"STRINGS.BLUEPRINTS.PERMIT_TOP_SCOUT_WHITE.NAME"
"BLUEPRINTS"	"Starched Blazer"	"漿洗西裝外套"	"STRINGS.BLUEPRINTS.PERMIT_TOP_SNAPJACKET_BRINE.NAME"
"BLUEPRINTS"	"Space Expo Shirt"	"太空博覽會襯衫"	"STRINGS.BLUEPRINTS.PERMIT_TOP_SPACETOP_WHITE.NAME"
"BLUEPRINTS"	"Arbor Hugger Sweater"	"擁抱喬木毛衣"	"STRINGS.BLUEPRINTS.PERMIT_TOP_SWEATER_RIBBED_RUST.NAME"
"BLUEPRINTS"	"Woolly Fishing Sweater"	"羊毛釣魚毛衣"	"STRINGS.BLUEPRINTS.PERMIT_TOP_SWEATER_WADER_LTBLUE.NAME"
"BLUEPRINTS"	"Cadmium Vest"	"鎘背心"	"STRINGS.BLUEPRINTS.PERMIT_TOP_VEST_PUFFER_ORANGE.NAME"
"BLUEPRINTS"	"Bubblegum Conductive Wire"	"泡泡糖導線"	"STRINGS.BLUEPRINTS.PERMIT_UTILITIES_ELECTRIC_CONDUCT_DIAMOND_ORCHID.NAME"
"BLUEPRINTS"	"Gamma Conductive Wire"	"伽瑪導線"	"STRINGS.BLUEPRINTS.PERMIT_UTILITIES_ELECTRIC_CONDUCT_NET_PINK.NAME"
"BLUEPRINTS"	"Leach Conductive Wire"	"溶蝕導線"	"STRINGS.BLUEPRINTS.PERMIT_UTILITIES_ELECTRIC_CONDUCT_SCALE_LIME.NAME"
"BLUEPRINTS"	"Bubblegum Conductive Wire Bridge"	"泡泡糖電線橋接器"	"STRINGS.BLUEPRINTS.PERMIT_UTILITYELECTRICBRIDGECONDUCTIVE_DIAMOND_ORCHID.NAME"
"BLUEPRINTS"	"Gamma Conductive Wire Bridge"	"伽瑪電線橋接器"	"STRINGS.BLUEPRINTS.PERMIT_UTILITYELECTRICBRIDGECONDUCTIVE_NET_PINK.NAME"
"BLUEPRINTS"	"Leach Conductive Wire Bridge"	"溶蝕電線橋接器"	"STRINGS.BLUEPRINTS.PERMIT_UTILITYELECTRICBRIDGECONDUCTIVE_SCALE_LIME.NAME"
"BLUEPRINTS"	"Arcade"	"拱廊"	"STRINGS.BLUEPRINTS.PERMIT_WALLS_ARCADE.NAME"
"BLUEPRINTS"	"Pixel Dartle"	"像素逸蜥"	"STRINGS.BLUEPRINTS.PERMIT_WALLS_CHAMELEO.NAME"
"BLUEPRINTS"	"Quantum Circuit"	"量子電路"	"STRINGS.BLUEPRINTS.PERMIT_WALLS_CIRCUIT_BOGEY.NAME"
"BLUEPRINTS"	"Mech Circuit"	"機械電路"	"STRINGS.BLUEPRINTS.PERMIT_WALLS_CIRCUIT_LIGHTCOBALT.NAME"
"BLUEPRINTS"	"Phage Circuit"	"噬菌體電路"	"STRINGS.BLUEPRINTS.PERMIT_WALLS_CIRCUIT_PUNK.NAME"
"BLUEPRINTS"	"Forest"	"森林"	"STRINGS.BLUEPRINTS.PERMIT_WALLS_FOREST.NAME"
"BLUEPRINTS"	"Dartle Carving"	"逸蜥雕刻"	"STRINGS.BLUEPRINTS.PERMIT_WALLS_FOSSIL_CHAMELEO.NAME"
"BLUEPRINTS"	"Jawbo Carving"	"顎魚雕刻"	"STRINGS.BLUEPRINTS.PERMIT_WALLS_FOSSIL_PACULACANTH.NAME"
"BLUEPRINTS"	"Rhex Carving"	"霸王鸚雕刻"	"STRINGS.BLUEPRINTS.PERMIT_WALLS_FOSSIL_RAPTOR.NAME"
"BLUEPRINTS"	"Lumb Carving"	"劍龍雕刻"	"STRINGS.BLUEPRINTS.PERMIT_WALLS_FOSSIL_STEGO.NAME"
"BLUEPRINTS"	"Ice Panel"	"冰面板"	"STRINGS.BLUEPRINTS.PERMIT_WALLS_IGLOO.NAME"
"BLUEPRINTS"	"Pixel Jawbo"	"像素顎魚"	"STRINGS.BLUEPRINTS.PERMIT_WALLS_PACULACANTH.NAME"
"BLUEPRINTS"	"Pixel Rhex"	"像素霸王鸚"	"STRINGS.BLUEPRINTS.PERMIT_WALLS_RAPTOR.NAME"
"BLUEPRINTS"	"Shadowy Figures"	"朦朧身影"	"STRINGS.BLUEPRINTS.PERMIT_WALLS_SILHOUETTE_PREHISTORICCRITTERS.NAME"
"BLUEPRINTS"	"Southwest"	"西南"	"STRINGS.BLUEPRINTS.PERMIT_WALLS_SOUTHWEST.NAME"
"BLUEPRINTS"	"Pixel Lumb"	"像素劍龍"	"STRINGS.BLUEPRINTS.PERMIT_WALLS_STEGO.NAME"
"BLUEPRINTS"	"Regal Neutronium Tuft"	"帝王零號嵌飾"	"STRINGS.BLUEPRINTS.PERMIT_WALLS_STRIPES_NEUTRONIUM.NAME"
"BLUEPRINTS"	"Charcoal Corner"	"木炭凹角"	"STRINGS.BLUEPRINTS.PERMIT_WALLS_TRIANGLE_CHARCOAL_WHITE.NAME"
"BLUEPRINTS"	"Chili Corner"	"辣椒凹角"	"STRINGS.BLUEPRINTS.PERMIT_WALLS_TRIANGLE_CHILLI_WHITE.NAME"
"BLUEPRINTS"	"Cobalt Corner"	"鈷藍凹角"	"STRINGS.BLUEPRINTS.PERMIT_WALLS_TRIANGLE_COBALT_WHITE.NAME"
"BLUEPRINTS"	"Petal Corner"	"花瓣凹角"	"STRINGS.BLUEPRINTS.PERMIT_WALLS_TRIANGLE_FLAMINGO_WHITE.NAME"
"BLUEPRINTS"	"Algae Corner"	"藻類凹角"	"STRINGS.BLUEPRINTS.PERMIT_WALLS_TRIANGLE_KELLY_WHITE.NAME"
"BLUEPRINTS"	"Brightslug Corner"	"亮蛞蝓凹角"	"STRINGS.BLUEPRINTS.PERMIT_WALLS_TRIANGLE_LEMON_WHITE.NAME"
"BLUEPRINTS"	"Hi-Vis Corner"	"高能見凹角"	"STRINGS.BLUEPRINTS.PERMIT_WALLS_TRIANGLE_SATSUMA_WHITE.NAME"
"BLUEPRINTS"	"Charcoal Point"	"木炭凸尖"	"STRINGS.BLUEPRINTS.PERMIT_WALLS_TRIANGLE_WHITE_CHARCOAL.NAME"
"BLUEPRINTS"	"Chili Point"	"辣椒凸尖"	"STRINGS.BLUEPRINTS.PERMIT_WALLS_TRIANGLE_WHITE_CHILLI.NAME"
"BLUEPRINTS"	"Cobalt Point"	"鈷藍凸尖"	"STRINGS.BLUEPRINTS.PERMIT_WALLS_TRIANGLE_WHITE_COBALT.NAME"
"BLUEPRINTS"	"Petal Point"	"花瓣凸尖"	"STRINGS.BLUEPRINTS.PERMIT_WALLS_TRIANGLE_WHITE_FLAMINGO.NAME"
"BLUEPRINTS"	"Algae Point"	"藻類凸尖"	"STRINGS.BLUEPRINTS.PERMIT_WALLS_TRIANGLE_WHITE_KELLY.NAME"
"BLUEPRINTS"	"Brightslug Point"	"亮蛞蝓凸尖"	"STRINGS.BLUEPRINTS.PERMIT_WALLS_TRIANGLE_WHITE_LEMON.NAME"
"BLUEPRINTS"	"Hi-Vis Point"	"高能見凸尖"	"STRINGS.BLUEPRINTS.PERMIT_WALLS_TRIANGLE_WHITE_SATSUMA.NAME"
"BLUEPRINTS"	"Wood Panel"	"木面板"	"STRINGS.BLUEPRINTS.PERMIT_WALLS_WOOD_PANEL.NAME"
"BLUEPRINTS"	"Charcoal X"	"木炭 X 形"	"STRINGS.BLUEPRINTS.PERMIT_WALLS_X_CHARCOAL_WHITE.NAME"
"BLUEPRINTS"	"Chili X"	"辣椒 X 形"	"STRINGS.BLUEPRINTS.PERMIT_WALLS_X_CHILLI_WHITE.NAME"
"BLUEPRINTS"	"Cobalt X"	"鈷藍 X 形"	"STRINGS.BLUEPRINTS.PERMIT_WALLS_X_COBALT_WHITE.NAME"
"BLUEPRINTS"	"Petal X"	"花瓣 X 形"	"STRINGS.BLUEPRINTS.PERMIT_WALLS_X_FLAMINGO_WHITE.NAME"
"BLUEPRINTS"	"Algae X"	"藻類 X 形"	"STRINGS.BLUEPRINTS.PERMIT_WALLS_X_KELLY_WHITE.NAME"
"BLUEPRINTS"	"Brightslug X"	"亮蛞蝓 X 形"	"STRINGS.BLUEPRINTS.PERMIT_WALLS_X_LEMON_WHITE.NAME"
"BLUEPRINTS"	"Hi-Vis X"	"高能見 X 形"	"STRINGS.BLUEPRINTS.PERMIT_WALLS_X_SATSUMA_WHITE.NAME"
"BLUEPRINTS"	"Regal Neutronium Water Pump"	"帝王零號水幫浦"	"STRINGS.BLUEPRINTS.PERMIT_WATERPUMP_NEUTRONIUM.NAME"
"BLUEPRINTS"	"Regal Neutronium Water Sieve"	"帝王零號淨水器"	"STRINGS.BLUEPRINTS.PERMIT_WATERPURIFIER_NEUTRONIUM.NAME"
"BUILDING.STATUSITEMS"	"Access Restrictions"	"訪問限制"	"STRINGS.BUILDING.STATUSITEMS.ACCESS_CONTROL.ACTIVE.NAME"
"BUILDING.STATUSITEMS"	"Access Control Offline"	"訪問控制離線"	"STRINGS.BUILDING.STATUSITEMS.ACCESS_CONTROL.OFFLINE.NAME"
"BUILDING.STATUSITEMS"	"Damage: Duplicant Tantrum"	"受損：複製人發脾氣"	"STRINGS.BUILDING.STATUSITEMS.ANGERDAMAGE.NAME"
"BUILDING.STATUSITEMS"	"Assigned to: Public"	"分配給：公用"	"STRINGS.BUILDING.STATUSITEMS.ASSIGNEDPUBLIC.NAME"
"BUILDING.STATUSITEMS"	"Assigned to: {Assignee}"	"已分配給：{Assignee}"	"STRINGS.BUILDING.STATUSITEMS.ASSIGNEDTO.NAME"
"BUILDING.STATUSITEMS"	"Assigned to: {0}"	"分配給：{0}"	"STRINGS.BUILDING.STATUSITEMS.ASSIGNEDTOROOM.NAME"
"BUILDING.STATUSITEMS"	"Autopilot Engaged"	"自動駕駛已啟動"	"STRINGS.BUILDING.STATUSITEMS.AUTOPILOTACTIVE.NAME"
"BUILDING.STATUSITEMS"	"Incomplete Artwork"	"未完成的藝術作品"	"STRINGS.BUILDING.STATUSITEMS.AWAITINGARTING.NAME"
"BUILDING.STATUSITEMS"	"Awaiting Bait"	"等待誘餌"	"STRINGS.BUILDING.STATUSITEMS.AWAITINGBAITDELIVERY.NAME"
"BUILDING.STATUSITEMS"	"Requires Flipping"	"需要翻動"	"STRINGS.BUILDING.STATUSITEMS.AWAITINGCOMPOSTFLIP.NAME"
"BUILDING.STATUSITEMS"	"Awaiting Delivery"	"等待運送"	"STRINGS.BUILDING.STATUSITEMS.AWAITINGEGGDELIVERY.NAME"
"BUILDING.STATUSITEMS"	"Empty Errand"	"清空任務"	"STRINGS.BUILDING.STATUSITEMS.AWAITINGEMPTYBUILDING.NAME"
"BUILDING.STATUSITEMS"	"Awaiting Fuel: {0}"	"等待燃料：{0}"	"STRINGS.BUILDING.STATUSITEMS.AWAITINGFUEL.NAME"
"BUILDING.STATUSITEMS"	"Awaiting Compostables"	"等待堆肥"	"STRINGS.BUILDING.STATUSITEMS.AWAITINGWASTE.NAME"
"BUILDING.STATUSITEMS"	"{0} Bait"	"{0} 誘餌"	"STRINGS.BUILDING.STATUSITEMS.BAITED.NAME"
"BUILDING.STATUSITEMS"	"Batteries Sufficiently Full"	"電池充滿了"	"STRINGS.BUILDING.STATUSITEMS.BATTERIESSUFFICIENTLYFULL.NAME"
"BUILDING.STATUSITEMS"	"Auto-Bottle: On"	"自動裝瓶：打開"	"STRINGS.BUILDING.STATUSITEMS.BOTTLE_EMPTIER.ALLOWED.NAME"
"BUILDING.STATUSITEMS"	"Auto-Bottle: Off"	"自動裝瓶：關閉"	"STRINGS.BUILDING.STATUSITEMS.BOTTLE_EMPTIER.DENIED.NAME"
"BUILDING.STATUSITEMS"	"Broadcaster Out of Range"	"超出廣播塔作用距離"	"STRINGS.BUILDING.STATUSITEMS.BROADCASTEROUTOFRANGE.NAME"
"BUILDING.STATUSITEMS"	"Broken"	"壞掉的"	"STRINGS.BUILDING.STATUSITEMS.BROKEN.NAME"
"BUILDING.STATUSITEMS"	"Building Deprecated"	"建築物棄用"	"STRINGS.BUILDING.STATUSITEMS.BUILDING_DEPRECATED.NAME"
"BUILDING.STATUSITEMS"	"Building Disabled"	"建築物停用"	"STRINGS.BUILDING.STATUSITEMS.BUILDINGDISABLED.NAME"
"BUILDING.STATUSITEMS"	"Consuming Fuel: {0}"	"消耗燃料：{0}"	"STRINGS.BUILDING.STATUSITEMS.BURNER.BURNING_FUEL.NAME"
"BUILDING.STATUSITEMS"	"Fueled: {0}"	"已加燃料：{0}"	"STRINGS.BUILDING.STATUSITEMS.BURNER.HAS_FUEL.NAME"
"BUILDING.STATUSITEMS"	"Minimum Temperature Reached"	"達到最低溫度"	"STRINGS.BUILDING.STATUSITEMS.CANNOTCOOLFURTHER.NAME"
"BUILDING.STATUSITEMS"	"Pending Door State Change: {ControlState}"	"等待改變門的狀態：{ControlState}"	"STRINGS.BUILDING.STATUSITEMS.CHANGEDOORCONTROLSTATE.NAME"
"BUILDING.STATUSITEMS"	"Set Storage: {TargetName}"	"設定儲存：{TargetName}"	"STRINGS.BUILDING.STATUSITEMS.CHANGESTORAGETILETARGET.NAME"
"BUILDING.STATUSITEMS"	"Medical building outside Hospital"	"醫療設施位於醫院外面"	"STRINGS.BUILDING.STATUSITEMS.CLINICOUTSIDEHOSPITAL.NAME"
"BUILDING.STATUSITEMS"	"Local Colony Lacks {Skills} Skill"	"本地殖民地缺少{Skills}"	"STRINGS.BUILDING.STATUSITEMS.CLUSTERCOLONYLACKSREQUIREDSKILLPERK.NAME"
"BUILDING.STATUSITEMS"	"Area Complete"	"區域完成"	"STRINGS.BUILDING.STATUSITEMS.CLUSTERTELESCOPEALLWORKCOMPLETE.NAME"
"BUILDING.STATUSITEMS"	"Collecting Radbolts ({x}/cycle)"	"收集輻射（{x} / 周期）"	"STRINGS.BUILDING.STATUSITEMS.COLLECTINGHEP.NAME"
"BUILDING.STATUSITEMS"	"Harvesting Resources"	"採集資源"	"STRINGS.BUILDING.STATUSITEMS.COLLECTINGHEXCELLINVENTORYITEMS.NAME"
"BUILDING.STATUSITEMS"	"Colony Lacks {Skills} Skill"	"殖民地缺少{Skills}"	"STRINGS.BUILDING.STATUSITEMS.COLONYLACKSREQUIREDSKILLPERK.NAME"
"BUILDING.STATUSITEMS"	"Analyzing {Item}"	"正在分析{Item}"	"STRINGS.BUILDING.STATUSITEMS.COMPLEXFABRICATOR.ANALYZING.NAME"
"BUILDING.STATUSITEMS"	"Studying Meteor"	"正在調查流星"	"STRINGS.BUILDING.STATUSITEMS.COMPLEXFABRICATOR.CLUSTERTELESCOPEMETEOR.NAME"
"BUILDING.STATUSITEMS"	"Cooking {Item}"	"正在煮{Item}"	"STRINGS.BUILDING.STATUSITEMS.COMPLEXFABRICATOR.COOKING.NAME"
"BUILDING.STATUSITEMS"	"Producing {Item}"	"正在生產{Item}"	"STRINGS.BUILDING.STATUSITEMS.COMPLEXFABRICATOR.PRODUCING.NAME"
"BUILDING.STATUSITEMS"	"Researching {Item}"	"正在研究{Item}"	"STRINGS.BUILDING.STATUSITEMS.COMPLEXFABRICATOR.RESEARCHING.NAME"
"BUILDING.STATUSITEMS"	"Studying Space"	"正在調查太空"	"STRINGS.BUILDING.STATUSITEMS.COMPLEXFABRICATOR.TELESCOPE.NAME"
"BUILDING.STATUSITEMS"	"Untraining {Duplicant}"	"正在重置{Duplicant}"	"STRINGS.BUILDING.STATUSITEMS.COMPLEXFABRICATOR.UNTRAINING.NAME"
"BUILDING.STATUSITEMS"	"Pipe Blocked"	"管道阻塞"	"STRINGS.BUILDING.STATUSITEMS.CONDUITBLOCKED.NAME"
"BUILDING.STATUSITEMS"	"No Rocket Ports"	"沒有火箭貨港"	"STRINGS.BUILDING.STATUSITEMS.CONNECTED_ROCKET_NO_PORT.NAME"
"BUILDING.STATUSITEMS"	"Port Network Attached"	"物流系統端口已連接"	"STRINGS.BUILDING.STATUSITEMS.CONNECTED_ROCKET_PORT.NAME"
"BUILDING.STATUSITEMS"	"Incorrect Port Network"	"錯誤的物流系統端口"	"STRINGS.BUILDING.STATUSITEMS.CONNECTED_ROCKET_WRONG_PORT.NAME"
"BUILDING.STATUSITEMS"	"Unreachable Dig"	"無法到達挖掘地點"	"STRINGS.BUILDING.STATUSITEMS.CONSTRUCTABLEDIGUNREACHABLE.NAME"
"BUILDING.STATUSITEMS"	"Unreachable Build"	"無法到達建築地點"	"STRINGS.BUILDING.STATUSITEMS.CONSTRUCTIONUNREACHABLE.NAME"
"BUILDING.STATUSITEMS"	"Consuming {ElementTypes}: {FlowRate}"	"消耗{ElementTypes}：{FlowRate}"	"STRINGS.BUILDING.STATUSITEMS.CONSUMINGFROMSTORAGE.NAME"
"BUILDING.STATUSITEMS"	"Contents: {Contents}"	"內容物：{Contents}"	"STRINGS.BUILDING.STATUSITEMS.CONVEYOR.NAME"
"BUILDING.STATUSITEMS"	"Cooling"	"冷卻中"	"STRINGS.BUILDING.STATUSITEMS.COOLING.NAME"
"BUILDING.STATUSITEMS"	"Gas Too Cold"	"氣體太冷"	"STRINGS.BUILDING.STATUSITEMS.COOLINGSTALLEDCOLDGAS.NAME"
"BUILDING.STATUSITEMS"	"Liquid Too Cold"	"液體太冷"	"STRINGS.BUILDING.STATUSITEMS.COOLINGSTALLEDCOLDLIQUID.NAME"
"BUILDING.STATUSITEMS"	"Gas Too Hot"	"氣體太熱"	"STRINGS.BUILDING.STATUSITEMS.COOLINGSTALLEDHOTENV.NAME"
"BUILDING.STATUSITEMS"	"Liquid Too Hot"	"液體太熱"	"STRINGS.BUILDING.STATUSITEMS.COOLINGSTALLEDHOTLIQUID.NAME"
"BUILDING.STATUSITEMS"	"Cooling Water"	"正在冷卻水"	"STRINGS.BUILDING.STATUSITEMS.COOLINGWATER.NAME"
"BUILDING.STATUSITEMS"	"Waiting to be Armed"	"等待佈置"	"STRINGS.BUILDING.STATUSITEMS.CREATURE_REUSABLE_TRAP.NEEDS_ARMING.NAME"
"BUILDING.STATUSITEMS"	"Armed"	"已佈置"	"STRINGS.BUILDING.STATUSITEMS.CREATURE_REUSABLE_TRAP.READY.NAME"
"BUILDING.STATUSITEMS"	"Sprung"	"已彈起"	"STRINGS.BUILDING.STATUSITEMS.CREATURE_REUSABLE_TRAP.SPRUNG.NAME"
"BUILDING.STATUSITEMS"	"Needs Bait"	"需要誘餌"	"STRINGS.BUILDING.STATUSITEMS.CREATURE_TRAP.NEEDSBAIT.NAME"
"BUILDING.STATUSITEMS"	"Set"	"設置"	"STRINGS.BUILDING.STATUSITEMS.CREATURE_TRAP.READY.NAME"
"BUILDING.STATUSITEMS"	"Current Status: Online"	"目前狀態：上線"	"STRINGS.BUILDING.STATUSITEMS.CREATUREMANIPULATORMORPHMODE.NAME"
"BUILDING.STATUSITEMS"	"Current Status: Offline"	"目前狀態：離線"	"STRINGS.BUILDING.STATUSITEMS.CREATUREMANIPULATORMORPHMODELOCKED.NAME"
"BUILDING.STATUSITEMS"	"Collected Species Data {0}/{1}"	"已收集物種資料 {0}/{1}"	"STRINGS.BUILDING.STATUSITEMS.CREATUREMANIPULATORPROGRESS.NAME"
"BUILDING.STATUSITEMS"	"Waiting for a Critter"	"等待小動物"	"STRINGS.BUILDING.STATUSITEMS.CREATUREMANIPULATORWAITING.NAME"
"BUILDING.STATUSITEMS"	"Poking and Prodding Critter"	"刺激小動物"	"STRINGS.BUILDING.STATUSITEMS.CREATUREMANIPULATORWORKING.NAME"
"BUILDING.STATUSITEMS"	"Storing: {Stored} / {Capacity} Critters"	"儲存：{Stored} / {Capacity} 隻小動物"	"STRINGS.BUILDING.STATUSITEMS.CRITTERCAPACITY.NAME"
"BUILDING.STATUSITEMS"	"Current State: {ControlState}"	"目前狀態：{ControlState}"	"STRINGS.BUILDING.STATUSITEMS.CURRENTDOORCONTROLSTATE.NAME"
"BUILDING.STATUSITEMS"	"Production Rate: {RATE}"	"生產速率：{RATE}"	"STRINGS.BUILDING.STATUSITEMS.DATAMINER.PRODUCTIONRATE.NAME"
"BUILDING.STATUSITEMS"	"Cooling ({CyclesRemaining} cycles remaining)"	"冷卻中（剩餘 {CyclesRemaining} 周期）"	"STRINGS.BUILDING.STATUSITEMS.DEADREACTORCOOLINGOFF.NAME"
"BUILDING.STATUSITEMS"	"Requires Emptying"	"需要清空"	"STRINGS.BUILDING.STATUSITEMS.DESALINATORNEEDSEMPTYING.NAME"
"BUILDING.STATUSITEMS"	"Destination Out Of Range"	"目的地超出範圍"	"STRINGS.BUILDING.STATUSITEMS.DESTINATIONOUTOFRANGE.NAME"
"BUILDING.STATUSITEMS"	"Scanning"	"探測中"	"STRINGS.BUILDING.STATUSITEMS.DETECTORSCANNING.NAME"
"BUILDING.STATUSITEMS"	"Skill-Required Dig"	"需要挖掘技能"	"STRINGS.BUILDING.STATUSITEMS.DIGREQUIRESSKILLPERK.NAME"
"BUILDING.STATUSITEMS"	"Use Direction: {Direction}"	"使用方向：{Direction}"	"STRINGS.BUILDING.STATUSITEMS.DIRECTION_CONTROL.NAME"
"BUILDING.STATUSITEMS"	"Waiting To Disembark"	"等待下船"	"STRINGS.BUILDING.STATUSITEMS.DISEMBARKINGDUPLICANT.NAME"
"BUILDING.STATUSITEMS"	"Dispense Requested"	"請求分配"	"STRINGS.BUILDING.STATUSITEMS.DISPENSEREQUESTED.NAME"
"BUILDING.STATUSITEMS"	"Activation Required"	"要求啟動"	"STRINGS.BUILDING.STATUSITEMS.DUPLICANTACTIVATIONREQUIRED.NAME"
"BUILDING.STATUSITEMS"	"Power Remaining: {JoulesAvailable} / {JoulesCapacity}"	"剩餘電力：{JoulesAvailable} / {JoulesCapacity}"	"STRINGS.BUILDING.STATUSITEMS.ELECTROBANKJOULESAVAILABLE.NAME"
"BUILDING.STATUSITEMS"	"Using {ElementTypes}: {FlowRate}"	"使用{ElementTypes}：{FlowRate}"	"STRINGS.BUILDING.STATUSITEMS.ELEMENTCONVERTERINPUT.NAME"
"BUILDING.STATUSITEMS"	"Emitting {ElementTypes}: {FlowRate}"	"排出{ElementTypes}：{FlowRate}"	"STRINGS.BUILDING.STATUSITEMS.ELEMENTCONVERTEROUTPUT.NAME"
"BUILDING.STATUSITEMS"	"Not Emitting: Overpressure"	"未揮發：壓力過大"	"STRINGS.BUILDING.STATUSITEMS.EMITTINGBLOCKEDHIGHPRESSURE.NAME"
"BUILDING.STATUSITEMS"	"Not Emitting: Too Cold"	"未揮發：太冷"	"STRINGS.BUILDING.STATUSITEMS.EMITTINGBLOCKEDLOWTEMPERATURE.NAME"
"BUILDING.STATUSITEMS"	"Emitting CO2: {FlowRate}"	"排出 CO2：{FlowRate}"	"STRINGS.BUILDING.STATUSITEMS.EMITTINGCO2.NAME"
"BUILDING.STATUSITEMS"	"Emitting {ElementType}: {FlowRate}"	"排出{ElementType}：{FlowRate}"	"STRINGS.BUILDING.STATUSITEMS.EMITTINGELEMENT.NAME"
"BUILDING.STATUSITEMS"	"Emitting {Element}: {FlowRate}"	"排出{Element}：{FlowRate}"	"STRINGS.BUILDING.STATUSITEMS.EMITTINGGASAVG.NAME"
"BUILDING.STATUSITEMS"	"Emitting Light"	"發光"	"STRINGS.BUILDING.STATUSITEMS.EMITTINGLIGHT.NAME"
"BUILDING.STATUSITEMS"	"Emitting Oxygen: {FlowRate}"	"釋放氧氣：{FlowRate}"	"STRINGS.BUILDING.STATUSITEMS.EMITTINGOXYGENAVG.NAME"
"BUILDING.STATUSITEMS"	"Empty"	"空的"	"STRINGS.BUILDING.STATUSITEMS.EMPTYPUMPINGSTATION.NAME"
"BUILDING.STATUSITEMS"	"Awaiting Coolant"	"等待冷卻液"	"STRINGS.BUILDING.STATUSITEMS.ENOUGH_COOLANT.NAME"
"BUILDING.STATUSITEMS"	"Awaiting Fuel"	"等待燃料"	"STRINGS.BUILDING.STATUSITEMS.ENOUGH_FUEL.NAME"
"BUILDING.STATUSITEMS"	"Entombed"	"掩埋"	"STRINGS.BUILDING.STATUSITEMS.ENTOMBED.NAME"
"BUILDING.STATUSITEMS"	"Countdown: {0}"	"倒數：{0}"	"STRINGS.BUILDING.STATUSITEMS.EXCAVATOR_BOMB.COUNTDOWN.NAME"
"BUILDING.STATUSITEMS"	"Duplicant Preservation Override"	"複製人保護機制"	"STRINGS.BUILDING.STATUSITEMS.EXCAVATOR_BOMB.DUPE_DANGER.NAME"
"BUILDING.STATUSITEMS"	"Exploding"	"爆炸"	"STRINGS.BUILDING.STATUSITEMS.EXCAVATOR_BOMB.EXPLODING.NAME"
"BUILDING.STATUSITEMS"	"Unarmed"	"未武裝"	"STRINGS.BUILDING.STATUSITEMS.EXCAVATOR_BOMB.UNARMED.NAME"
"BUILDING.STATUSITEMS"	"Depleted"	"耗盡"	"STRINGS.BUILDING.STATUSITEMS.EXPIRED.NAME"
"BUILDING.STATUSITEMS"	"Fabricator accepts mutant seeds"	"這個建築物接受變異種子"	"STRINGS.BUILDING.STATUSITEMS.FABRICATORACCEPTSMUTANTSEEDS.NAME"
"BUILDING.STATUSITEMS"	"Waiting For Materials"	"等待材料"	"STRINGS.BUILDING.STATUSITEMS.FABRICATOREMPTY.NAME"
"BUILDING.STATUSITEMS"	"No Fabrications Queued"	"無生產佇列"	"STRINGS.BUILDING.STATUSITEMS.FABRICATORIDLE.NAME"
"BUILDING.STATUSITEMS"	"Waiting For Radbolts ({CurrentHEP}/{HEPRequired})"	"等待輻射粒子 ({CurrentHEP}/{HEPRequired})"	"STRINGS.BUILDING.STATUSITEMS.FABRICATORLACKSHEP.NAME"
"BUILDING.STATUSITEMS"	"Fish Feeder accepts mutant seeds"	"餵魚器接受變異種子"	"STRINGS.BUILDING.STATUSITEMS.FISHFEEDERACCEPTSMUTANTSEEDS.NAME"
"BUILDING.STATUSITEMS"	"All cargo bays are full"	"全部的貨港已裝滿"	"STRINGS.BUILDING.STATUSITEMS.FLIGHTALLCARGOFULL.NAME"
"BUILDING.STATUSITEMS"	"Cargo capacity remaining: {0}"	"貨艙剩餘容量：{0}"	"STRINGS.BUILDING.STATUSITEMS.FLIGHTCARGOREMAINING.NAME"
"BUILDING.STATUSITEMS"	"Building Flooded"	"建築淹水"	"STRINGS.BUILDING.STATUSITEMS.FLOODED.NAME"
"BUILDING.STATUSITEMS"	"{toilet} Ready"	"{toilet}就緒"	"STRINGS.BUILDING.STATUSITEMS.FLUSHTOILET.NAME"
"BUILDING.STATUSITEMS"	"{toilet} In Use"	"{toilet}使用中"	"STRINGS.BUILDING.STATUSITEMS.FLUSHTOILETINUSE.NAME"
"BUILDING.STATUSITEMS"	"Unreachable food"	"無法取得食物"	"STRINGS.BUILDING.STATUSITEMS.FOOD_CONTAINERS_OUTSIDE_RANGE.NAME"
"BUILDING.STATUSITEMS"	"Excavation In Progress"	"挖掘進行中"	"STRINGS.BUILDING.STATUSITEMS.FOSSILHUNT.EXCAVATING.NAME"
"BUILDING.STATUSITEMS"	"Awaiting Excavation"	"等待挖掘"	"STRINGS.BUILDING.STATUSITEMS.FOSSILHUNT.PENDING_EXCAVATION.NAME"
"BUILDING.STATUSITEMS"	"Cooling Contents: {UsedPower}"	"冷卻中: {UsedPower}"	"STRINGS.BUILDING.STATUSITEMS.FRIDGECOOLING.NAME"
"BUILDING.STATUSITEMS"	"Energy Saver: {UsedPower}"	"省電模式：{UsedPower}"	"STRINGS.BUILDING.STATUSITEMS.FRIDGESTEADY.NAME"
"BUILDING.STATUSITEMS"	"Empty Pipe"	"空的管道"	"STRINGS.BUILDING.STATUSITEMS.GASPIPEEMPTY.NAME"
"BUILDING.STATUSITEMS"	"Not Pumping"	"未抽取"	"STRINGS.BUILDING.STATUSITEMS.GASPIPEOBSTRUCTED.NAME"
"BUILDING.STATUSITEMS"	"Gas Vent Obstructed"	"排氣口阻塞"	"STRINGS.BUILDING.STATUSITEMS.GASVENTOBSTRUCTED.NAME"
"BUILDING.STATUSITEMS"	"Gas Vent Overpressure"	"排氣口壓力過高"	"STRINGS.BUILDING.STATUSITEMS.GASVENTOVERPRESSURE.NAME"
"BUILDING.STATUSITEMS"	"Generator Idle"	"發電機閒置"	"STRINGS.BUILDING.STATUSITEMS.GENERATOROFFLINE.NAME"
"BUILDING.STATUSITEMS"	"Vacillation Complete"	"振盪完成"	"STRINGS.BUILDING.STATUSITEMS.GENESHUFFLECOMPLETED.NAME"
"BUILDING.STATUSITEMS"	"Experimentation Needed"	"需要實驗"	"STRINGS.BUILDING.STATUSITEMS.GEOTUNER_CHARGE_REQUIRED.NAME"
"BUILDING.STATUSITEMS"	"Data Remaining: {0}"	"剩餘資料：{0}"	"STRINGS.BUILDING.STATUSITEMS.GEOTUNER_CHARGED.NAME"
"BUILDING.STATUSITEMS"	"Compiling Data"	"資料準備中"	"STRINGS.BUILDING.STATUSITEMS.GEOTUNER_CHARGING.NAME"
"BUILDING.STATUSITEMS"	"No Geyser Selected"	"未選取間歇泉"	"STRINGS.BUILDING.STATUSITEMS.GEOTUNER_NEEDGEYSER.NAME"
"BUILDING.STATUSITEMS"	"Getting Ready"	"準備"	"STRINGS.BUILDING.STATUSITEMS.GETTINGREADY.NAME"
"BUILDING.STATUSITEMS"	"Geotuned ({0}/{1})"	"已地理調整（{0}/{1}）"	"STRINGS.BUILDING.STATUSITEMS.GEYSER_GEOTUNED.NAME"
"BUILDING.STATUSITEMS"	"RIP {DeadDupe}"	"於此安息 {DeadDupe}"	"STRINGS.BUILDING.STATUSITEMS.GRAVE.NAME"
"BUILDING.STATUSITEMS"	"Storage Full"	"儲存已滿"	"STRINGS.BUILDING.STATUSITEMS.GUNKEMPTIERFULL.NAME"
"BUILDING.STATUSITEMS"	"Has Gantry"	"有空橋"	"STRINGS.BUILDING.STATUSITEMS.HASGANTRY.NAME"
"BUILDING.STATUSITEMS"	"Target Temperature Reached"	"達到目標溫度"	"STRINGS.BUILDING.STATUSITEMS.HEATINGSTALLEDHOTENV.NAME"
"BUILDING.STATUSITEMS"	"Insufficient Atmosphere"	"氣體不足"	"STRINGS.BUILDING.STATUSITEMS.HEATINGSTALLEDLOWMASS_GAS.NAME"
"BUILDING.STATUSITEMS"	"Not Submerged In Liquid"	"未浸在液體中"	"STRINGS.BUILDING.STATUSITEMS.HEATINGSTALLEDLOWMASS_LIQUID.NAME"
"BUILDING.STATUSITEMS"	"Filling Up: ({fullness})"	"裝滿：({fullness})"	"STRINGS.BUILDING.STATUSITEMS.HOTTUBFILLING.NAME"
"BUILDING.STATUSITEMS"	"Building Too Hot"	"建築太熱"	"STRINGS.BUILDING.STATUSITEMS.HOTTUBTOOHOT.NAME"
"BUILDING.STATUSITEMS"	"Water Too Cold"	"水溫太冷"	"STRINGS.BUILDING.STATUSITEMS.HOTTUBWATERTOOCOLD.NAME"
"BUILDING.STATUSITEMS"	"Incoming Object Detected"	"偵測到物體接近"	"STRINGS.BUILDING.STATUSITEMS.INCOMINGMETEORS.NAME"
"BUILDING.STATUSITEMS"	"Incubating: {Percent}"	"孵化：{Percent}"	"STRINGS.BUILDING.STATUSITEMS.INCUBATORPROGRESS.NAME"
"BUILDING.STATUSITEMS"	"In Flight To {Destination_Asteroid}: {ETA}"	"正飛向 {Destination_Asteroid}：{ETA}"	"STRINGS.BUILDING.STATUSITEMS.INFLIGHT.NAME"
"BUILDING.STATUSITEMS"	"Piloted"	"駕駛中"	"STRINGS.BUILDING.STATUSITEMS.INFLIGHTPILOTED.NAME"
"BUILDING.STATUSITEMS"	"Multi-Piloted"	"協同駕駛"	"STRINGS.BUILDING.STATUSITEMS.INFLIGHTSUPERPILOT.NAME"
"BUILDING.STATUSITEMS"	"Unpiloted"	"無人駕駛"	"STRINGS.BUILDING.STATUSITEMS.INFLIGHTUNPILOTED.NAME"
"BUILDING.STATUSITEMS"	"In Orbit: {Destination}"	"在軌道上：{Destination}"	"STRINGS.BUILDING.STATUSITEMS.INORBIT.NAME"
"BUILDING.STATUSITEMS"	"Grounded"	"已著陸"	"STRINGS.BUILDING.STATUSITEMS.INORBITREQUIRED.NAME"
"BUILDING.STATUSITEMS"	"Invalid Building Location"	"錯誤的建築地點"	"STRINGS.BUILDING.STATUSITEMS.INVALIDBUILDINGLOCATION.NAME"
"BUILDING.STATUSITEMS"	"Station Not In Oxygen"	"設施未置於氧氣環境中"	"STRINGS.BUILDING.STATUSITEMS.INVALIDMASKSTATIONCONSUMPTIONSTATE.NAME"
"BUILDING.STATUSITEMS"	"Invalid Port Overlap"	"無效的端口重疊"	"STRINGS.BUILDING.STATUSITEMS.INVALIDPORTOVERLAP.NAME"
"BUILDING.STATUSITEMS"	"Power Available: {JoulesAvailable} / {JoulesCapacity}"	"可用電力：{JoulesAvailable} / {JoulesCapacity}"	"STRINGS.BUILDING.STATUSITEMS.JOULESAVAILABLE.NAME"
"BUILDING.STATUSITEMS"	"Insufficient Wood"	"木材不足"	"STRINGS.BUILDING.STATUSITEMS.KETTLEINSUFICIENTFUEL.NAME"
"BUILDING.STATUSITEMS"	"Insufficient Ice"	"冰不足"	"STRINGS.BUILDING.STATUSITEMS.KETTLEINSUFICIENTSOLIDS.NAME"
"BUILDING.STATUSITEMS"	"Melting Ice"	"融冰"	"STRINGS.BUILDING.STATUSITEMS.KETTLEMELTING.NAME"
"BUILDING.STATUSITEMS"	"Rocket lacks spacefarer module"	"火箭缺少乘員艙"	"STRINGS.BUILDING.STATUSITEMS.LANDEDROCKETLACKSPASSENGERMODULE.NAME"
"BUILDING.STATUSITEMS"	"Amount remaining: {0}"	"剩餘數量：{0}"	"STRINGS.BUILDING.STATUSITEMS.LIMITVALVELIMITNOTREACHED.NAME"
"BUILDING.STATUSITEMS"	"Limit Reached"	"達到限制"	"STRINGS.BUILDING.STATUSITEMS.LIMITVALVELIMITREACHED.NAME"
"BUILDING.STATUSITEMS"	"Liquid Vent Obstructed"	"排水口阻塞"	"STRINGS.BUILDING.STATUSITEMS.LIQUIDVENTOBSTRUCTED.NAME"
"BUILDING.STATUSITEMS"	"Liquid Vent Overpressure"	"排水口壓力過高"	"STRINGS.BUILDING.STATUSITEMS.LIQUIDVENTOVERPRESSURE.NAME"
"BUILDING.STATUSITEMS"	"Feedback Loop"	"閉合迴路"	"STRINGS.BUILDING.STATUSITEMS.LOGIC_FEEDBACK_LOOP.NAME"
"BUILDING.STATUSITEMS"	"Damage: Overloading"	"受損：超載"	"STRINGS.BUILDING.STATUSITEMS.LOGICOVERLOADED.NAME"
"BUILDING.STATUSITEMS"	"Sending a Green Signal"	"發出綠色訊號"	"STRINGS.BUILDING.STATUSITEMS.LOGICSENSORSTATUSACTIVE.NAME"
"BUILDING.STATUSITEMS"	"Sending a Red Signal"	"發出紅色訊號"	"STRINGS.BUILDING.STATUSITEMS.LOGICSENSORSTATUSINACTIVE.NAME"
"BUILDING.STATUSITEMS"	"Masterpiece"	"傑作"	"STRINGS.BUILDING.STATUSITEMS.LOOKINGGREAT.NAME"
"BUILDING.STATUSITEMS"	"Quaint"	"別緻"	"STRINGS.BUILDING.STATUSITEMS.LOOKINGOKAY.NAME"
"BUILDING.STATUSITEMS"	"Crude"	"拙劣"	"STRINGS.BUILDING.STATUSITEMS.LOOKINGUGLY.NAME"
"BUILDING.STATUSITEMS"	"Radbolt Decay"	"粒子衰變"	"STRINGS.BUILDING.STATUSITEMS.LOSINGRADBOLTS.NAME"
"BUILDING.STATUSITEMS"	"Charging Up"	"充電"	"STRINGS.BUILDING.STATUSITEMS.MANUALGENERATORCHARGINGUP.NAME"
"BUILDING.STATUSITEMS"	"Powering"	"供電"	"STRINGS.BUILDING.STATUSITEMS.MANUALGENERATORRELEASINGENERGY.NAME"
"BUILDING.STATUSITEMS"	"Manually Controlled"	"手動控制"	"STRINGS.BUILDING.STATUSITEMS.MANUALLYCONTROLLED.NAME"
"BUILDING.STATUSITEMS"	"Insufficient Resources\n{ItemsRemaining}"	"資源不足\n{ItemsRemaining}"	"STRINGS.BUILDING.STATUSITEMS.MATERIALSUNAVAILABLE.NAME"
"BUILDING.STATUSITEMS"	"Resources Low\n{ItemsRemaining}"	"資源不足\n{ItemsRemaining}"	"STRINGS.BUILDING.STATUSITEMS.MATERIALSUNAVAILABLEFORREFILL.NAME"
"BUILDING.STATUSITEMS"	"Lacks Oxygen"	"缺乏氧氣"	"STRINGS.BUILDING.STATUSITEMS.MEGABRAINNOTENOUGHOXYGEN.NAME"
"BUILDING.STATUSITEMS"	"Fully Restored"	"已完全恢復"	"STRINGS.BUILDING.STATUSITEMS.MEGABRAINTANK.COMPLETE.NAME"
"BUILDING.STATUSITEMS"	"Analyzing Dreams: {TimeToComplete}s"	"分析夢境：{TimeToComplete} 秒"	"STRINGS.BUILDING.STATUSITEMS.MEGABRAINTANK.PROGRESS.DREAMANALYSIS.NAME"
"BUILDING.STATUSITEMS"	"Dream Journals: {ActivationProgress}"	"夢境日誌：{ActivationProgress}"	"STRINGS.BUILDING.STATUSITEMS.MEGABRAINTANK.PROGRESS.PROGRESSIONRATE.NAME"
"BUILDING.STATUSITEMS"	"Breaking Down"	"崩塌"	"STRINGS.BUILDING.STATUSITEMS.MELTINGDOWN.NAME"
"BUILDING.STATUSITEMS"	"Fully Charged"	"完全充飽"	"STRINGS.BUILDING.STATUSITEMS.MERCURYLIGHT_CHARGED.NAME"
"BUILDING.STATUSITEMS"	"Powering Up: {0}"	"充電中：{0}"	"STRINGS.BUILDING.STATUSITEMS.MERCURYLIGHT_CHARGING.NAME"
"BUILDING.STATUSITEMS"	"Powered Off"	"已斷電"	"STRINGS.BUILDING.STATUSITEMS.MERCURYLIGHT_DEPLEATED.NAME"
"BUILDING.STATUSITEMS"	"Brightness: {0}"	"亮度：{0}"	"STRINGS.BUILDING.STATUSITEMS.MERCURYLIGHT_DEPLEATING.NAME"
"BUILDING.STATUSITEMS"	"Reloading"	"重新裝填中"	"STRINGS.BUILDING.STATUSITEMS.MISSILELAUNCHER_LONGRANGECOOLDOWN.NAME"
"BUILDING.STATUSITEMS"	"No Line of Sight"	"視線受阻"	"STRINGS.BUILDING.STATUSITEMS.MISSILELAUNCHER_NOSURFACESIGHT.NAME"
"BUILDING.STATUSITEMS"	"Limited Line of Sight"	"視野受限"	"STRINGS.BUILDING.STATUSITEMS.MISSILELAUNCHER_PARTIALLYBLOCKED.NAME"
"BUILDING.STATUSITEMS"	"Missing Tile"	"缺少磚塊"	"STRINGS.BUILDING.STATUSITEMS.MISSINGFOUNDATION.NAME"
"BUILDING.STATUSITEMS"	"Missing Back Wall"	"缺少背牆"	"STRINGS.BUILDING.STATUSITEMS.MISSINGFOUNDATIONBACKWALL.NAME"
"BUILDING.STATUSITEMS"	"Missing Gantry"	"缺少空橋"	"STRINGS.BUILDING.STATUSITEMS.MISSINGGANTRY.NAME"
"BUILDING.STATUSITEMS"	"Missing Requirements"	"缺少必備條件"	"STRINGS.BUILDING.STATUSITEMS.MISSINGREQUIREMENTS.NAME"
"BUILDING.STATUSITEMS"	"Guidance Signal: {0}"	"引導信號：{0}"	"STRINGS.BUILDING.STATUSITEMS.MISSIONCONTROLASSISTINGROCKET.NAME"
"BUILDING.STATUSITEMS"	"Mission Control Speed Boost: {0}"	"任務控制速度提升：{0}"	"STRINGS.BUILDING.STATUSITEMS.MISSIONCONTROLBOOSTED.NAME"
"BUILDING.STATUSITEMS"	"In-Flight Generator: {ActiveWattage}/{MaxWattage}"	"飛行中發電機：{ActiveWattage} / {MaxWattage}"	"STRINGS.BUILDING.STATUSITEMS.MODULEGENERATORNOTPOWERED.NAME"
"BUILDING.STATUSITEMS"	"Current Wattage: {Wattage}"	"目前功率：{Wattage}"	"STRINGS.BUILDING.STATUSITEMS.MODULESOLARPANELWATTAGE.NAME"
"BUILDING.STATUSITEMS"	"Unreachable Mop"	"無法擦拭"	"STRINGS.BUILDING.STATUSITEMS.MOPUNREACHABLE.NAME"
"BUILDING.STATUSITEMS"	"No Egg Selected"	"未選擇蛋"	"STRINGS.BUILDING.STATUSITEMS.NEEDEGG.NAME"
"BUILDING.STATUSITEMS"	"No Gas Intake\n{GasRequired}"	"無氣體輸入\n{GasRequired}"	"STRINGS.BUILDING.STATUSITEMS.NEEDGASIN.NAME"
"BUILDING.STATUSITEMS"	"No Gas Output"	"無氣體輸出"	"STRINGS.BUILDING.STATUSITEMS.NEEDGASOUT.NAME"
"BUILDING.STATUSITEMS"	"No Liquid Intake\n{LiquidRequired}"	"無液體輸入\n{LiquidRequired}"	"STRINGS.BUILDING.STATUSITEMS.NEEDLIQUIDIN.NAME"
"BUILDING.STATUSITEMS"	"No Liquid Output"	"無液體輸出"	"STRINGS.BUILDING.STATUSITEMS.NEEDLIQUIDOUT.NAME"
"BUILDING.STATUSITEMS"	"No Seeds"	"沒有種子"	"STRINGS.BUILDING.STATUSITEMS.NEEDPLANT.NAME"
"BUILDING.STATUSITEMS"	"No Power"	"沒電"	"STRINGS.BUILDING.STATUSITEMS.NEEDPOWER.NAME"
"BUILDING.STATUSITEMS"	"Resource Required"	"需要資源"	"STRINGS.BUILDING.STATUSITEMS.NEEDRESOURCE.NAME"
"BUILDING.STATUSITEMS"	"Insufficient Resources\n{ResourcesRequired}"	"資源不足\n{ResourcesRequired}"	"STRINGS.BUILDING.STATUSITEMS.NEEDRESOURCEMASS.NAME"
"BUILDING.STATUSITEMS"	"No Seed Selected"	"未選擇種子"	"STRINGS.BUILDING.STATUSITEMS.NEEDSEED.NAME"
"BUILDING.STATUSITEMS"	"No Conveyor Loader"	"無輸送帶裝載機"	"STRINGS.BUILDING.STATUSITEMS.NEEDSOLIDIN.NAME"
"BUILDING.STATUSITEMS"	"No Conveyor Receptacle"	"無輸送帶存儲箱"	"STRINGS.BUILDING.STATUSITEMS.NEEDSOLIDOUT.NAME"
"BUILDING.STATUSITEMS"	"Scan Network Quality: {TotalQuality}"	"探測系統品質：{TotalQuality}"	"STRINGS.BUILDING.STATUSITEMS.NETWORKQUALITY.NAME"
"BUILDING.STATUSITEMS"	"Cannot Mine"	"無法挖掘"	"STRINGS.BUILDING.STATUSITEMS.NEUTRONIUMUNMINABLE.NAME"
"BUILDING.STATUSITEMS"	"Printables Available"	"可列印"	"STRINGS.BUILDING.STATUSITEMS.NEWDUPLICANTSAVAILABLE.NAME"
"BUILDING.STATUSITEMS"	"No Analysis Focus Selected"	"未選擇分析目標"	"STRINGS.BUILDING.STATUSITEMS.NOAPPLICABLEANALYSISSELECTED.NAME"
"BUILDING.STATUSITEMS"	"Inapplicable Research"	"不適用的研究"	"STRINGS.BUILDING.STATUSITEMS.NOAPPLICABLERESEARCHSELECTED.NAME"
"BUILDING.STATUSITEMS"	"No Egg Available"	"沒有蛋可用"	"STRINGS.BUILDING.STATUSITEMS.NOAVAILABLEEGG.NAME"
"BUILDING.STATUSITEMS"	"No Seed Available"	"沒有種子可用"	"STRINGS.BUILDING.STATUSITEMS.NOAVAILABLESEED.NAME"
"BUILDING.STATUSITEMS"	"No Coolant"	"沒有冷卻劑"	"STRINGS.BUILDING.STATUSITEMS.NOCOOLANT.NAME"
"BUILDING.STATUSITEMS"	"No Filter Selected"	"未選擇篩選資源"	"STRINGS.BUILDING.STATUSITEMS.NOFILTERELEMENTSELECTED.NAME"
"BUILDING.STATUSITEMS"	"No Fishable Water"	"無法捕魚的水池"	"STRINGS.BUILDING.STATUSITEMS.NOFISHABLEWATERBELOW.NAME"
"BUILDING.STATUSITEMS"	"Pump Not In Gas"	"幫浦未在氣體中"	"STRINGS.BUILDING.STATUSITEMS.NOGASELEMENTTOPUMP.NAME"
"BUILDING.STATUSITEMS"	"Pump Not In Liquid"	"幫浦未在液體中"	"STRINGS.BUILDING.STATUSITEMS.NOLIQUIDELEMENTTOPUMP.NAME"
"BUILDING.STATUSITEMS"	"No Automation Wire Connected"	"未連接訊號線"	"STRINGS.BUILDING.STATUSITEMS.NOLOGICWIRECONNECTED.NAME"
"BUILDING.STATUSITEMS"	"No Bait Selected"	"未選擇誘餌"	"STRINGS.BUILDING.STATUSITEMS.NOLUREELEMENTSELECTED.NAME"
"BUILDING.STATUSITEMS"	"No Power Consumers"	"沒有電力消耗"	"STRINGS.BUILDING.STATUSITEMS.NOPOWERCONSUMERS.NAME"
"BUILDING.STATUSITEMS"	"No Research Focus or Starmap Destination Selected"	"未選擇研究重點或星圖上的目的地"	"STRINGS.BUILDING.STATUSITEMS.NORESEARCHORDESTINATIONSELECTED.NAME"
"BUILDING.STATUSITEMS"	"No Research Focus Selected"	"未選擇研究"	"STRINGS.BUILDING.STATUSITEMS.NORESEARCHSELECTED.NAME"
"BUILDING.STATUSITEMS"	"Normal"	"正常"	"STRINGS.BUILDING.STATUSITEMS.NORMAL.NAME"
"BUILDING.STATUSITEMS"	"Not Controlled"	"未被控制"	"STRINGS.BUILDING.STATUSITEMS.NOROCKETRESTRICTION.NAME"
"BUILDING.STATUSITEMS"	"No Eligible Rockets in Range"	"範圍內沒有合適的火箭"	"STRINGS.BUILDING.STATUSITEMS.NOROCKETSTOMISSIONCONTROLBOOST.NAME"
"BUILDING.STATUSITEMS"	"Filters Not Designated"	"未指定的篩選器"	"STRINGS.BUILDING.STATUSITEMS.NOSTORAGEFILTERSET.NAME"
"BUILDING.STATUSITEMS"	"No Checkpoint"	"缺少檢查點"	"STRINGS.BUILDING.STATUSITEMS.NOSUITMARKER.NAME"
"BUILDING.STATUSITEMS"	"Insufficient Power"	"電力不足"	"STRINGS.BUILDING.STATUSITEMS.NOTENOUGHPOWER.NAME"
"BUILDING.STATUSITEMS"	"Outside of room"	"在室外"	"STRINGS.BUILDING.STATUSITEMS.NOTINANYROOM.NAME"
"BUILDING.STATUSITEMS"	"Outside of {0}"	"在{0}外面"	"STRINGS.BUILDING.STATUSITEMS.NOTINRECOMMENDEDROOM.NAME"
"BUILDING.STATUSITEMS"	"Not Linked"	"未連接"	"STRINGS.BUILDING.STATUSITEMS.NOTLINKEDTOHEAD.NAME"
"BUILDING.STATUSITEMS"	"Building Not Submerged"	"建築未淹沒"	"STRINGS.BUILDING.STATUSITEMS.NOTSUBMERGED.NAME"
"BUILDING.STATUSITEMS"	"No Tube Connected"	"未連接管道"	"STRINGS.BUILDING.STATUSITEMS.NOTUBECONNECTED.NAME"
"BUILDING.STATUSITEMS"	"No Landing Available"	"沒有著陸點"	"STRINGS.BUILDING.STATUSITEMS.NOTUBEEXITS.NAME"
"BUILDING.STATUSITEMS"	"No Power Wire Connected"	"未連接電線"	"STRINGS.BUILDING.STATUSITEMS.NOWIRECONNECTED.NAME"
"BUILDING.STATUSITEMS"	"Heat Production: {0}/s"	"產生熱：{0} / 秒"	"STRINGS.BUILDING.STATUSITEMS.OPERATINGENERGY.NAME"
"BUILDING.STATUSITEMS"	"Broken Display"	"故障的顯示器"	"STRINGS.BUILDING.STATUSITEMS.ORNAMENTDISABLED.NAME"
"BUILDING.STATUSITEMS"	"Output Pipe Full"	"輸出管道滿了"	"STRINGS.BUILDING.STATUSITEMS.OUTPUTPIPEFULL.NAME"
"BUILDING.STATUSITEMS"	"Output Blocked"	"排氣口阻塞"	"STRINGS.BUILDING.STATUSITEMS.OUTPUTTILEBLOCKED.NAME"
"BUILDING.STATUSITEMS"	"Damage: Overheating"	"受損：過熱"	"STRINGS.BUILDING.STATUSITEMS.OVERHEATED.NAME"
"BUILDING.STATUSITEMS"	"Unreachable Module"	"無法到達的模組"	"STRINGS.BUILDING.STATUSITEMS.PASSENGERMODULEUNREACHABLE.NAME"
"BUILDING.STATUSITEMS"	"Launch Path Blocked"	"發射路徑被阻擋"	"STRINGS.BUILDING.STATUSITEMS.PATH_NOT_CLEAR.NAME"
"BUILDING.STATUSITEMS"	"No Object Displayed"	"未展示物品"	"STRINGS.BUILDING.STATUSITEMS.PEDESTALNOITEMDISPLAYED.NAME"
"BUILDING.STATUSITEMS"	"Deconstruction Errand"	"拆除任務"	"STRINGS.BUILDING.STATUSITEMS.PENDINGDECONSTRUCTION.NAME"
"BUILDING.STATUSITEMS"	"Demolition Errand"	"拆毀遺跡任務"	"STRINGS.BUILDING.STATUSITEMS.PENDINGDEMOLITION.NAME"
"BUILDING.STATUSITEMS"	"Fishing Errand"	"捕魚任務"	"STRINGS.BUILDING.STATUSITEMS.PENDINGFISH.NAME"
"BUILDING.STATUSITEMS"	"Harvest Errand"	"收成任務"	"STRINGS.BUILDING.STATUSITEMS.PENDINGHARVEST.NAME"
"BUILDING.STATUSITEMS"	"Repair Errand"	"維修任務"	"STRINGS.BUILDING.STATUSITEMS.PENDINGREPAIR.NAME"
"BUILDING.STATUSITEMS"	"Settings Errand"	"設定任務"	"STRINGS.BUILDING.STATUSITEMS.PENDINGSWITCHTOGGLE.NAME"
"BUILDING.STATUSITEMS"	"Uproot Errand"	"剷除任務"	"STRINGS.BUILDING.STATUSITEMS.PENDINGUPROOT.NAME"
"BUILDING.STATUSITEMS"	"Work Errand"	"操作任務"	"STRINGS.BUILDING.STATUSITEMS.PENDINGWORK.NAME"
"BUILDING.STATUSITEMS"	"Switching to Autopilot"	"切換為自動駕駛"	"STRINGS.BUILDING.STATUSITEMS.PILOTNEEDED.NAME"
"BUILDING.STATUSITEMS"	"High Melt Risk"	"高熔化風險"	"STRINGS.BUILDING.STATUSITEMS.PIPEMAYMELT.NAME"
"BUILDING.STATUSITEMS"	"Pending Toggle on Unpause"	"等待恢復執行"	"STRINGS.BUILDING.STATUSITEMS.PLAYERCONTROLLEDTOGGLESIDESCREEN.NAME"
"BUILDING.STATUSITEMS"	"Recharging Power Bank: {0}"	"為行動電源充電：{0}"	"STRINGS.BUILDING.STATUSITEMS.POWERBANKCHARGERINPROGRESS.NAME"
"BUILDING.STATUSITEMS"	"Function Suspended"	"暫停運作"	"STRINGS.BUILDING.STATUSITEMS.POWERBUTTONOFF.NAME"
"BUILDING.STATUSITEMS"	"Power Loop Detected"	"偵測到電力迴路異常"	"STRINGS.BUILDING.STATUSITEMS.POWERLOOPDETECTED.NAME"
"BUILDING.STATUSITEMS"	"Max Gas Pressure"	"最高氣壓"	"STRINGS.BUILDING.STATUSITEMS.PRESSUREOK.NAME"
"BUILDING.STATUSITEMS"	"Average Flow Rate: {FlowRate}"	"平均流量：{FlowRate}"	"STRINGS.BUILDING.STATUSITEMS.PUMPINGLIQUIDORGAS.NAME"
"BUILDING.STATUSITEMS"	"Liquid Available: {Liquids}"	"可用液體：{Liquids}"	"STRINGS.BUILDING.STATUSITEMS.PUMPINGSTATION.NAME"
"BUILDING.STATUSITEMS"	"Currently Emitting: {ENERGY_RATE}"	"目前排出：{ENERGY_RATE}"	"STRINGS.BUILDING.STATUSITEMS.RADIATOR_ENERGY_CURRENT_EMISSION_RATE.NAME"
"BUILDING.STATUSITEMS"	"No Delivery Destination"	"沒有運送目的地"	"STRINGS.BUILDING.STATUSITEMS.RAILGUN_NO_DESTINATION.NAME"
"BUILDING.STATUSITEMS"	"Cleaning Rails: {timeleft}"	"清理軌道：{timeleft}"	"STRINGS.BUILDING.STATUSITEMS.RAILGUNCOOLDOWN.NAME"
"BUILDING.STATUSITEMS"	"Ready To Unpack"	"準備拆開"	"STRINGS.BUILDING.STATUSITEMS.RAILGUNPAYLOADNEEDSEMPTYING.NAME"
"BUILDING.STATUSITEMS"	"Storing: {Stored}"	"儲存：{Stored}"	"STRINGS.BUILDING.STATUSITEMS.RATIONBOXCONTENTS.NAME"
"BUILDING.STATUSITEMS"	"Reactor Meltdown"	"反應爐熔毀"	"STRINGS.BUILDING.STATUSITEMS.REACTORMELTDOWN.NAME"
"BUILDING.STATUSITEMS"	"Refuel Disabled"	"停用再裝填"	"STRINGS.BUILDING.STATUSITEMS.REACTORREFUELDISABLED.NAME"
"BUILDING.STATUSITEMS"	"Releasing Pressure"	"壓力釋放"	"STRINGS.BUILDING.STATUSITEMS.RELEASING_PRESSURE.NAME"
"BUILDING.STATUSITEMS"	"Assembling Remote Worker"	"組裝遙控機器人"	"STRINGS.BUILDING.STATUSITEMS.REMOTEWORKERDEPOT.MAKINGWORKER.NAME"
"BUILDING.STATUSITEMS"	"No Dock Assigned"	"未分配基站"	"STRINGS.BUILDING.STATUSITEMS.REMOTEWORKTERMINAL.NODOCK.NAME"
"BUILDING.STATUSITEMS"	"Skill-Required Operation"	"需要技能來操作"	"STRINGS.BUILDING.STATUSITEMS.REQUIRESSKILLPERK.NAME"
"BUILDING.STATUSITEMS"	"Current Research: {Tech}"	"目前研究：{Tech}"	"STRINGS.BUILDING.STATUSITEMS.RESEARCHING.NAME"
"BUILDING.STATUSITEMS"	"Idle"	"閒置"	"STRINGS.BUILDING.STATUSITEMS.ROCKET_PORT_IDLE.NAME"
"BUILDING.STATUSITEMS"	"Cargo Transfer Complete"	"貨物轉移完成"	"STRINGS.BUILDING.STATUSITEMS.ROCKET_PORT_LOADED.NAME"
"BUILDING.STATUSITEMS"	"Loading Rocket"	"裝載火箭"	"STRINGS.BUILDING.STATUSITEMS.ROCKET_PORT_LOADING.NAME"
"BUILDING.STATUSITEMS"	"Unloading Rocket"	"卸載火箭"	"STRINGS.BUILDING.STATUSITEMS.ROCKET_PORT_UNLOADING.NAME"
"BUILDING.STATUSITEMS"	"Unloading Cargo"	"卸載貨物"	"STRINGS.BUILDING.STATUSITEMS.ROCKETCARGOEMPTYING.NAME"
"BUILDING.STATUSITEMS"	"Loading Cargo"	"裝載貨物"	"STRINGS.BUILDING.STATUSITEMS.ROCKETCARGOFILLING.NAME"
"BUILDING.STATUSITEMS"	"Platform Ready"	"火箭平台就緒"	"STRINGS.BUILDING.STATUSITEMS.ROCKETCARGOFULL.NAME"
"BUILDING.STATUSITEMS"	"Launch Checklist Incomplete"	"發射檢查清單未完成"	"STRINGS.BUILDING.STATUSITEMS.ROCKETCHECKLISTINCOMPLETE.NAME"
"BUILDING.STATUSITEMS"	"Parent Rocket: {0}"	"母火箭：{0}"	"STRINGS.BUILDING.STATUSITEMS.ROCKETNAME.NAME"
"BUILDING.STATUSITEMS"	"Low Clearance: {distance} Tiles"	"低淨空（{distance} 格）"	"STRINGS.BUILDING.STATUSITEMS.ROCKETPLATFORMCLOSETOCEILING.NAME"
"BUILDING.STATUSITEMS"	"Access: Restricted"	"操作：受限制"	"STRINGS.BUILDING.STATUSITEMS.ROCKETRESTRICTIONACTIVE.NAME"
"BUILDING.STATUSITEMS"	"Access: Not Restricted"	"操作：不受限制"	"STRINGS.BUILDING.STATUSITEMS.ROCKETRESTRICTIONINACTIVE.NAME"
"BUILDING.STATUSITEMS"	"Stranded"	"擱淺"	"STRINGS.BUILDING.STATUSITEMS.ROCKETSTRANDED.NAME"
"BUILDING.STATUSITEMS"	"Skill Points Available"	"可用技能點"	"STRINGS.BUILDING.STATUSITEMS.SKILL_POINTS_AVAILABLE.NAME"
"BUILDING.STATUSITEMS"	"Conveyor Rail Blocked"	"輸送帶軌道阻塞"	"STRINGS.BUILDING.STATUSITEMS.SOLIDCONDUITBLOCKEDMULTIPLES.NAME"
"BUILDING.STATUSITEMS"	"Conveyor Rail Backup"	"輸送帶軌道堵塞"	"STRINGS.BUILDING.STATUSITEMS.SOLIDPIPEOBSTRUCTED.NAME"
"BUILDING.STATUSITEMS"	"Reduced Visibility"	"能見度降低"	"STRINGS.BUILDING.STATUSITEMS.SPACE_VISIBILITY_REDUCED.NAME"
"BUILDING.STATUSITEMS"	"Spacecraft ready to land"	"太空船準備著陸"	"STRINGS.BUILDING.STATUSITEMS.SPACECRAFTREADYTOLAND.NAME"
"BUILDING.STATUSITEMS"	"Drilling {0}: {1}"	"鑽探{0}：{1}"	"STRINGS.BUILDING.STATUSITEMS.SPACEPOIHARVESTING.NAME"
"BUILDING.STATUSITEMS"	"Contents: {0}"	"內容物：{0}"	"STRINGS.BUILDING.STATUSITEMS.SPECIALCARGOBAYCLUSTERCRITTERSTORED.NAME"
"BUILDING.STATUSITEMS"	"Spice Grinder accepts mutant seeds"	"香料研磨器接受變異種子"	"STRINGS.BUILDING.STATUSITEMS.SPICEGRINDERACCEPTSMUTANTSEEDS.NAME"
"BUILDING.STATUSITEMS"	"No Spice Selected"	"未選擇香料"	"STRINGS.BUILDING.STATUSITEMS.SPICEGRINDERNOSPICE.NAME"
"BUILDING.STATUSITEMS"	"Storing: {Stored} / {Capacity} {Units}"	"儲存：{Stored} / {Capacity} {Units}"	"STRINGS.BUILDING.STATUSITEMS.STORAGELOCKER.NAME"
"BUILDING.STATUSITEMS"	"Unreachable Storage"	"無法達到的儲存箱"	"STRINGS.BUILDING.STATUSITEMS.STORAGEUNREACHABLE.NAME"
"BUILDING.STATUSITEMS"	"Charge Available: {0}/{1}"	"可儲存：{0} / {1}"	"STRINGS.BUILDING.STATUSITEMS.STOREDCHARGE.NAME"
"BUILDING.STATUSITEMS"	"Current Status: Charging Suit"	"目前狀態：太空衣充氣中"	"STRINGS.BUILDING.STATUSITEMS.SUIT_LOCKER.CHARGING.NAME"
"BUILDING.STATUSITEMS"	"Current Status: Full Fueled"	"目前狀態：充滿燃料"	"STRINGS.BUILDING.STATUSITEMS.SUIT_LOCKER.FULLY_CHARGED.NAME"
"BUILDING.STATUSITEMS"	"Current Status: Needs Configuration"	"目前狀態：需要配置"	"STRINGS.BUILDING.STATUSITEMS.SUIT_LOCKER.NEED_CONFIGURATION.NAME"
"BUILDING.STATUSITEMS"	"Current Status: No Coolant"	"目前狀態：沒有冷卻劑"	"STRINGS.BUILDING.STATUSITEMS.SUIT_LOCKER.NO_COOLANT.NAME"
"BUILDING.STATUSITEMS"	"Current Status: No Fuel"	"目前狀態：沒有燃料"	"STRINGS.BUILDING.STATUSITEMS.SUIT_LOCKER.NO_FUEL.NAME"
"BUILDING.STATUSITEMS"	"Current Status: No Oxygen"	"目前狀態：沒有氧氣"	"STRINGS.BUILDING.STATUSITEMS.SUIT_LOCKER.NO_OXYGEN.NAME"
"BUILDING.STATUSITEMS"	"Current Status: Empty"	"目前狀態：空的"	"STRINGS.BUILDING.STATUSITEMS.SUIT_LOCKER.READY.NAME"
"BUILDING.STATUSITEMS"	"Current Status: Awaiting Delivery"	"現在狀態：等待運送"	"STRINGS.BUILDING.STATUSITEMS.SUIT_LOCKER.SUIT_REQUESTED.NAME"
"BUILDING.STATUSITEMS"	"Not Configured"	"未設定"	"STRINGS.BUILDING.STATUSITEMS.SUIT_LOCKER_NEEDS_CONFIGURATION.NAME"
"BUILDING.STATUSITEMS"	"Clearance: Always Permitted"	"通關：總是允許"	"STRINGS.BUILDING.STATUSITEMS.SUITMARKERTRAVERSALANYTIME.NAME"
"BUILDING.STATUSITEMS"	"Clearance: Vacancy Only"	"通關：有空位時"	"STRINGS.BUILDING.STATUSITEMS.SUITMARKERTRAVERSALONLYWHENROOMAVAILABLE.NAME"
"BUILDING.STATUSITEMS"	"Invalid Checkpoint"	"無效的檢查點"	"STRINGS.BUILDING.STATUSITEMS.SUITMARKERWRONGSIDE.NAME"
"BUILDING.STATUSITEMS"	"Active"	"啟動"	"STRINGS.BUILDING.STATUSITEMS.SWITCHSTATUSACTIVE.NAME"
"BUILDING.STATUSITEMS"	"Inactive"	"未啟動"	"STRINGS.BUILDING.STATUSITEMS.SWITCHSTATUSINACTIVE.NAME"
"BUILDING.STATUSITEMS"	"Insufficient Tanning Light"	"光線不足"	"STRINGS.BUILDING.STATUSITEMS.TANNINGLIGHTINSUFFICIENT.NAME"
"BUILDING.STATUSITEMS"	"Tanning Light Available"	"提供日光浴"	"STRINGS.BUILDING.STATUSITEMS.TANNINGLIGHTSUFFICIENT.NAME"
"BUILDING.STATUSITEMS"	"Babbling to no one."	"喃喃自語。"	"STRINGS.BUILDING.STATUSITEMS.TELEPHONE.BABBLE.NAME"
"BUILDING.STATUSITEMS"	"Too few Printing Pods {progress}"	"列印元數量太少 {progress}"	"STRINGS.BUILDING.STATUSITEMS.TEMPORAL_TEAR_OPENER_INSUFFICIENT_COLONIES.NAME"
"BUILDING.STATUSITEMS"	"Line of Sight: Obstructed"	"視線：受阻"	"STRINGS.BUILDING.STATUSITEMS.TEMPORAL_TEAR_OPENER_NO_LOS.NAME"
"BUILDING.STATUSITEMS"	"Temporal Tear not revealed"	"未發現時空裂縫"	"STRINGS.BUILDING.STATUSITEMS.TEMPORAL_TEAR_OPENER_NO_TARGET.NAME"
"BUILDING.STATUSITEMS"	"Charging Progress: {progress}"	"充能進度：{progress}"	"STRINGS.BUILDING.STATUSITEMS.TEMPORAL_TEAR_OPENER_PROGRESS.NAME"
"BUILDING.STATUSITEMS"	"Tinkering: {0}"	"微調：{0}"	"STRINGS.BUILDING.STATUSITEMS.TINKERING.NAME"
"BUILDING.STATUSITEMS"	"{FlushesRemaining} ""Visits"" Remaining"	"{FlushesRemaining} 「訪問次數」剩餘"	"STRINGS.BUILDING.STATUSITEMS.TOILET.NAME"
"BUILDING.STATUSITEMS"	"Unreachable restroom"	"無法到達廁所"	"STRINGS.BUILDING.STATUSITEMS.TOILETS_OUTSIDE_RANGE.NAME"
"BUILDING.STATUSITEMS"	"Too Cold"	"太冷"	"STRINGS.BUILDING.STATUSITEMS.TOO_COLD.NAME"
"BUILDING.STATUSITEMS"	"Top Priority"	"最高優先度"	"STRINGS.BUILDING.STATUSITEMS.TOP_PRIORITY_CHORE.NAME"
"BUILDING.STATUSITEMS"	"Smooth Ride Ready"	"旅行加速就緒"	"STRINGS.BUILDING.STATUSITEMS.TRANSITTUBEENTRANCEWAXREADY.NAME"
"BUILDING.STATUSITEMS"	"All Inputs Blocked"	"所有的進氣口阻塞"	"STRINGS.BUILDING.STATUSITEMS.TURBINE_BLOCKED_INPUT.NAME"
"BUILDING.STATUSITEMS"	"Not Enough {Src_Element}"	"{Src_Element}不足"	"STRINGS.BUILDING.STATUSITEMS.TURBINE_INSUFFICIENT_MASS.NAME"
"BUILDING.STATUSITEMS"	"{Src_Element} Temperature Below {Active_Temperature}"	"{Src_Element}溫度低於 {Active_Temperature}"	"STRINGS.BUILDING.STATUSITEMS.TURBINE_INSUFFICIENT_TEMPERATURE.NAME"
"BUILDING.STATUSITEMS"	"{Blocked}/{Total} Inputs Blocked"	"{Blocked}/{Total} 個進氣口阻塞"	"STRINGS.BUILDING.STATUSITEMS.TURBINE_PARTIALLY_BLOCKED_INPUT.NAME"
"BUILDING.STATUSITEMS"	"Spinning Up"	"啟動中"	"STRINGS.BUILDING.STATUSITEMS.TURBINE_SPINNING_UP.NAME"
"BUILDING.STATUSITEMS"	"Turbine Too Hot"	"渦輪機過熱"	"STRINGS.BUILDING.STATUSITEMS.TURBINE_TOO_HOT.NAME"
"BUILDING.STATUSITEMS"	"Unassigned"	"未分配"	"STRINGS.BUILDING.STATUSITEMS.UNASSIGNED.NAME"
"BUILDING.STATUSITEMS"	"Under Construction"	"建造中"	"STRINGS.BUILDING.STATUSITEMS.UNDERCONSTRUCTION.NAME"
"BUILDING.STATUSITEMS"	"Construction Errand"	"建造任務"	"STRINGS.BUILDING.STATUSITEMS.UNDERCONSTRUCTIONNOWORKER.NAME"
"BUILDING.STATUSITEMS"	"Low Air Pressure"	"低氣壓"	"STRINGS.BUILDING.STATUSITEMS.UNDERPRESSURE.NAME"
"BUILDING.STATUSITEMS"	"Out of Order"	"無法使用"	"STRINGS.BUILDING.STATUSITEMS.UNUSABLE.NAME"
"BUILDING.STATUSITEMS"	"Out of Order: Gunk"	"故障：黏渣"	"STRINGS.BUILDING.STATUSITEMS.UNUSABLEGUNKED.NAME"
"BUILDING.STATUSITEMS"	"Max Flow Rate: {MaxFlow}"	"最大流量：{MaxFlow}"	"STRINGS.BUILDING.STATUSITEMS.VALVE.NAME"
"BUILDING.STATUSITEMS"	"Requested Flow Rate: {QueuedMaxFlow}"	"要求流量：{QueuedMaxFlow}"	"STRINGS.BUILDING.STATUSITEMS.VALVEREQUEST.NAME"
"BUILDING.STATUSITEMS"	"Awaiting Delivery\n{ItemsRemaining}"	"等待材料運送\n{ItemsRemaining}"	"STRINGS.BUILDING.STATUSITEMS.WAITINGFORMATERIALS.NAME"
"BUILDING.STATUSITEMS"	"Awaiting Radbolts"	"等待輻射粒子"	"STRINGS.BUILDING.STATUSITEMS.WAITINGFORRADIATION.NAME"
"BUILDING.STATUSITEMS"	"Awaiting Repair Delivery\n{ItemsRemaining}\n"	"等待運送修理材料\n{ItemsRemaining}\n"	"STRINGS.BUILDING.STATUSITEMS.WAITINGFORREPAIRMATERIALS.NAME"
"BUILDING.STATUSITEMS"	"Waiting to land on {Destination}"	"等待著陸於 {Destination}"	"STRINGS.BUILDING.STATUSITEMS.WAITINGTOLAND.NAME"
"BUILDING.STATUSITEMS"	"Teleporter Disabled ({x}/2)"	"傳送管道停用（{x} / 2）"	"STRINGS.BUILDING.STATUSITEMS.WARPCONDUITPARTNERDISABLED.NAME"
"BUILDING.STATUSITEMS"	"Recharging: {charge}"	"充能中：{charge}"	"STRINGS.BUILDING.STATUSITEMS.WARPPORTALCHARGING.NAME"
"BUILDING.STATUSITEMS"	"Wattage: {Wattage}"	"瓦數：{Wattage}"	"STRINGS.BUILDING.STATUSITEMS.WATTAGE.NAME"
"BUILDING.STATUSITEMS"	"Next Print: {TimeRemaining}"	"下次列印：{TimeRemaining}"	"STRINGS.BUILDING.STATUSITEMS.WATTSON.NAME"
"BUILDING.STATUSITEMS"	"Colony Lost"	"殖民地毀滅"	"STRINGS.BUILDING.STATUSITEMS.WATTSONGAMEOVER.NAME"
"BUILDING.STATUSITEMS"	"Overpressure"	"壓力過高"	"STRINGS.BUILDING.STATUSITEMS.WELL_OVERPRESSURE.NAME"
"BUILDING.STATUSITEMS"	"Backpressure: {0}"	"背壓：{0}"	"STRINGS.BUILDING.STATUSITEMS.WELL_PRESSURIZING.NAME"
"BUILDING.STATUSITEMS"	"Intake Requires Gas"	"進氣口需要氣體"	"STRINGS.BUILDING.STATUSITEMS.WINDTUNNELINTAKE.NAME"
"BUILDING.STATUSITEMS"	"Current Load: {CurrentLoadAndColor} / {MaxLoad}"	"目前負載：{CurrentLoadAndColor} / {MaxLoad}"	"STRINGS.BUILDING.STATUSITEMS.WIRECIRCUITSTATUS.NAME"
"BUILDING.STATUSITEMS"	"Wire Connected"	"電線已連接"	"STRINGS.BUILDING.STATUSITEMS.WIRECONNECTED.NAME"
"BUILDING.STATUSITEMS"	"Wire Disconnected"	"電線未連接"	"STRINGS.BUILDING.STATUSITEMS.WIREDISCONNECTED.NAME"
"BUILDING.STATUSITEMS"	"Potential Load: {TotalPotentialLoadAndColor} / {MaxLoad}"	"潛在負載：{TotalPotentialLoadAndColor} / {MaxLoad}"	"STRINGS.BUILDING.STATUSITEMS.WIREMAXWATTAGESTATUS.NAME"
"BUILDING.STATUSITEMS"	"Wire Nominal"	"電線正常"	"STRINGS.BUILDING.STATUSITEMS.WIRENOMINAL.NAME"
"BUILDING.STATUSITEMS"	"Duplicant Operation Required"	"需要複製人操作"	"STRINGS.BUILDING.STATUSITEMS.WORKREQUIRESMINION.NAME"
"BUILDINGS.AUTODISINFECTABLE"	"Disable Disinfect"	"停用自動消毒"	"STRINGS.BUILDINGS.AUTODISINFECTABLE.DISABLE_AUTODISINFECT.NAME"
"BUILDINGS.AUTODISINFECTABLE"	"Enable Disinfect"	"啟用自動消毒"	"STRINGS.BUILDINGS.AUTODISINFECTABLE.ENABLE_AUTODISINFECT.NAME"
"BUILDINGS.AUTOMATABLE"	"Enable Manual"	"啟用手動"	"STRINGS.BUILDINGS.AUTOMATABLE.DISABLE_AUTOMATIONONLY.NAME"
"BUILDINGS.AUTOMATABLE"	"Disable Manual"	"停用手動"	"STRINGS.BUILDINGS.AUTOMATABLE.ENABLE_AUTOMATIONONLY.NAME"
"BUILDINGS.DISINFECTABLE"	"Cancel Disinfect"	"取消消毒"	"STRINGS.BUILDINGS.DISINFECTABLE.DISABLE_DISINFECT.NAME"
"BUILDINGS.DISINFECTABLE"	"Disinfect"	"消毒"	"STRINGS.BUILDINGS.DISINFECTABLE.ENABLE_DISINFECT.NAME"
"BUILDINGS.PREFABS"	"Nuclear Apothecary"	"核能製藥桌"	"STRINGS.BUILDINGS.PREFABS.ADVANCEDAPOTHECARY.NAME"
"BUILDINGS.PREFABS"	"Soldering Station"	"焊接台"	"STRINGS.BUILDINGS.PREFABS.ADVANCEDCRAFTINGTABLE.NAME"
"BUILDINGS.PREFABS"	"Disease Clinic"	"隔離診療站"	"STRINGS.BUILDINGS.PREFABS.ADVANCEDDOCTORSTATION.NAME"
"BUILDINGS.PREFABS"	"Super Computer"	"超級電腦"	"STRINGS.BUILDINGS.PREFABS.ADVANCEDRESEARCHCENTER.NAME"
"BUILDINGS.PREFABS"	"Airborne Critter Lure"	"飛行動物引誘機"	"STRINGS.BUILDINGS.PREFABS.AIRBORNECREATURELURE.NAME"
"BUILDINGS.PREFABS"	"Airborne Critter Condo"	"飛行小動物公寓"	"STRINGS.BUILDINGS.PREFABS.AIRBORNECRITTERCONDO.NAME"
"BUILDINGS.PREFABS"	"Thermo Regulator"	"冷氣機"	"STRINGS.BUILDINGS.PREFABS.AIRCONDITIONER.NAME"
"BUILDINGS.PREFABS"	"Deodorizer"	"空氣濾淨機"	"STRINGS.BUILDINGS.PREFABS.AIRFILTER.NAME"
"BUILDINGS.PREFABS"	"Algae Distiller"	"藻類蒸餾機"	"STRINGS.BUILDINGS.PREFABS.ALGAEDISTILLERY.NAME"
"BUILDINGS.PREFABS"	"Algae Terrarium"	"藻類盆栽"	"STRINGS.BUILDINGS.PREFABS.ALGAEHABITAT.NAME"
"BUILDINGS.PREFABS"	"Apothecary"	"製藥桌"	"STRINGS.BUILDINGS.PREFABS.APOTHECARY.NAME"
"BUILDINGS.PREFABS"	"Arcade Cabinet"	"街機"	"STRINGS.BUILDINGS.PREFABS.ARCADEMACHINE.NAME"
"BUILDINGS.PREFABS"	"Artifact Analysis Station"	"文物分析站"	"STRINGS.BUILDINGS.PREFABS.ARTIFACTANALYSISSTATION.NAME"
"BUILDINGS.PREFABS"	"Artifact Transport Module"	"文物運輸模組"	"STRINGS.BUILDINGS.PREFABS.ARTIFACTCARGOBAY.NAME"
"BUILDINGS.PREFABS"	"Space Cadet Centrifuge"	"太空人培訓離心機"	"STRINGS.BUILDINGS.PREFABS.ASTRONAUTTRAININGCENTER.NAME"
"BUILDINGS.PREFABS"	"Robo-Miner"	"機械礦工"	"STRINGS.BUILDINGS.PREFABS.AUTOMINER.NAME"
"BUILDINGS.PREFABS"	"Battery"	"電池"	"STRINGS.BUILDINGS.PREFABS.BATTERY.NAME"
"BUILDINGS.PREFABS"	"Jumbo Battery"	"大電池"	"STRINGS.BUILDINGS.PREFABS.BATTERYMEDIUM.NAME"
"BUILDINGS.PREFABS"	"Battery Module"	"電池模組"	"STRINGS.BUILDINGS.PREFABS.BATTERYMODULE.NAME"
"BUILDINGS.PREFABS"	"Smart Battery"	"智慧電池"	"STRINGS.BUILDINGS.PREFABS.BATTERYSMART.NAME"
"BUILDINGS.PREFABS"	"Beach Chair"	"海灘椅"	"STRINGS.BUILDINGS.PREFABS.BEACHCHAIR.NAME"
"BUILDINGS.PREFABS"	"Camping Cot"	"露營床鋪"	"STRINGS.BUILDINGS.PREFABS.BED.FACADES.CREAKY.NAME"
"BUILDINGS.PREFABS"	"Cot"	"床鋪"	"STRINGS.BUILDINGS.PREFABS.BED.FACADES.DEFAULT_BED.NAME"
"BUILDINGS.PREFABS"	"Lab Cot"	"實驗室床鋪"	"STRINGS.BUILDINGS.PREFABS.BED.FACADES.SCIENCELAB.NAME"
"BUILDINGS.PREFABS"	"Stargazer Cot"	"觀星者床鋪"	"STRINGS.BUILDINGS.PREFABS.BED.FACADES.STARCURTAIN.NAME"
"BUILDINGS.PREFABS"	"Staycation Cot"	"宅家床鋪"	"STRINGS.BUILDINGS.PREFABS.BED.FACADES.STAYCATION.NAME"
"BUILDINGS.PREFABS"	"Good Job Cot"	"好運床鋪"	"STRINGS.BUILDINGS.PREFABS.BED.FACADES.STRINGLIGHTS.NAME"
"BUILDINGS.PREFABS"	"Beeta Hive"	"輻射蜂巢"	"STRINGS.BUILDINGS.PREFABS.BEEHIVE.NAME"
"BUILDINGS.PREFABS"	"Biodiesel Engine"	"生質柴油引擎"	"STRINGS.BUILDINGS.PREFABS.BIODIESELENGINE.NAME"
"BUILDINGS.PREFABS"	"Bottle Emptier"	"清瓶器"	"STRINGS.BUILDINGS.PREFABS.BOTTLEEMPTIER.NAME"
"BUILDINGS.PREFABS"	"Canister Drainer"	"氣罐抽取器"	"STRINGS.BUILDINGS.PREFABS.BOTTLEEMPTIERCONDUITGAS.NAME"
"BUILDINGS.PREFABS"	"Bottle Drainer"	"瓶子抽取器"	"STRINGS.BUILDINGS.PREFABS.BOTTLEEMPTIERCONDUITLIQUID.NAME"
"BUILDINGS.PREFABS"	"Canister Emptier"	"清罐器"	"STRINGS.BUILDINGS.PREFABS.BOTTLEEMPTIERGAS.NAME"
"BUILDINGS.PREFABS"	"Bunker Door"	"防爆門"	"STRINGS.BUILDINGS.PREFABS.BUNKERDOOR.NAME"
"BUILDINGS.PREFABS"	"Bunker Tile"	"防爆磚"	"STRINGS.BUILDINGS.PREFABS.BUNKERTILE.NAME"
"BUILDINGS.PREFABS"	"Wood Heater"	"柴火爐"	"STRINGS.BUILDINGS.PREFABS.CAMPFIRE.NAME"
"BUILDINGS.PREFABS"	"Doodle Dee Duplicant"	"複製人的塗鴉"	"STRINGS.BUILDINGS.PREFABS.CANVAS.FACADES.ART_A.NAME"
"BUILDINGS.PREFABS"	"Midnight Meal"	"夜宵"	"STRINGS.BUILDINGS.PREFABS.CANVAS.FACADES.ART_B.NAME"
"BUILDINGS.PREFABS"	"Dupa Leesa"	"複娜麗莎"	"STRINGS.BUILDINGS.PREFABS.CANVAS.FACADES.ART_C.NAME"
"BUILDINGS.PREFABS"	"The Screech"	"尖叫"	"STRINGS.BUILDINGS.PREFABS.CANVAS.FACADES.ART_D.NAME"
"BUILDINGS.PREFABS"	"Moopoleon Bonafarte"	"姆破崙·波拿巴"	"STRINGS.BUILDINGS.PREFABS.CANVAS.FACADES.ART_F.NAME"
"BUILDINGS.PREFABS"	"Expressive Genius"	"表情豐富的天才"	"STRINGS.BUILDINGS.PREFABS.CANVAS.FACADES.ART_G.NAME"
"BUILDINGS.PREFABS"	"The Smooch"	"接吻"	"STRINGS.BUILDINGS.PREFABS.CANVAS.FACADES.ART_H.NAME"
"BUILDINGS.PREFABS"	"Self-Self-Self Portrait"	"我對我自我的自畫像"	"STRINGS.BUILDINGS.PREFABS.CANVAS.FACADES.ART_I.NAME"
"BUILDINGS.PREFABS"	"Nikola Devouring His Mush Bar"	"飢不擇食"	"STRINGS.BUILDINGS.PREFABS.CANVAS.FACADES.ART_J.NAME"
"BUILDINGS.PREFABS"	"Sketchy Fungi"	"真菌素描"	"STRINGS.BUILDINGS.PREFABS.CANVAS.FACADES.ART_K.NAME"
"BUILDINGS.PREFABS"	"Post-Ear Era"	"耳後時代"	"STRINGS.BUILDINGS.PREFABS.CANVAS.FACADES.ART_L.NAME"
"BUILDINGS.PREFABS"	"Maternal Gaze"	"母親的凝視"	"STRINGS.BUILDINGS.PREFABS.CANVAS.FACADES.ART_M.NAME"
"BUILDINGS.PREFABS"	"Always Hope"	"希望永存"	"STRINGS.BUILDINGS.PREFABS.CANVAS.FACADES.ART_N.NAME"
"BUILDINGS.PREFABS"	"Hands-On"	"親手實踐"	"STRINGS.BUILDINGS.PREFABS.CANVAS.FACADES.ART_O.NAME"
"BUILDINGS.PREFABS"	"Pour Soul"	"傾倒靈魂"	"STRINGS.BUILDINGS.PREFABS.CANVAS.FACADES.ART_P.NAME"
"BUILDINGS.PREFABS"	"Ore Else"	"不燃的畫"	"STRINGS.BUILDINGS.PREFABS.CANVAS.FACADES.ART_Q.NAME"
"BUILDINGS.PREFABS"	"Lazer Pipz"	"雷射樹鼠"	"STRINGS.BUILDINGS.PREFABS.CANVAS.FACADES.ART_R.NAME"
"BUILDINGS.PREFABS"	"Blank Canvas"	"空白畫布"	"STRINGS.BUILDINGS.PREFABS.CANVAS.NAME"
"BUILDINGS.PREFABS"	"Ode to O2"	"讚頌氧氣"	"STRINGS.BUILDINGS.PREFABS.CANVASTALL.FACADES.ART_TALL_A.NAME"
"BUILDINGS.PREFABS"	"A Cool Wheeze"	"冰息"	"STRINGS.BUILDINGS.PREFABS.CANVASTALL.FACADES.ART_TALL_B.NAME"
"BUILDINGS.PREFABS"	"Luxe Splatter"	"優雅的濺汙"	"STRINGS.BUILDINGS.PREFABS.CANVASTALL.FACADES.ART_TALL_C.NAME"
"BUILDINGS.PREFABS"	"Pickled Meal Lice II"	"醃製米虱，第2作"	"STRINGS.BUILDINGS.PREFABS.CANVASTALL.FACADES.ART_TALL_D.NAME"
"BUILDINGS.PREFABS"	"Fruit Face"	"水果臉"	"STRINGS.BUILDINGS.PREFABS.CANVASTALL.FACADES.ART_TALL_E.NAME"
"BUILDINGS.PREFABS"	"Girl with the Blue Scarf"	"戴藍髮巾的少女"	"STRINGS.BUILDINGS.PREFABS.CANVASTALL.FACADES.ART_TALL_F.NAME"
"BUILDINGS.PREFABS"	"A Farewell at Sunrise"	"日出辭行"	"STRINGS.BUILDINGS.PREFABS.CANVASTALL.FACADES.ART_TALL_G.NAME"
"BUILDINGS.PREFABS"	"Conqueror of Clusters"	"星群征服者"	"STRINGS.BUILDINGS.PREFABS.CANVASTALL.FACADES.ART_TALL_H.NAME"
"BUILDINGS.PREFABS"	"Pei Phone"	"電話中的 Pei"	"STRINGS.BUILDINGS.PREFABS.CANVASTALL.FACADES.ART_TALL_I.NAME"
"BUILDINGS.PREFABS"	"Duplicants of the Galaxy"	"星際複製隊"	"STRINGS.BUILDINGS.PREFABS.CANVASTALL.FACADES.ART_TALL_J.NAME"
"BUILDINGS.PREFABS"	"Cubist Loo"	"立體主義廁所"	"STRINGS.BUILDINGS.PREFABS.CANVASTALL.FACADES.ART_TALL_K.NAME"
"BUILDINGS.PREFABS"	"Mirror Ball"	"反射球"	"STRINGS.BUILDINGS.PREFABS.CANVASTALL.FACADES.ART_TALL_L.NAME"
"BUILDINGS.PREFABS"	"Do Not Disturb"	"請勿打擾"	"STRINGS.BUILDINGS.PREFABS.CANVASTALL.FACADES.ART_TALL_M.NAME"
"BUILDINGS.PREFABS"	"The Feast"	"盛宴"	"STRINGS.BUILDINGS.PREFABS.CANVASTALL.FACADES.ART_TALL_P.NAME"
"BUILDINGS.PREFABS"	"Portrait Canvas"	"肖像畫"	"STRINGS.BUILDINGS.PREFABS.CANVASTALL.NAME"
"BUILDINGS.PREFABS"	"The Twins"	"雙胞胎"	"STRINGS.BUILDINGS.PREFABS.CANVASWIDE.FACADES.ART_WIDE_A.NAME"
"BUILDINGS.PREFABS"	"Ground Zero"	"爆炸的起點"	"STRINGS.BUILDINGS.PREFABS.CANVASWIDE.FACADES.ART_WIDE_B.NAME"
"BUILDINGS.PREFABS"	"Still Life with Barbeque and Frost Bun"	"烤肉與冰霜麵包的靜物畫"	"STRINGS.BUILDINGS.PREFABS.CANVASWIDE.FACADES.ART_WIDE_C.NAME"
"BUILDINGS.PREFABS"	"Composition with Three Colors"	"三種顏色的構成"	"STRINGS.BUILDINGS.PREFABS.CANVASWIDE.FACADES.ART_WIDE_D.NAME"
"BUILDINGS.PREFABS"	"Behold, A Fork"	"看吶，一把叉子"	"STRINGS.BUILDINGS.PREFABS.CANVASWIDE.FACADES.ART_WIDE_E.NAME"
"BUILDINGS.PREFABS"	"The Astronomer at Home"	"在家的天文學家"	"STRINGS.BUILDINGS.PREFABS.CANVASWIDE.FACADES.ART_WIDE_F.NAME"
"BUILDINGS.PREFABS"	"Iconic Iteration"	"標誌性的疊代"	"STRINGS.BUILDINGS.PREFABS.CANVASWIDE.FACADES.ART_WIDE_G.NAME"
"BUILDINGS.PREFABS"	"La Belle Meep"	"美人 Meep"	"STRINGS.BUILDINGS.PREFABS.CANVASWIDE.FACADES.ART_WIDE_H.NAME"
"BUILDINGS.PREFABS"	"Glorious Vole"	"光榮的地鼠"	"STRINGS.BUILDINGS.PREFABS.CANVASWIDE.FACADES.ART_WIDE_I.NAME"
"BUILDINGS.PREFABS"	"The Swell Swell"	"激流的急流"	"STRINGS.BUILDINGS.PREFABS.CANVASWIDE.FACADES.ART_WIDE_J.NAME"
"BUILDINGS.PREFABS"	"Flight of the Slicksters"	"飛翔的小滑頭"	"STRINGS.BUILDINGS.PREFABS.CANVASWIDE.FACADES.ART_WIDE_K.NAME"
"BUILDINGS.PREFABS"	"The Shiny Night"	"發光夜"	"STRINGS.BUILDINGS.PREFABS.CANVASWIDE.FACADES.ART_WIDE_L.NAME"
"BUILDINGS.PREFABS"	"Hot Afternoon"	"炎熱的午後"	"STRINGS.BUILDINGS.PREFABS.CANVASWIDE.FACADES.ART_WIDE_M.NAME"
"BUILDINGS.PREFABS"	"Super Old Mural"	"超古老壁畫"	"STRINGS.BUILDINGS.PREFABS.CANVASWIDE.FACADES.ART_WIDE_O.NAME"
"BUILDINGS.PREFABS"	"Landscape Canvas"	"風景畫"	"STRINGS.BUILDINGS.PREFABS.CANVASWIDE.NAME"
"BUILDINGS.PREFABS"	"Cargo Bay"	"貨艙"	"STRINGS.BUILDINGS.PREFABS.CARGOBAY.NAME"
"BUILDINGS.PREFABS"	"Large Cargo Bay"	"大型貨艙"	"STRINGS.BUILDINGS.PREFABS.CARGOBAYCLUSTER.NAME"
"BUILDINGS.PREFABS"	"Carpeted Tile"	"地毯磚"	"STRINGS.BUILDINGS.PREFABS.CARPETTILE.NAME"
"BUILDINGS.PREFABS"	"Hanging Fossil Block"	"垂吊化石雕塑塊"	"STRINGS.BUILDINGS.PREFABS.CEILINGFOSSILSCULPTURE.NAME"
"BUILDINGS.PREFABS"	"Blossom Ceiling Light"	"花朵吸頂燈"	"STRINGS.BUILDINGS.PREFABS.CEILINGLIGHT.FACADES.BLOSSOM.NAME"
"BUILDINGS.PREFABS"	"Ceiling Light"	"吸頂燈"	"STRINGS.BUILDINGS.PREFABS.CEILINGLIGHT.FACADES.DEFAULT_CEILINGLIGHT.NAME"
"BUILDINGS.PREFABS"	"Faux Pipe Ceiling Light"	"仿製管道吸頂燈"	"STRINGS.BUILDINGS.PREFABS.CEILINGLIGHT.FACADES.FAUXPIPE.NAME"
"BUILDINGS.PREFABS"	"Lab Flask Ceiling Light"	"實驗室燒瓶吸頂燈"	"STRINGS.BUILDINGS.PREFABS.CEILINGLIGHT.FACADES.LABFLASK.NAME"
"BUILDINGS.PREFABS"	"Mining Ceiling Light"	"礦井吸頂燈"	"STRINGS.BUILDINGS.PREFABS.CEILINGLIGHT.FACADES.MINING.NAME"
"BUILDINGS.PREFABS"	"Polka Dot Ceiling Light"	"波點吸頂燈"	"STRINGS.BUILDINGS.PREFABS.CEILINGLIGHT.FACADES.POLKADOT.NAME"
"BUILDINGS.PREFABS"	"Puzzle Cube Ceiling Light"	"魔方吸頂燈"	"STRINGS.BUILDINGS.PREFABS.CEILINGLIGHT.FACADES.RUBIKS.NAME"
"BUILDINGS.PREFABS"	"Duplicant Checkpoint"	"複製人檢查點"	"STRINGS.BUILDINGS.PREFABS.CHECKPOINT.NAME"
"BUILDINGS.PREFABS"	"Emulsifier"	"乳化器"	"STRINGS.BUILDINGS.PREFABS.CHEMICALREFINERY.NAME"
"BUILDINGS.PREFABS"	"Bleach Stone Hopper"	"漂白石料斗"	"STRINGS.BUILDINGS.PREFABS.CHLORINATOR.NAME"
"BUILDINGS.PREFABS"	"Clothing Refashionator"	"服裝改造機"	"STRINGS.BUILDINGS.PREFABS.CLOTHINGALTERATIONSTATION.NAME"
"BUILDINGS.PREFABS"	"Textile Loom"	"紡織機"	"STRINGS.BUILDINGS.PREFABS.CLOTHINGFABRICATOR.NAME"
"BUILDINGS.PREFABS"	"Command Capsule"	"指揮太空艙"	"STRINGS.BUILDINGS.PREFABS.CLUSTERCOMMANDMODULE.NAME"
"BUILDINGS.PREFABS"	"Interior Hatch"	"室內艙口"	"STRINGS.BUILDINGS.PREFABS.CLUSTERCRAFTINTERIORDOOR.NAME"
"BUILDINGS.PREFABS"	"Telescope"	"望遠鏡"	"STRINGS.BUILDINGS.PREFABS.CLUSTERTELESCOPE.NAME"
"BUILDINGS.PREFABS"	"Enclosed Telescope"	"天文望遠鏡"	"STRINGS.BUILDINGS.PREFABS.CLUSTERTELESCOPEENCLOSED.NAME"
"BUILDINGS.PREFABS"	"Carbon Dioxide Engine"	"二氧化碳引擎"	"STRINGS.BUILDINGS.PREFABS.CO2ENGINE.NAME"
"BUILDINGS.PREFABS"	"Carbon Skimmer"	"除碳機"	"STRINGS.BUILDINGS.PREFABS.CO2SCRUBBER.NAME"
"BUILDINGS.PREFABS"	"Space Scanner"	"太空雷達"	"STRINGS.BUILDINGS.PREFABS.COMETDETECTOR.NAME"
"BUILDINGS.PREFABS"	"Compost"	"堆肥"	"STRINGS.BUILDINGS.PREFABS.COMPOST.NAME"
"BUILDINGS.PREFABS"	"Marked for Emptying"	"標記為清空"	"STRINGS.BUILDINGS.PREFABS.CONDUIT.STATUS_ITEM.NAME"
"BUILDINGS.PREFABS"	"Conduction Panel"	"導熱板"	"STRINGS.BUILDINGS.PREFABS.CONTACTCONDUCTIVEPIPEBRIDGE.NAME"
"BUILDINGS.PREFABS"	"Electric Grill"	"電烤爐"	"STRINGS.BUILDINGS.PREFABS.COOKINGSTATION.NAME"
"BUILDINGS.PREFABS"	"Corner Trim"	"邊角飾件"	"STRINGS.BUILDINGS.PREFABS.CORNERMOULDING.FACADES.DEFAULT_CORNERMOULDING.NAME"
"BUILDINGS.PREFABS"	"Fancy Bug Corner Garland"	"花俏蟲邊角花環"	"STRINGS.BUILDINGS.PREFABS.CORNERMOULDING.FACADES.SHINEORNAMENTS.NAME"
"BUILDINGS.PREFABS"	"Virtual Planetarium"	"虛擬天文館"	"STRINGS.BUILDINGS.PREFABS.COSMICRESEARCHCENTER.NAME"
"BUILDINGS.PREFABS"	"Crafting Station"	"工藝台"	"STRINGS.BUILDINGS.PREFABS.CRAFTINGTABLE.NAME"
"BUILDINGS.PREFABS"	"Airborne Critter Trap"	"飛行小動物陷阱"	"STRINGS.BUILDINGS.PREFABS.CREATUREAIRTRAP.NAME"
"BUILDINGS.PREFABS"	"Critter Drop-Off"	"動物放置點"	"STRINGS.BUILDINGS.PREFABS.CREATUREDELIVERYPOINT.NAME"
"BUILDINGS.PREFABS"	"Critter Feeder"	"動物餵食器"	"STRINGS.BUILDINGS.PREFABS.CREATUREFEEDER.NAME"
"BUILDINGS.PREFABS"	"Critter Trap"	"小動物陷阱"	"STRINGS.BUILDINGS.PREFABS.CREATUREGROUNDTRAP.NAME"
"BUILDINGS.PREFABS"	"Critter Condo"	"小動物公寓"	"STRINGS.BUILDINGS.PREFABS.CRITTERCONDO.NAME"
"BUILDINGS.PREFABS"	"Critter Pick-Up"	"小動物移取點"	"STRINGS.BUILDINGS.PREFABS.CRITTERPICKUP.NAME"
"BUILDINGS.PREFABS"	"Ceiling Trim"	"天花板飾件"	"STRINGS.BUILDINGS.PREFABS.CROWNMOULDING.FACADES.DEFAULT_CROWNMOULDING.NAME"
"BUILDINGS.PREFABS"	"Fancy Bug Ceiling Garland"	"花俏蟲天花板花環"	"STRINGS.BUILDINGS.PREFABS.CROWNMOULDING.FACADES.SHINEORNAMENTS.NAME"
"BUILDINGS.PREFABS"	"Cryotank 3000"	"低溫艙 3000"	"STRINGS.BUILDINGS.PREFABS.CRYOTANK.NAME"
"BUILDINGS.PREFABS"	"Data Miner"	"資料探勘儀"	"STRINGS.BUILDINGS.PREFABS.DATAMINER.NAME"
"BUILDINGS.PREFABS"	"Decontamination Shower"	"淨化淋浴間"	"STRINGS.BUILDINGS.PREFABS.DECONTAMINATIONSHOWER.NAME"
"BUILDINGS.PREFABS"	"Deep Fryer"	"油炸鍋"	"STRINGS.BUILDINGS.PREFABS.DEEPFRYER.NAME"
"BUILDINGS.PREFABS"	"Outside of Kitchen"	"位在廚房之外"	"STRINGS.BUILDINGS.PREFABS.DEEPFRYER.STATUSITEMS.OUTSIDE_KITCHEN.NAME"
"BUILDINGS.PREFABS"	"Desalinator"	"海水淡化機"	"STRINGS.BUILDINGS.PREFABS.DESALINATOR.NAME"
"BUILDINGS.PREFABS"	"Dev Generator"	"開發者發電機"	"STRINGS.BUILDINGS.PREFABS.DEVGENERATOR.NAME"
"BUILDINGS.PREFABS"	"Dev Heater"	"開發者加熱器"	"STRINGS.BUILDINGS.PREFABS.DEVHEATER.NAME"
"BUILDINGS.PREFABS"	"Dev Radbolt Generator"	"開發者粒子產生器"	"STRINGS.BUILDINGS.PREFABS.DEVHEPSPAWNER.NAME"
"BUILDINGS.PREFABS"	"Dev Life Support"	"開發者維生器"	"STRINGS.BUILDINGS.PREFABS.DEVLIFESUPPORT.NAME"
"BUILDINGS.PREFABS"	"Dev Light Source"	"開發者光源"	"STRINGS.BUILDINGS.PREFABS.DEVLIGHTGENERATOR.NAME"
"BUILDINGS.PREFABS"	"Dev Pump Gas"	"開發者氣體幫浦"	"STRINGS.BUILDINGS.PREFABS.DEVPUMPGAS.NAME"
"BUILDINGS.PREFABS"	"Dev Pump Liquid"	"開發者液體幫浦"	"STRINGS.BUILDINGS.PREFABS.DEVPUMPLIQUID.NAME"
"BUILDINGS.PREFABS"	"Dev Pump Solid"	"開發者固體幫浦"	"STRINGS.BUILDINGS.PREFABS.DEVPUMPSOLID.NAME"
"BUILDINGS.PREFABS"	"Dev Radiation Emitter"	"開發者輻射發射器"	"STRINGS.BUILDINGS.PREFABS.DEVRADIATIONGENERATOR.NAME"
"BUILDINGS.PREFABS"	"Diamond Press"	"鑽石製造機"	"STRINGS.BUILDINGS.PREFABS.DIAMONDPRESS.NAME"
"BUILDINGS.PREFABS"	"Mess Table"	"單人餐桌"	"STRINGS.BUILDINGS.PREFABS.DININGTABLE.NAME"
"BUILDINGS.PREFABS"	"Liquid Channel"	"液體通道"	"STRINGS.BUILDINGS.PREFABS.DIRECTIONALWORLDPUMPLIQUID.NAME"
"BUILDINGS.PREFABS"	"Distillation Column"	"蒸餾塔"	"STRINGS.BUILDINGS.PREFABS.DISTILLATIONCOLUMN.NAME"
"BUILDINGS.PREFABS"	"Research Portal"	"研究傳送通道"	"STRINGS.BUILDINGS.PREFABS.DLC2POITECHUNLOCKS.NAME"
"BUILDINGS.PREFABS"	"Sick Bay"	"醫務站"	"STRINGS.BUILDINGS.PREFABS.DOCTORSTATION.NAME"
"BUILDINGS.PREFABS"	"Auto"	"自動"	"STRINGS.BUILDINGS.PREFABS.DOOR.CONTROL_STATE.AUTO.NAME"
"BUILDINGS.PREFABS"	"Lock"	"上鎖"	"STRINGS.BUILDINGS.PREFABS.DOOR.CONTROL_STATE.CLOSE.NAME"
"BUILDINGS.PREFABS"	"Open"	"打開"	"STRINGS.BUILDINGS.PREFABS.DOOR.CONTROL_STATE.OPEN.NAME"
"BUILDINGS.PREFABS"	"Pneumatic Door"	"透氣門"	"STRINGS.BUILDINGS.PREFABS.DOOR.NAME"
"BUILDINGS.PREFABS"	"Beaker Cracker"	"燒杯裂蛋器"	"STRINGS.BUILDINGS.PREFABS.EGGCRACKER.FACADES.BEAKER.NAME"
"BUILDINGS.PREFABS"	"Egg Cracker"	"裂蛋器"	"STRINGS.BUILDINGS.PREFABS.EGGCRACKER.FACADES.DEFAULT_EGGCRACKER.NAME"
"BUILDINGS.PREFABS"	"Blossom Cracker"	"繁盛裂蛋器"	"STRINGS.BUILDINGS.PREFABS.EGGCRACKER.FACADES.FLOWER.NAME"
"BUILDINGS.PREFABS"	"Handy Cracker"	"巧手裂蛋器"	"STRINGS.BUILDINGS.PREFABS.EGGCRACKER.FACADES.HANDS.NAME"
"BUILDINGS.PREFABS"	"Incubator"	"孵化器"	"STRINGS.BUILDINGS.PREFABS.EGGINCUBATOR.NAME"
"BUILDINGS.PREFABS"	"Power Bank Charger"	"行動電源充電機"	"STRINGS.BUILDINGS.PREFABS.ELECTROBANKCHARGER.NAME"
"BUILDINGS.PREFABS"	"Electrolyzer"	"電解槽"	"STRINGS.BUILDINGS.PREFABS.ELECTROLYZER.NAME"
"BUILDINGS.PREFABS"	"Escape Pod"	"逃生艙"	"STRINGS.BUILDINGS.PREFABS.ESCAPEPOD.NAME"
"BUILDINGS.PREFABS"	"Espresso Machine"	"濃縮咖啡機"	"STRINGS.BUILDINGS.PREFABS.ESPRESSOMACHINE.NAME"
"BUILDINGS.PREFABS"	"Ethanol Distiller"	"乙醇蒸餾機"	"STRINGS.BUILDINGS.PREFABS.ETHANOLDISTILLERY.NAME"
"BUILDINGS.PREFABS"	"Mini-Pod"	"小型列印元"	"STRINGS.BUILDINGS.PREFABS.EXOBASEHEADQUARTERS.NAME"
"BUILDINGS.PREFABS"	"Aquatic Mosaic"	"泳池馬賽克"	"STRINGS.BUILDINGS.PREFABS.EXTERIORWALL.FACADES.AQUATICMOSAIC.NAME"
"BUILDINGS.PREFABS"	"Balm Lily Print"	"香水百合印花"	"STRINGS.BUILDINGS.PREFABS.EXTERIORWALL.FACADES.BALM_LILY.NAME"
"BUILDINGS.PREFABS"	"Solid Cobalt"	"純藍牆板"	"STRINGS.BUILDINGS.PREFABS.EXTERIORWALL.FACADES.BASIC_BLUE_COBALT.NAME"
"BUILDINGS.PREFABS"	"Spring Green"	"春綠牆板"	"STRINGS.BUILDINGS.PREFABS.EXTERIORWALL.FACADES.BASIC_GREEN_KELLY.NAME"
"BUILDINGS.PREFABS"	"Solid Charcoal"	"木炭牆板"	"STRINGS.BUILDINGS.PREFABS.EXTERIORWALL.FACADES.BASIC_GREY_CHARCOAL.NAME"
"BUILDINGS.PREFABS"	"Solid Satsuma"	"蜜橘牆板"	"STRINGS.BUILDINGS.PREFABS.EXTERIORWALL.FACADES.BASIC_ORANGE_SATSUMA.NAME"
"BUILDINGS.PREFABS"	"Solid Pink"	"純粉牆板"	"STRINGS.BUILDINGS.PREFABS.EXTERIORWALL.FACADES.BASIC_PINK_FLAMINGO.NAME"
"BUILDINGS.PREFABS"	"Chili Red"	"椒紅牆板"	"STRINGS.BUILDINGS.PREFABS.EXTERIORWALL.FACADES.BASIC_RED_DEEP.NAME"
"BUILDINGS.PREFABS"	"Fresh White"	"純白牆板"	"STRINGS.BUILDINGS.PREFABS.EXTERIORWALL.FACADES.BASIC_WHITE.NAME"
"BUILDINGS.PREFABS"	"Canary Yellow"	"金絲雀黃"	"STRINGS.BUILDINGS.PREFABS.EXTERIORWALL.FACADES.BASIC_YELLOW_LEMON.NAME"
"BUILDINGS.PREFABS"	"Juicy Blueberry"	"多汁藍莓"	"STRINGS.BUILDINGS.PREFABS.EXTERIORWALL.FACADES.BLUEBERRIES.NAME"
"BUILDINGS.PREFABS"	"H2O Wedge"	"氧化氫扇形"	"STRINGS.BUILDINGS.PREFABS.EXTERIORWALL.FACADES.CIRCLE_BLUE_COBALT_WHITE.NAME"
"BUILDINGS.PREFABS"	"Algae Wedge"	"藻類扇形"	"STRINGS.BUILDINGS.PREFABS.EXTERIORWALL.FACADES.CIRCLE_GREEN_KELLY_WHITE.NAME"
"BUILDINGS.PREFABS"	"Charcoal Wedge"	"木炭扇形"	"STRINGS.BUILDINGS.PREFABS.EXTERIORWALL.FACADES.CIRCLE_GREY_CHARCOAL_WHITE.NAME"
"BUILDINGS.PREFABS"	"Bright Wedge"	"明亮扇形"	"STRINGS.BUILDINGS.PREFABS.EXTERIORWALL.FACADES.CIRCLE_ORANGE_SATSUMA_WHITE.NAME"
"BUILDINGS.PREFABS"	"Petal Wedge"	"花瓣扇形"	"STRINGS.BUILDINGS.PREFABS.EXTERIORWALL.FACADES.CIRCLE_PINK_FLAMINGO_WHITE.NAME"
"BUILDINGS.PREFABS"	"Magma Wedge"	"岩漿扇形"	"STRINGS.BUILDINGS.PREFABS.EXTERIORWALL.FACADES.CIRCLE_RED_DEEP_WHITE.NAME"
"BUILDINGS.PREFABS"	"Yellowcake Wedge"	"黃餅扇形"	"STRINGS.BUILDINGS.PREFABS.EXTERIORWALL.FACADES.CIRCLE_YELLOW_LEMON_WHITE.NAME"
"BUILDINGS.PREFABS"	"Cloud Print"	"雲朵印花"	"STRINGS.BUILDINGS.PREFABS.EXTERIORWALL.FACADES.CLOUDS.NAME"
"BUILDINGS.PREFABS"	"Cafe Print"	"咖啡印花"	"STRINGS.BUILDINGS.PREFABS.EXTERIORWALL.FACADES.COFFEE.NAME"
"BUILDINGS.PREFABS"	"Drywall"	"牆板"	"STRINGS.BUILDINGS.PREFABS.EXTERIORWALL.FACADES.DEFAULT_EXTERIORWALL.NAME"
"BUILDINGS.PREFABS"	"H2O Diagonal"	"氧化氫對角"	"STRINGS.BUILDINGS.PREFABS.EXTERIORWALL.FACADES.DIAGONAL_BLUE_COBALT_WHITE.NAME"
"BUILDINGS.PREFABS"	"Algae Diagonal"	"藻類對角"	"STRINGS.BUILDINGS.PREFABS.EXTERIORWALL.FACADES.DIAGONAL_GREEN_KELLY_WHITE.NAME"
"BUILDINGS.PREFABS"	"Charcoal Diagonal"	"木炭對角"	"STRINGS.BUILDINGS.PREFABS.EXTERIORWALL.FACADES.DIAGONAL_GREY_CHARCOAL_WHITE.NAME"
"BUILDINGS.PREFABS"	"Bright Diagonal"	"明亮對角"	"STRINGS.BUILDINGS.PREFABS.EXTERIORWALL.FACADES.DIAGONAL_ORANGE_SATSUMA_WHITE.NAME"
"BUILDINGS.PREFABS"	"Petal Diagonal"	"花瓣對角"	"STRINGS.BUILDINGS.PREFABS.EXTERIORWALL.FACADES.DIAGONAL_PINK_FLAMINGO_WHITE.NAME"
"BUILDINGS.PREFABS"	"Magma Diagonal"	"岩漿對角"	"STRINGS.BUILDINGS.PREFABS.EXTERIORWALL.FACADES.DIAGONAL_RED_DEEP_WHITE.NAME"
"BUILDINGS.PREFABS"	"Yellowcake Diagonal"	"黃餅對角"	"STRINGS.BUILDINGS.PREFABS.EXTERIORWALL.FACADES.DIAGONAL_YELLOW_LEMON_WHITE.NAME"
"BUILDINGS.PREFABS"	"Roll One"	"一點"	"STRINGS.BUILDINGS.PREFABS.EXTERIORWALL.FACADES.DICE_1.NAME"
"BUILDINGS.PREFABS"	"Roll Two"	"兩點"	"STRINGS.BUILDINGS.PREFABS.EXTERIORWALL.FACADES.DICE_2.NAME"
"BUILDINGS.PREFABS"	"Roll Three"	"三點"	"STRINGS.BUILDINGS.PREFABS.EXTERIORWALL.FACADES.DICE_3.NAME"
"BUILDINGS.PREFABS"	"Roll Four"	"四點"	"STRINGS.BUILDINGS.PREFABS.EXTERIORWALL.FACADES.DICE_4.NAME"
"BUILDINGS.PREFABS"	"Roll Five"	"五點"	"STRINGS.BUILDINGS.PREFABS.EXTERIORWALL.FACADES.DICE_5.NAME"
"BUILDINGS.PREFABS"	"High Roller"	"豪賭客"	"STRINGS.BUILDINGS.PREFABS.EXTERIORWALL.FACADES.DICE_6.NAME"
"BUILDINGS.PREFABS"	"Waterlogged Databank"	"浸水磁片"	"STRINGS.BUILDINGS.PREFABS.EXTERIORWALL.FACADES.FLOPPY_AZULENE_VITRO.NAME"
"BUILDINGS.PREFABS"	"Monochrome Databank"	"黑白磁片"	"STRINGS.BUILDINGS.PREFABS.EXTERIORWALL.FACADES.FLOPPY_BLACK_WHITE.NAME"
"BUILDINGS.PREFABS"	"Flashy Databank"	"浮華磁片"	"STRINGS.BUILDINGS.PREFABS.EXTERIORWALL.FACADES.FLOPPY_MAGMA_AMINO.NAME"
"BUILDINGS.PREFABS"	"Lush Databank"	"蔥鬱磁片"	"STRINGS.BUILDINGS.PREFABS.EXTERIORWALL.FACADES.FLOPPY_PEAGREEN_BALMY.NAME"
"BUILDINGS.PREFABS"	"Hi-Vis Databank"	"高能見磁片"	"STRINGS.BUILDINGS.PREFABS.EXTERIORWALL.FACADES.FLOPPY_SATSUMA_YELLOWCAKE.NAME"
"BUILDINGS.PREFABS"	"Grape Escape"	"葡萄大逃亡"	"STRINGS.BUILDINGS.PREFABS.EXTERIORWALL.FACADES.GRAPES.NAME"
"BUILDINGS.PREFABS"	"Cafeteria Kitsch"	"庸俗餐館"	"STRINGS.BUILDINGS.PREFABS.EXTERIORWALL.FACADES.KITCHEN_RETRO1.NAME"
"BUILDINGS.PREFABS"	"Sour Lemon"	"酸檸檬"	"STRINGS.BUILDINGS.PREFABS.EXTERIORWALL.FACADES.LEMON.NAME"
"BUILDINGS.PREFABS"	"Juicy Lime"	"多汁萊姆"	"STRINGS.BUILDINGS.PREFABS.EXTERIORWALL.FACADES.LIME.NAME"
"BUILDINGS.PREFABS"	"Mush Bar Print"	"泥糊印花"	"STRINGS.BUILDINGS.PREFABS.EXTERIORWALL.FACADES.MUSHBAR.NAME"
"BUILDINGS.PREFABS"	"Infinite Spill"	"無限溢出"	"STRINGS.BUILDINGS.PREFABS.EXTERIORWALL.FACADES.ORANGE_JUICE.NAME"
"BUILDINGS.PREFABS"	"Happy Accidents"	"快樂意外"	"STRINGS.BUILDINGS.PREFABS.EXTERIORWALL.FACADES.PAINT_BLOTS.NAME"
"BUILDINGS.PREFABS"	"Pastel Blue"	"淡藍壁紙"	"STRINGS.BUILDINGS.PREFABS.EXTERIORWALL.FACADES.PASTELBLUE.NAME"
"BUILDINGS.PREFABS"	"Pastel Green"	"淡綠壁紙"	"STRINGS.BUILDINGS.PREFABS.EXTERIORWALL.FACADES.PASTELGREEN.NAME"
"BUILDINGS.PREFABS"	"Pastel Pink"	"淡粉壁紙"	"STRINGS.BUILDINGS.PREFABS.EXTERIORWALL.FACADES.PASTELPINK.NAME"
"BUILDINGS.PREFABS"	"Pastel Polka Print"	"淡點壁紙"	"STRINGS.BUILDINGS.PREFABS.EXTERIORWALL.FACADES.PASTELPOLKA.NAME"
"BUILDINGS.PREFABS"	"Pastel Purple"	"淡紫壁紙"	"STRINGS.BUILDINGS.PREFABS.EXTERIORWALL.FACADES.PASTELPURPLE.NAME"
"BUILDINGS.PREFABS"	"Pastel Yellow"	"淡黃壁紙"	"STRINGS.BUILDINGS.PREFABS.EXTERIORWALL.FACADES.PASTELYELLOW.NAME"
"BUILDINGS.PREFABS"	"Aqua Plaid Print"	"水綠條紋印花"	"STRINGS.BUILDINGS.PREFABS.EXTERIORWALL.FACADES.PLAID.NAME"
"BUILDINGS.PREFABS"	"Plunger Print"	"吸盤印花"	"STRINGS.BUILDINGS.PREFABS.EXTERIORWALL.FACADES.PLUNGER.NAME"
"BUILDINGS.PREFABS"	"Digital Cobalt"	"數位鈷藍"	"STRINGS.BUILDINGS.PREFABS.EXTERIORWALL.FACADES.PLUS_BLUE_COBALT_WHITE.NAME"
"BUILDINGS.PREFABS"	"Digital Lawn"	"數位草坪"	"STRINGS.BUILDINGS.PREFABS.EXTERIORWALL.FACADES.PLUS_GREEN_KELLY_WHITE.NAME"
"BUILDINGS.PREFABS"	"Digital Charcoal"	"數位木炭"	"STRINGS.BUILDINGS.PREFABS.EXTERIORWALL.FACADES.PLUS_GREY_CHARCOAL_WHITE.NAME"
"BUILDINGS.PREFABS"	"Digital Satsuma"	"數位蜜橘"	"STRINGS.BUILDINGS.PREFABS.EXTERIORWALL.FACADES.PLUS_ORANGE_SATSUMA_WHITE.NAME"
"BUILDINGS.PREFABS"	"Digital Pink"	"數位淡粉"	"STRINGS.BUILDINGS.PREFABS.EXTERIORWALL.FACADES.PLUS_PINK_FLAMINGO_WHITE.NAME"
"BUILDINGS.PREFABS"	"Digital Chili"	"數位辣椒"	"STRINGS.BUILDINGS.PREFABS.EXTERIORWALL.FACADES.PLUS_RED_DEEP_WHITE.NAME"
"BUILDINGS.PREFABS"	"Digital Lemon"	"數位檸檬"	"STRINGS.BUILDINGS.PREFABS.EXTERIORWALL.FACADES.PLUS_YELLOW_LEMON_WHITE.NAME"
"BUILDINGS.PREFABS"	"Rainy Print"	"雨滴印花"	"STRINGS.BUILDINGS.PREFABS.EXTERIORWALL.FACADES.RAIN.NAME"
"BUILDINGS.PREFABS"	"Rainbow Stripe"	"彩虹條紋"	"STRINGS.BUILDINGS.PREFABS.EXTERIORWALL.FACADES.RAINBOW.NAME"
"BUILDINGS.PREFABS"	"Satsuma Slice"	"蜜橘切片"	"STRINGS.BUILDINGS.PREFABS.EXTERIORWALL.FACADES.SATSUMA.NAME"
"BUILDINGS.PREFABS"	"Snowflake Print"	"雪花印花"	"STRINGS.BUILDINGS.PREFABS.EXTERIORWALL.FACADES.SNOW.NAME"
"BUILDINGS.PREFABS"	"H2O Checkers"	"氧化氫方格"	"STRINGS.BUILDINGS.PREFABS.EXTERIORWALL.FACADES.SQUARES_BLUE_COBALT_WHITE.NAME"
"BUILDINGS.PREFABS"	"Algae Checkers"	"綠藻方格"	"STRINGS.BUILDINGS.PREFABS.EXTERIORWALL.FACADES.SQUARES_GREEN_KELLY_WHITE.NAME"
"BUILDINGS.PREFABS"	"Charcoal Checkers"	"木炭方格"	"STRINGS.BUILDINGS.PREFABS.EXTERIORWALL.FACADES.SQUARES_GREY_CHARCOAL_WHITE.NAME"
"BUILDINGS.PREFABS"	"Bright Checkers"	"明亮方格"	"STRINGS.BUILDINGS.PREFABS.EXTERIORWALL.FACADES.SQUARES_ORANGE_SATSUMA_WHITE.NAME"
"BUILDINGS.PREFABS"	"Petal Checkers"	"花瓣方格"	"STRINGS.BUILDINGS.PREFABS.EXTERIORWALL.FACADES.SQUARES_PINK_FLAMINGO_WHITE.NAME"
"BUILDINGS.PREFABS"	"Magma Checkers"	"岩漿方格"	"STRINGS.BUILDINGS.PREFABS.EXTERIORWALL.FACADES.SQUARES_RED_DEEP_WHITE.NAME"
"BUILDINGS.PREFABS"	"Yellowcake Checkers"	"黃餅方格"	"STRINGS.BUILDINGS.PREFABS.EXTERIORWALL.FACADES.SQUARES_YELLOW_LEMON_WHITE.NAME"
"BUILDINGS.PREFABS"	"Strawberry Speckle"	"草莓斑點"	"STRINGS.BUILDINGS.PREFABS.EXTERIORWALL.FACADES.STRAWBERRY.NAME"
"BUILDINGS.PREFABS"	"Blue Awning Stripe"	"藍色直條紋"	"STRINGS.BUILDINGS.PREFABS.EXTERIORWALL.FACADES.STRIPES_BLUE.NAME"
"BUILDINGS.PREFABS"	"Blue Circle Stripe"	"藍色圓條紋"	"STRINGS.BUILDINGS.PREFABS.EXTERIORWALL.FACADES.STRIPES_CIRCLE_BLUE.NAME"
"BUILDINGS.PREFABS"	"Mush Curves"	"泥糊曲線"	"STRINGS.BUILDINGS.PREFABS.EXTERIORWALL.FACADES.STRIPES_CIRCLE_MUSH.NAME"
"BUILDINGS.PREFABS"	"Fainting Curves"	"昏迷曲線"	"STRINGS.BUILDINGS.PREFABS.EXTERIORWALL.FACADES.STRIPES_CIRCLE_PURPLE_BRAINFAT.NAME"
"BUILDINGS.PREFABS"	"Puce Curves"	"粉紅曲線"	"STRINGS.BUILDINGS.PREFABS.EXTERIORWALL.FACADES.STRIPES_CIRCLE_ROSE.NAME"
"BUILDINGS.PREFABS"	"Ick Curves"	"嘔吐曲線"	"STRINGS.BUILDINGS.PREFABS.EXTERIORWALL.FACADES.STRIPES_CIRCLE_YELLOW_TARTAR.NAME"
"BUILDINGS.PREFABS"	"Blue Regimental Stripe"	"藍色斜條紋"	"STRINGS.BUILDINGS.PREFABS.EXTERIORWALL.FACADES.STRIPES_DIAGONAL_BLUE.NAME"
"BUILDINGS.PREFABS"	"Mush Diagonal"	"泥糊對角"	"STRINGS.BUILDINGS.PREFABS.EXTERIORWALL.FACADES.STRIPES_DIAGONAL_MUSH.NAME"
"BUILDINGS.PREFABS"	"Fainting Diagonal"	"昏迷對角"	"STRINGS.BUILDINGS.PREFABS.EXTERIORWALL.FACADES.STRIPES_DIAGONAL_PURPLE_BRAINFAT.NAME"
"BUILDINGS.PREFABS"	"Puce Diagonal"	"粉紅對角"	"STRINGS.BUILDINGS.PREFABS.EXTERIORWALL.FACADES.STRIPES_DIAGONAL_ROSE.NAME"
"BUILDINGS.PREFABS"	"Ick Diagonal"	"嘔吐對角"	"STRINGS.BUILDINGS.PREFABS.EXTERIORWALL.FACADES.STRIPES_DIAGONAL_YELLOW_TARTAR.NAME"
"BUILDINGS.PREFABS"	"Mush Stripe"	"泥糊條紋"	"STRINGS.BUILDINGS.PREFABS.EXTERIORWALL.FACADES.STRIPES_MUSH.NAME"
"BUILDINGS.PREFABS"	"Fainting Stripe"	"昏迷條紋"	"STRINGS.BUILDINGS.PREFABS.EXTERIORWALL.FACADES.STRIPES_PURPLE_BRAINFAT.NAME"
"BUILDINGS.PREFABS"	"Puce Stripe"	"粉紅條紋"	"STRINGS.BUILDINGS.PREFABS.EXTERIORWALL.FACADES.STRIPES_ROSE.NAME"
"BUILDINGS.PREFABS"	"Ick Stripe"	"嘔吐條紋"	"STRINGS.BUILDINGS.PREFABS.EXTERIORWALL.FACADES.STRIPES_YELLOW_TARTAR.NAME"
"BUILDINGS.PREFABS"	"Sunshine Print"	"陽光印花"	"STRINGS.BUILDINGS.PREFABS.EXTERIORWALL.FACADES.SUN.NAME"
"BUILDINGS.PREFABS"	"Telescope Print"	"望遠鏡印花"	"STRINGS.BUILDINGS.PREFABS.EXTERIORWALL.FACADES.TELESCOPE.NAME"
"BUILDINGS.PREFABS"	"TicTacToe O"	"井字棋 O"	"STRINGS.BUILDINGS.PREFABS.EXTERIORWALL.FACADES.TICTACTOE_O.NAME"
"BUILDINGS.PREFABS"	"TicTacToe X"	"井字棋 X"	"STRINGS.BUILDINGS.PREFABS.EXTERIORWALL.FACADES.TICTACTOE_X.NAME"
"BUILDINGS.PREFABS"	"De-loo-xe"	"豪廁板"	"STRINGS.BUILDINGS.PREFABS.EXTERIORWALL.FACADES.TOILETPAPER.NAME"
"BUILDINGS.PREFABS"	"Sporechid Print"	"惡魔花印"	"STRINGS.BUILDINGS.PREFABS.EXTERIORWALL.FACADES.TROPICAL.NAME"
"BUILDINGS.PREFABS"	"Juicy Watermelon"	"多汁西瓜"	"STRINGS.BUILDINGS.PREFABS.EXTERIORWALL.FACADES.WATERMELON.NAME"
"BUILDINGS.PREFABS"	"Plywood Press"	"膠合板壓製機"	"STRINGS.BUILDINGS.PREFABS.FABRICATEDWOODMAKER.NAME"
"BUILDINGS.PREFABS"	"Window"	"窗戶"	"STRINGS.BUILDINGS.PREFABS.FACILITYBACKWALLWINDOW.NAME"
"BUILDINGS.PREFABS"	"Farm Station"	"農場站"	"STRINGS.BUILDINGS.PREFABS.FARMSTATION.NAME"
"BUILDINGS.PREFABS"	"Farm Tile"	"農耕磚"	"STRINGS.BUILDINGS.PREFABS.FARMTILE.NAME"
"BUILDINGS.PREFABS"	"Fertilizer Synthesizer"	"肥料廠"	"STRINGS.BUILDINGS.PREFABS.FERTILIZERMAKER.NAME"
"BUILDINGS.PREFABS"	"Fire Pole"	"消防滑桿"	"STRINGS.BUILDINGS.PREFABS.FIREPOLE.NAME"
"BUILDINGS.PREFABS"	"Fish Release"	"魚類放置點"	"STRINGS.BUILDINGS.PREFABS.FISHDELIVERYPOINT.NAME"
"BUILDINGS.PREFABS"	"Fish Feeder"	"魚類餵食器"	"STRINGS.BUILDINGS.PREFABS.FISHFEEDER.NAME"
"BUILDINGS.PREFABS"	"Fish Trap"	"捕魚陷阱"	"STRINGS.BUILDINGS.PREFABS.FISHTRAP.NAME"
"BUILDINGS.PREFABS"	"Holiday Lamp"	"節日電燈"	"STRINGS.BUILDINGS.PREFABS.FLOORLAMP.FACADES.BRISTLEBLOSSOM.NAME"
"BUILDINGS.PREFABS"	"Lamp"	"電燈"	"STRINGS.BUILDINGS.PREFABS.FLOORLAMP.FACADES.DEFAULT_FLOORLAMP.NAME"
"BUILDINGS.PREFABS"	"Fragile Leg Lamp"	"柔弱腿燈"	"STRINGS.BUILDINGS.PREFABS.FLOORLAMP.FACADES.LEG.NAME"
"BUILDINGS.PREFABS"	"Weight Plate"	"重量板"	"STRINGS.BUILDINGS.PREFABS.FLOORSWITCH.NAME"
"BUILDINGS.PREFABS"	"Flower Pot"	"花盆"	"STRINGS.BUILDINGS.PREFABS.FLOWERVASE.FACADES.DEFAULT_FLOWERVASE.NAME"
"BUILDINGS.PREFABS"	"Bold Retro Flower Pot"	"醒目復古花盆"	"STRINGS.BUILDINGS.PREFABS.FLOWERVASE.FACADES.RETRO_BOLD.NAME"
"BUILDINGS.PREFABS"	"Bright Retro Flower Pot"	"明亮復古花盆"	"STRINGS.BUILDINGS.PREFABS.FLOWERVASE.FACADES.RETRO_BRIGHT.NAME"
"BUILDINGS.PREFABS"	"Dreamy Retro Flower Pot"	"夢幻復古花盆"	"STRINGS.BUILDINGS.PREFABS.FLOWERVASE.FACADES.RETRO_DREAMY.NAME"
"BUILDINGS.PREFABS"	"Elegant Retro Flower Pot"	"優雅復古花盆"	"STRINGS.BUILDINGS.PREFABS.FLOWERVASE.FACADES.RETRO_ELEGANT.NAME"
"BUILDINGS.PREFABS"	"Sunny Retro Flower Pot"	"陽光復古花盆"	"STRINGS.BUILDINGS.PREFABS.FLOWERVASE.FACADES.RETRO_SUNNY.NAME"
"BUILDINGS.PREFABS"	"Beaker Hanging Pot"	"燒杯垂吊花盆"	"STRINGS.BUILDINGS.PREFABS.FLOWERVASEHANGING.FACADES.BEAKER.NAME"
"BUILDINGS.PREFABS"	"Dreamy Hanging Pot"	"夢幻垂吊花盆"	"STRINGS.BUILDINGS.PREFABS.FLOWERVASEHANGING.FACADES.RETRO_BLUE.NAME"
"BUILDINGS.PREFABS"	"Bright Hanging Pot"	"明亮垂吊花盆"	"STRINGS.BUILDINGS.PREFABS.FLOWERVASEHANGING.FACADES.RETRO_GREEN.NAME"
"BUILDINGS.PREFABS"	"Bold Hanging Pot"	"醒目垂吊花盆"	"STRINGS.BUILDINGS.PREFABS.FLOWERVASEHANGING.FACADES.RETRO_RED.NAME"
"BUILDINGS.PREFABS"	"Elegant Hanging Pot"	"優雅垂吊花盆"	"STRINGS.BUILDINGS.PREFABS.FLOWERVASEHANGING.FACADES.RETRO_WHITE.NAME"
"BUILDINGS.PREFABS"	"Sunny Hanging Pot"	"陽光垂吊花盆"	"STRINGS.BUILDINGS.PREFABS.FLOWERVASEHANGING.FACADES.RETRO_YELLOW.NAME"
"BUILDINGS.PREFABS"	"Puzzle Cube Hanging Pot"	"魔方垂吊花盆"	"STRINGS.BUILDINGS.PREFABS.FLOWERVASEHANGING.FACADES.RUBIKS.NAME"
"BUILDINGS.PREFABS"	"Hanging Pot"	"吊掛花盆"	"STRINGS.BUILDINGS.PREFABS.FLOWERVASEHANGING.NAME"
"BUILDINGS.PREFABS"	"Aero Pot"	"透明花盆"	"STRINGS.BUILDINGS.PREFABS.FLOWERVASEHANGINGFANCY.NAME"
"BUILDINGS.PREFABS"	"Wall Pot"	"壁掛花盆"	"STRINGS.BUILDINGS.PREFABS.FLOWERVASEWALL.FACADES.DEFAULT_FLOWERVASEWALL.NAME"
"BUILDINGS.PREFABS"	"Dreamy Retro Wall Pot"	"夢幻復古壁掛花盆"	"STRINGS.BUILDINGS.PREFABS.FLOWERVASEWALL.FACADES.RETRO_BLUE.NAME"
"BUILDINGS.PREFABS"	"Bright Retro Wall Pot"	"明亮復古壁掛花盆"	"STRINGS.BUILDINGS.PREFABS.FLOWERVASEWALL.FACADES.RETRO_GREEN.NAME"
"BUILDINGS.PREFABS"	"Bold Retro Wall Pot"	"醒目復古壁掛花盆"	"STRINGS.BUILDINGS.PREFABS.FLOWERVASEWALL.FACADES.RETRO_RED.NAME"
"BUILDINGS.PREFABS"	"Elegant Retro Wall Pot"	"優雅復古壁掛花盆"	"STRINGS.BUILDINGS.PREFABS.FLOWERVASEWALL.FACADES.RETRO_WHITE.NAME"
"BUILDINGS.PREFABS"	"Sunny Retro Wall Pot"	"陽光復古壁掛花盆"	"STRINGS.BUILDINGS.PREFABS.FLOWERVASEWALL.FACADES.RETRO_YELLOW.NAME"
"BUILDINGS.PREFABS"	"Weepy Lavatory"	"淚泣藍沖水馬桶"	"STRINGS.BUILDINGS.PREFABS.FLUSHTOILET.FACADES.BLUE_BABYTEARS.NAME"
"BUILDINGS.PREFABS"	"Lavatory"	"沖水馬桶"	"STRINGS.BUILDINGS.PREFABS.FLUSHTOILET.FACADES.DEFAULT_FLUSHTOILET.NAME"
"BUILDINGS.PREFABS"	"Mush Green Lavatory"	"泥糊綠沖水馬桶"	"STRINGS.BUILDINGS.PREFABS.FLUSHTOILET.FACADES.GREEN_MUSH.NAME"
"BUILDINGS.PREFABS"	"Party Dot Lavatory"	"聚會波點沖水馬桶"	"STRINGS.BUILDINGS.PREFABS.FLUSHTOILET.FACADES.POLKA_DARKNAVYNOOKGREEN.NAME"
"BUILDINGS.PREFABS"	"Mod Dot Lavatory"	"摩登波點沖水馬桶"	"STRINGS.BUILDINGS.PREFABS.FLUSHTOILET.FACADES.POLKA_DARKPURPLERESIN.NAME"
"BUILDINGS.PREFABS"	"Faint Purple Lavatory"	"迷眩紫沖水馬桶"	"STRINGS.BUILDINGS.PREFABS.FLUSHTOILET.FACADES.PURPLE_BRAINFAT.NAME"
"BUILDINGS.PREFABS"	"Puce Pink Lavatory"	"亮紅粉沖水馬桶"	"STRINGS.BUILDINGS.PREFABS.FLUSHTOILET.FACADES.RED_ROSE.NAME"
"BUILDINGS.PREFABS"	"Ick Yellow Lavatory"	"嘔吐黃沖水馬桶"	"STRINGS.BUILDINGS.PREFABS.FLUSHTOILET.FACADES.YELLOW_TARTAR.NAME"
"BUILDINGS.PREFABS"	"Airborne Critter Bait"	"飛行動物引誘機"	"STRINGS.BUILDINGS.PREFABS.FLYINGCREATUREBAIT.NAME"
"BUILDINGS.PREFABS"	"Dehydrator"	"食物脫水器"	"STRINGS.BUILDINGS.PREFABS.FOODDEHYDRATOR.NAME"
"BUILDINGS.PREFABS"	"Rehydrator"	"補水器"	"STRINGS.BUILDINGS.PREFABS.FOODREHYDRATOR.NAME"
"BUILDINGS.PREFABS"	"Ancient Specimen"	"遠古標本"	"STRINGS.BUILDINGS.PREFABS.FOSSILDIG.NAME"
"BUILDINGS.PREFABS"	"Fossil Quarry"	"化石採集場"	"STRINGS.BUILDINGS.PREFABS.FOSSILDIG_COMPLETED.NAME"
"BUILDINGS.PREFABS"	"Fossil Block"	"化石雕塑塊"	"STRINGS.BUILDINGS.PREFABS.FOSSILSCULPTURE.NAME"
"BUILDINGS.PREFABS"	"Fountain Pen"	"自來水筆"	"STRINGS.BUILDINGS.PREFABS.FOUNTAINPEN.NAME"
"BUILDINGS.PREFABS"	"Gamma Ray Oven"	"伽瑪射線烤箱"	"STRINGS.BUILDINGS.PREFABS.GAMMARAYOVEN.NAME"
"BUILDINGS.PREFABS"	"Gantry"	"空橋"	"STRINGS.BUILDINGS.PREFABS.GANTRY.NAME"
"BUILDINGS.PREFABS"	"Canister Filler"	"氣體裝罐器"	"STRINGS.BUILDINGS.PREFABS.GASBOTTLER.NAME"
"BUILDINGS.PREFABS"	"Gas Cargo Canister"	"氣體貨艙"	"STRINGS.BUILDINGS.PREFABS.GASCARGOBAY.NAME"
"BUILDINGS.PREFABS"	"Large Gas Cargo Canister"	"大型氣體貨艙"	"STRINGS.BUILDINGS.PREFABS.GASCARGOBAYCLUSTER.NAME"
"BUILDINGS.PREFABS"	"Gas Pipe"	"氣體管"	"STRINGS.BUILDINGS.PREFABS.GASCONDUIT.NAME"
"BUILDINGS.PREFABS"	"Gas Bridge"	"氣體橋接管"	"STRINGS.BUILDINGS.PREFABS.GASCONDUITBRIDGE.NAME"
"BUILDINGS.PREFABS"	"Gas Pipe Germ Sensor"	"氣體管病菌感測器"	"STRINGS.BUILDINGS.PREFABS.GASCONDUITDISEASESENSOR.NAME"
"BUILDINGS.PREFABS"	"Gas Pipe Element Sensor"	"氣體管元素感測器"	"STRINGS.BUILDINGS.PREFABS.GASCONDUITELEMENTSENSOR.NAME"
"BUILDINGS.PREFABS"	"Gas Overflow Valve"	"氣體溢流閥"	"STRINGS.BUILDINGS.PREFABS.GASCONDUITOVERFLOW.NAME"
"BUILDINGS.PREFABS"	"Priority Gas Flow"	"優先氣體流向"	"STRINGS.BUILDINGS.PREFABS.GASCONDUITPREFERENTIALFLOW.NAME"
"BUILDINGS.PREFABS"	"Radiant Gas Pipe"	"導熱氣體管"	"STRINGS.BUILDINGS.PREFABS.GASCONDUITRADIANT.NAME"
"BUILDINGS.PREFABS"	"Gas Pipe Thermo Sensor"	"氣體管溫度感測器"	"STRINGS.BUILDINGS.PREFABS.GASCONDUITTEMPERATURESENSOR.NAME"
"BUILDINGS.PREFABS"	"Gas Filter"	"氣體篩選器"	"STRINGS.BUILDINGS.PREFABS.GASFILTER.NAME"
"BUILDINGS.PREFABS"	"Gas Meter Valve"	"氣體計量閥"	"STRINGS.BUILDINGS.PREFABS.GASLIMITVALVE.NAME"
"BUILDINGS.PREFABS"	"Gas Shutoff"	"氣體開關閥"	"STRINGS.BUILDINGS.PREFABS.GASLOGICVALVE.NAME"
"BUILDINGS.PREFABS"	"Mini Gas Pump"	"迷你氣體幫浦"	"STRINGS.BUILDINGS.PREFABS.GASMINIPUMP.NAME"
"BUILDINGS.PREFABS"	"Airflow Tile"	"透氣磚"	"STRINGS.BUILDINGS.PREFABS.GASPERMEABLEMEMBRANE.NAME"
"BUILDINGS.PREFABS"	"Gas Pump"	"氣體幫浦"	"STRINGS.BUILDINGS.PREFABS.GASPUMP.NAME"
"BUILDINGS.PREFABS"	"Weepy Blue Gas Reservoir"	"淚泣藍儲氣庫"	"STRINGS.BUILDINGS.PREFABS.GASRESERVOIR.FACADES.BLUE_BABYTEARS.NAME"
"BUILDINGS.PREFABS"	"Gas Reservoir"	"儲氣庫"	"STRINGS.BUILDINGS.PREFABS.GASRESERVOIR.FACADES.DEFAULT_GASRESERVOIR.NAME"
"BUILDINGS.PREFABS"	"Mush Green Gas Reservoir"	"泥糊綠儲氣庫"	"STRINGS.BUILDINGS.PREFABS.GASRESERVOIR.FACADES.GREEN_MUSH.NAME"
"BUILDINGS.PREFABS"	"Bluemoon Gas Reservoir"	"藍月儲氣庫"	"STRINGS.BUILDINGS.PREFABS.GASRESERVOIR.FACADES.LIGHTCOBALT.NAME"
"BUILDINGS.PREFABS"	"Golden Gas Reservoir"	"金色儲氣庫"	"STRINGS.BUILDINGS.PREFABS.GASRESERVOIR.FACADES.LIGHTGOLD.NAME"
"BUILDINGS.PREFABS"	"Greenpea Gas Reservoir"	"豌豆儲氣庫"	"STRINGS.BUILDINGS.PREFABS.GASRESERVOIR.FACADES.PEAGREEN.NAME"
"BUILDINGS.PREFABS"	"Party Dot Gas Reservoir"	"聚會波點儲氣庫"	"STRINGS.BUILDINGS.PREFABS.GASRESERVOIR.FACADES.POLKA_DARKNAVYNOOKGREEN.NAME"
"BUILDINGS.PREFABS"	"Mod Dot Gas Reservoir"	"摩登波點儲氣庫"	"STRINGS.BUILDINGS.PREFABS.GASRESERVOIR.FACADES.POLKA_DARKPURPLERESIN.NAME"
"BUILDINGS.PREFABS"	"Faint Purple Gas Reservoir"	"迷眩紫儲氣庫"	"STRINGS.BUILDINGS.PREFABS.GASRESERVOIR.FACADES.PURPLE_BRAINFAT.NAME"
"BUILDINGS.PREFABS"	"Puce Pink Gas Reservoir"	"亮紅粉儲氣庫"	"STRINGS.BUILDINGS.PREFABS.GASRESERVOIR.FACADES.RED_ROSE.NAME"
"BUILDINGS.PREFABS"	"Ick Yellow Gas Reservoir"	"嘔吐黃儲氣庫"	"STRINGS.BUILDINGS.PREFABS.GASRESERVOIR.FACADES.YELLOW_TARTAR.NAME"
"BUILDINGS.PREFABS"	"Gas Valve"	"氣體調節閥"	"STRINGS.BUILDINGS.PREFABS.GASVALVE.NAME"
"BUILDINGS.PREFABS"	"Gas Vent"	"排氣口"	"STRINGS.BUILDINGS.PREFABS.GASVENT.NAME"
"BUILDINGS.PREFABS"	"High Pressure Gas Vent"	"高壓排氣口"	"STRINGS.BUILDINGS.PREFABS.GASVENTHIGHPRESSURE.NAME"
"BUILDINGS.PREFABS"	"Coal Generator"	"燃煤發電機"	"STRINGS.BUILDINGS.PREFABS.GENERATOR.NAME"
"BUILDINGS.PREFABS"	"Omniprinter"	"多功能列印機"	"STRINGS.BUILDINGS.PREFABS.GENERICFABRICATOR.NAME"
"BUILDINGS.PREFABS"	"Neural Vacillator"	"神經振盪器"	"STRINGS.BUILDINGS.PREFABS.GENESHUFFLER.NAME"
"BUILDINGS.PREFABS"	"Botanical Analyzer"	"植物分析儀"	"STRINGS.BUILDINGS.PREFABS.GENETICANALYSISSTATION.NAME"
"BUILDINGS.PREFABS"	"Geothermal Heat Pump"	"地源熱幫浦"	"STRINGS.BUILDINGS.PREFABS.GEOTHERMALCONTROLLER.NAME"
"BUILDINGS.PREFABS"	"Geo Vent"	"地理排放口"	"STRINGS.BUILDINGS.PREFABS.GEOTHERMALVENT.NAME"
"BUILDINGS.PREFABS"	"Geotuner"	"地理調諧儀"	"STRINGS.BUILDINGS.PREFABS.GEOTUNER.NAME"
"BUILDINGS.PREFABS"	"Glass Forge"	"玻璃廠"	"STRINGS.BUILDINGS.PREFABS.GLASSFORGE.NAME"
"BUILDINGS.PREFABS"	"Window Tile"	"玻璃磚"	"STRINGS.BUILDINGS.PREFABS.GLASSTILE.NAME"
"BUILDINGS.PREFABS"	"Gas Range"	"瓦斯爐"	"STRINGS.BUILDINGS.PREFABS.GOURMETCOOKINGSTATION.NAME"
"BUILDINGS.PREFABS"	"Tasteful Memorial"	"雅緻的紀念碑"	"STRINGS.BUILDINGS.PREFABS.GRAVE.NAME"
"BUILDINGS.PREFABS"	"Toilet"	"廁所"	"STRINGS.BUILDINGS.PREFABS.GRAVITASBATHROOMSTALL.NAME"
"BUILDINGS.PREFABS"	"Pajama Cubby"	"睡衣間"	"STRINGS.BUILDINGS.PREFABS.GRAVITASCONTAINER.NAME"
"BUILDINGS.PREFABS"	"Critter Flux-O-Matic"	"小動物變異器"	"STRINGS.BUILDINGS.PREFABS.GRAVITASCREATUREMANIPULATOR.NAME"
"BUILDINGS.PREFABS"	"Gravitas Door"	"引力科技大門"	"STRINGS.BUILDINGS.PREFABS.GRAVITASDOOR.NAME"
"BUILDINGS.PREFABS"	"LED Light"	"LED 燈"	"STRINGS.BUILDINGS.PREFABS.GRAVITASLABLIGHT.NAME"
"BUILDINGS.PREFABS"	"Gravitas Pedestal"	"引力科技臺座"	"STRINGS.BUILDINGS.PREFABS.GRAVITASPEDESTAL.NAME"
"BUILDINGS.PREFABS"	"Gunk Extractor"	"黏渣提取器"	"STRINGS.BUILDINGS.PREFABS.GUNKEMPTIER.NAME"
"BUILDINGS.PREFABS"	"Spacefarer Module"	"乘員艙"	"STRINGS.BUILDINGS.PREFABS.HABITATMODULEMEDIUM.NAME"
"BUILDINGS.PREFABS"	"Solo Spacefarer Nosecone"	"單座鼻錐"	"STRINGS.BUILDINGS.PREFABS.HABITATMODULESMALL.NAME"
"BUILDINGS.PREFABS"	"Hand Sanitizer"	"手部消毒機"	"STRINGS.BUILDINGS.PREFABS.HANDSANITIZER.NAME"
"BUILDINGS.PREFABS"	"Printing Pod"	"列印元"	"STRINGS.BUILDINGS.PREFABS.HEADQUARTERS.NAME"
"BUILDINGS.PREFABS"	"Liquid Heatquilizer"	"液體除熱機"	"STRINGS.BUILDINGS.PREFABS.HEATCOMPRESSOR.NAME"
"BUILDINGS.PREFABS"	"Radbolt Chamber"	"輻射粒子儲存槽"	"STRINGS.BUILDINGS.PREFABS.HEPBATTERY.NAME"
"BUILDINGS.PREFABS"	"Radbolt Joint Plate"	"輻射粒子連接板"	"STRINGS.BUILDINGS.PREFABS.HEPBRIDGETILE.NAME"
"BUILDINGS.PREFABS"	"Radbolt Engine"	"輻射粒子引擎"	"STRINGS.BUILDINGS.PREFABS.HEPENGINE.NAME"
"BUILDINGS.PREFABS"	"Radbolt Reflector"	"輻射粒子反射器"	"STRINGS.BUILDINGS.PREFABS.HIGHENERGYPARTICLEREDIRECTOR.NAME"
"BUILDINGS.PREFABS"	"Radbolt Generator"	"輻射粒子產生器"	"STRINGS.BUILDINGS.PREFABS.HIGHENERGYPARTICLESPAWNER.NAME"
"BUILDINGS.PREFABS"	"Heavi-Watt Wire"	"高壓電線"	"STRINGS.BUILDINGS.PREFABS.HIGHWATTAGEWIRE.NAME"
"BUILDINGS.PREFABS"	"Printerceptor"	"印製攔截器"	"STRINGS.BUILDINGS.PREFABS.HIJACKEDHEADQUARTERS.NAME"
"BUILDINGS.PREFABS"	"Hot Tub"	"熱水澡盆"	"STRINGS.BUILDINGS.PREFABS.HOTTUB.NAME"
"BUILDINGS.PREFABS"	"Hydrogen Engine"	"氫氣引擎"	"STRINGS.BUILDINGS.PREFABS.HYDROGENENGINE.NAME"
"BUILDINGS.PREFABS"	"Hydrogen Generator"	"氫氣發電機"	"STRINGS.BUILDINGS.PREFABS.HYDROGENGENERATOR.NAME"
"BUILDINGS.PREFABS"	"Hydroponic Farm"	"水耕磚"	"STRINGS.BUILDINGS.PREFABS.HYDROPONICFARM.NAME"
"BUILDINGS.PREFABS"	"Ice-E Fan"	"涼風扇"	"STRINGS.BUILDINGS.PREFABS.ICECOOLEDFAN.NAME"
"BUILDINGS.PREFABS"	"Ice Liquefier"	"融冰壺"	"STRINGS.BUILDINGS.PREFABS.ICEKETTLE.NAME"
"BUILDINGS.PREFABS"	"Ice Maker"	"製冰機"	"STRINGS.BUILDINGS.PREFABS.ICEMACHINE.NAME"
"BUILDINGS.PREFABS"	"Exquisite Chompers"	"精緻的咀嚼者"	"STRINGS.BUILDINGS.PREFABS.ICESCULPTURE.FACADES.ICESCULPTURE_AMAZING_1.NAME"
"BUILDINGS.PREFABS"	"Frosty Crustacean"	"冰凍的甲殼動物"	"STRINGS.BUILDINGS.PREFABS.ICESCULPTURE.FACADES.ICESCULPTURE_AMAZING_2.NAME"
"BUILDINGS.PREFABS"	"The Chase"	"追逐"	"STRINGS.BUILDINGS.PREFABS.ICESCULPTURE.FACADES.ICESCULPTURE_AMAZING_3.NAME"
"BUILDINGS.PREFABS"	"Cubi I"	"立方體，第1作"	"STRINGS.BUILDINGS.PREFABS.ICESCULPTURE.FACADES.ICESCULPTURE_CRAP.NAME"
"BUILDINGS.PREFABS"	"Ice Block"	"冰塊"	"STRINGS.BUILDINGS.PREFABS.ICESCULPTURE.NAME"
"BUILDINGS.PREFABS"	"Insulated Door"	"隔熱門"	"STRINGS.BUILDINGS.PREFABS.INSULATEDDOOR.NAME"
"BUILDINGS.PREFABS"	"Insulated Gas Pipe"	"隔熱氣體管"	"STRINGS.BUILDINGS.PREFABS.INSULATEDGASCONDUIT.NAME"
"BUILDINGS.PREFABS"	"Insulated Liquid Pipe"	"隔熱液體管"	"STRINGS.BUILDINGS.PREFABS.INSULATEDLIQUIDCONDUIT.NAME"
"BUILDINGS.PREFABS"	"Insulated Wire"	"隔熱電線"	"STRINGS.BUILDINGS.PREFABS.INSULATEDWIRE.NAME"
"BUILDINGS.PREFABS"	"Insulated Tile"	"隔熱磚"	"STRINGS.BUILDINGS.PREFABS.INSULATIONTILE.NAME"
"BUILDINGS.PREFABS"	"Pedestal"	"臺座"	"STRINGS.BUILDINGS.PREFABS.ITEMPEDESTAL.FACADES.DEFAULT_ITEMPEDESTAL.NAME"
"BUILDINGS.PREFABS"	"Hand of Dupe Pedestal"	"複製人之手臺座"	"STRINGS.BUILDINGS.PREFABS.ITEMPEDESTAL.FACADES.HAND.NAME"
"BUILDINGS.PREFABS"	"Jet Suit Dock"	"飛行衣存放櫃"	"STRINGS.BUILDINGS.PREFABS.JETSUITLOCKER.NAME"
"BUILDINGS.PREFABS"	"Jet Suit Checkpoint"	"飛行衣檢查點"	"STRINGS.BUILDINGS.PREFABS.JETSUITMARKER.NAME"
"BUILDINGS.PREFABS"	"Juicer"	"果汁機"	"STRINGS.BUILDINGS.PREFABS.JUICER.NAME"
"BUILDINGS.PREFABS"	"Petroleum Engine"	"石油引擎"	"STRINGS.BUILDINGS.PREFABS.KEROSENEENGINE.NAME"
"BUILDINGS.PREFABS"	"Small Petroleum Engine"	"小型石油引擎"	"STRINGS.BUILDINGS.PREFABS.KEROSENEENGINECLUSTERSMALL.NAME"
"BUILDINGS.PREFABS"	"Kiln"	"窯廠"	"STRINGS.BUILDINGS.PREFABS.KILN.NAME"
"BUILDINGS.PREFABS"	"Ladder"	"梯子"	"STRINGS.BUILDINGS.PREFABS.LADDER.NAME"
"BUILDINGS.PREFABS"	"Ladder Bed"	"梯子床"	"STRINGS.BUILDINGS.PREFABS.LADDERBED.NAME"
"BUILDINGS.PREFABS"	"Plastic Ladder"	"塑膠梯子"	"STRINGS.BUILDINGS.PREFABS.LADDERFAST.NAME"
"BUILDINGS.PREFABS"	"Spacefarer Deploy Pod"	"著陸艙"	"STRINGS.BUILDINGS.PREFABS.LANDING_POD.NAME"
"BUILDINGS.PREFABS"	"Targeting Beacon"	"定位信標"	"STRINGS.BUILDINGS.PREFABS.LANDINGBEACON.NAME"
"BUILDINGS.PREFABS"	"Large Discharger"	"大型放電器"	"STRINGS.BUILDINGS.PREFABS.LARGEELECTROBANKDISCHARGER.NAME"
"BUILDINGS.PREFABS"	"Rocket Platform"	"火箭平台"	"STRINGS.BUILDINGS.PREFABS.LAUNCHPAD.NAME"
"BUILDINGS.PREFABS"	"Lead Suit Dock"	"輻射防護衣存放櫃"	"STRINGS.BUILDINGS.PREFABS.LEADSUITLOCKER.NAME"
"BUILDINGS.PREFABS"	"Lead Suit Checkpoint"	"輻射防護衣檢查點"	"STRINGS.BUILDINGS.PREFABS.LEADSUITMARKER.NAME"
"BUILDINGS.PREFABS"	"Bottle Filler"	"瓶子充填器"	"STRINGS.BUILDINGS.PREFABS.LIQUIDBOTTLER.NAME"
"BUILDINGS.PREFABS"	"Liquid Cargo Tank"	"液體貨艙"	"STRINGS.BUILDINGS.PREFABS.LIQUIDCARGOBAY.NAME"
"BUILDINGS.PREFABS"	"Large Liquid Cargo Tank"	"大型液體貨艙"	"STRINGS.BUILDINGS.PREFABS.LIQUIDCARGOBAYCLUSTER.NAME"
"BUILDINGS.PREFABS"	"Thermo Aquatuner"	"冷水機"	"STRINGS.BUILDINGS.PREFABS.LIQUIDCONDITIONER.NAME"
"BUILDINGS.PREFABS"	"Liquid Pipe"	"液體管"	"STRINGS.BUILDINGS.PREFABS.LIQUIDCONDUIT.NAME"
"BUILDINGS.PREFABS"	"Liquid Bridge"	"液體橋接管"	"STRINGS.BUILDINGS.PREFABS.LIQUIDCONDUITBRIDGE.NAME"
"BUILDINGS.PREFABS"	"Liquid Pipe Germ Sensor"	"液體管病菌感測器"	"STRINGS.BUILDINGS.PREFABS.LIQUIDCONDUITDISEASESENSOR.NAME"
"BUILDINGS.PREFABS"	"Liquid Pipe Element Sensor"	"液體管元素感測器"	"STRINGS.BUILDINGS.PREFABS.LIQUIDCONDUITELEMENTSENSOR.NAME"
"BUILDINGS.PREFABS"	"Liquid Overflow Valve"	"液體溢流閥"	"STRINGS.BUILDINGS.PREFABS.LIQUIDCONDUITOVERFLOW.NAME"
"BUILDINGS.PREFABS"	"Priority Liquid Flow"	"優先液體流向"	"STRINGS.BUILDINGS.PREFABS.LIQUIDCONDUITPREFERENTIALFLOW.NAME"
"BUILDINGS.PREFABS"	"Radiant Liquid Pipe"	"導熱液體管"	"STRINGS.BUILDINGS.PREFABS.LIQUIDCONDUITRADIANT.NAME"
"BUILDINGS.PREFABS"	"Liquid Pipe Thermo Sensor"	"液體管溫度感測器"	"STRINGS.BUILDINGS.PREFABS.LIQUIDCONDUITTEMPERATURESENSOR.NAME"
"BUILDINGS.PREFABS"	"Hydrofan"	"水冷扇"	"STRINGS.BUILDINGS.PREFABS.LIQUIDCOOLEDFAN.NAME"
"BUILDINGS.PREFABS"	"Liquid Filter"	"液體篩選器"	"STRINGS.BUILDINGS.PREFABS.LIQUIDFILTER.NAME"
"BUILDINGS.PREFABS"	"Liquid Fuel Tank"	"液體燃料艙"	"STRINGS.BUILDINGS.PREFABS.LIQUIDFUELTANK.NAME"
"BUILDINGS.PREFABS"	"Large Liquid Fuel Tank"	"液體燃料艙"	"STRINGS.BUILDINGS.PREFABS.LIQUIDFUELTANKCLUSTER.NAME"
"BUILDINGS.PREFABS"	"Liquid Tepidizer"	"液體加溫器"	"STRINGS.BUILDINGS.PREFABS.LIQUIDHEATER.NAME"
"BUILDINGS.PREFABS"	"Liquid Meter Valve"	"液體計量閥"	"STRINGS.BUILDINGS.PREFABS.LIQUIDLIMITVALVE.NAME"
"BUILDINGS.PREFABS"	"Liquid Shutoff"	"液體開關閥"	"STRINGS.BUILDINGS.PREFABS.LIQUIDLOGICVALVE.NAME"
"BUILDINGS.PREFABS"	"Mini Liquid Pump"	"迷你液體幫浦"	"STRINGS.BUILDINGS.PREFABS.LIQUIDMINIPUMP.NAME"
"BUILDINGS.PREFABS"	"Liquid Pump"	"液體幫浦"	"STRINGS.BUILDINGS.PREFABS.LIQUIDPUMP.NAME"
"BUILDINGS.PREFABS"	"Pitcher Pump"	"手壓幫浦"	"STRINGS.BUILDINGS.PREFABS.LIQUIDPUMPINGSTATION.NAME"
"BUILDINGS.PREFABS"	"Liquid Reservoir"	"儲水槽"	"STRINGS.BUILDINGS.PREFABS.LIQUIDRESERVOIR.NAME"
"BUILDINGS.PREFABS"	"Liquid Valve"	"液體調節閥"	"STRINGS.BUILDINGS.PREFABS.LIQUIDVALVE.NAME"
"BUILDINGS.PREFABS"	"Liquid Vent"	"排水口"	"STRINGS.BUILDINGS.PREFABS.LIQUIDVENT.NAME"
"BUILDINGS.PREFABS"	"Automated Notifier"	"自動警報器"	"STRINGS.BUILDINGS.PREFABS.LOGICALARM.NAME"
"BUILDINGS.PREFABS"	"Starmap Location Sensor"	"星圖位置感測器"	"STRINGS.BUILDINGS.PREFABS.LOGICCLUSTERLOCATIONSENSOR.NAME"
"BUILDINGS.PREFABS"	"Signal Counter"	"訊號計數器"	"STRINGS.BUILDINGS.PREFABS.LOGICCOUNTER.NAME"
"BUILDINGS.PREFABS"	"Critter Sensor"	"動物感測器"	"STRINGS.BUILDINGS.PREFABS.LOGICCRITTERCOUNTSENSOR.NAME"
"BUILDINGS.PREFABS"	"Germ Sensor"	"病菌感測器"	"STRINGS.BUILDINGS.PREFABS.LOGICDISEASESENSOR.NAME"
"BUILDINGS.PREFABS"	"Duplicant Motion Sensor"	"複製人動作感測器"	"STRINGS.BUILDINGS.PREFABS.LOGICDUPLICANTSENSOR.NAME"
"BUILDINGS.PREFABS"	"Gas Element Sensor"	"氣體元素感測器"	"STRINGS.BUILDINGS.PREFABS.LOGICELEMENTSENSORGAS.NAME"
"BUILDINGS.PREFABS"	"Liquid Element Sensor"	"液體元素感測器"	"STRINGS.BUILDINGS.PREFABS.LOGICELEMENTSENSORLIQUID.NAME"
"BUILDINGS.PREFABS"	"AND Gate"	"及閘"	"STRINGS.BUILDINGS.PREFABS.LOGICGATEAND.NAME"
"BUILDINGS.PREFABS"	"BUFFER Gate"	"緩衝閘"	"STRINGS.BUILDINGS.PREFABS.LOGICGATEBUFFER.NAME"
"BUILDINGS.PREFABS"	"Signal Distributor"	"訊號分配器"	"STRINGS.BUILDINGS.PREFABS.LOGICGATEDEMULTIPLEXER.NAME"
"BUILDINGS.PREFABS"	"FILTER Gate"	"過濾閘"	"STRINGS.BUILDINGS.PREFABS.LOGICGATEFILTER.NAME"
"BUILDINGS.PREFABS"	"Signal Selector"	"訊號選擇器"	"STRINGS.BUILDINGS.PREFABS.LOGICGATEMULTIPLEXER.NAME"
"BUILDINGS.PREFABS"	"NOT Gate"	"非閘"	"STRINGS.BUILDINGS.PREFABS.LOGICGATENOT.NAME"
"BUILDINGS.PREFABS"	"OR Gate"	"或閘"	"STRINGS.BUILDINGS.PREFABS.LOGICGATEOR.NAME"
"BUILDINGS.PREFABS"	"XOR Gate"	"互斥或閘"	"STRINGS.BUILDINGS.PREFABS.LOGICGATEXOR.NAME"
"BUILDINGS.PREFABS"	"Hammer"	"錘子"	"STRINGS.BUILDINGS.PREFABS.LOGICHAMMER.NAME"
"BUILDINGS.PREFABS"	"Radbolt Sensor"	"輻射粒子感測器"	"STRINGS.BUILDINGS.PREFABS.LOGICHEPSENSOR.NAME"
"BUILDINGS.PREFABS"	"Automation Receiver"	"自動化接收器"	"STRINGS.BUILDINGS.PREFABS.LOGICINTERASTEROIDRECEIVER.NAME"
"BUILDINGS.PREFABS"	"Automation Broadcaster"	"自動化發射器"	"STRINGS.BUILDINGS.PREFABS.LOGICINTERASTEROIDSENDER.NAME"
"BUILDINGS.PREFABS"	"Light Sensor"	"光感測器"	"STRINGS.BUILDINGS.PREFABS.LOGICLIGHTSENSOR.NAME"
"BUILDINGS.PREFABS"	"Memory Toggle"	"正反器"	"STRINGS.BUILDINGS.PREFABS.LOGICMEMORY.NAME"
"BUILDINGS.PREFABS"	"Power Shutoff"	"繼電器"	"STRINGS.BUILDINGS.PREFABS.LOGICPOWERRELAY.NAME"
"BUILDINGS.PREFABS"	"Atmo Sensor"	"氣壓感測器"	"STRINGS.BUILDINGS.PREFABS.LOGICPRESSURESENSORGAS.NAME"
"BUILDINGS.PREFABS"	"Hydro Sensor"	"液壓感測器"	"STRINGS.BUILDINGS.PREFABS.LOGICPRESSURESENSORLIQUID.NAME"
"BUILDINGS.PREFABS"	"Radiation Sensor"	"輻射感測器"	"STRINGS.BUILDINGS.PREFABS.LOGICRADIATIONSENSOR.NAME"
"BUILDINGS.PREFABS"	"Automation Ribbon"	"訊號排線"	"STRINGS.BUILDINGS.PREFABS.LOGICRIBBON.NAME"
"BUILDINGS.PREFABS"	"Automation Ribbon Bridge"	"訊號排線橋接器"	"STRINGS.BUILDINGS.PREFABS.LOGICRIBBONBRIDGE.NAME"
"BUILDINGS.PREFABS"	"Ribbon Reader"	"排線讀取器"	"STRINGS.BUILDINGS.PREFABS.LOGICRIBBONREADER.NAME"
"BUILDINGS.PREFABS"	"Ribbon Writer"	"排線寫入器"	"STRINGS.BUILDINGS.PREFABS.LOGICRIBBONWRITER.NAME"
"BUILDINGS.PREFABS"	"Signal Switch"	"訊號開關"	"STRINGS.BUILDINGS.PREFABS.LOGICSWITCH.NAME"
"BUILDINGS.PREFABS"	"Thermo Sensor"	"溫度感測器"	"STRINGS.BUILDINGS.PREFABS.LOGICTEMPERATURESENSOR.NAME"
"BUILDINGS.PREFABS"	"Cycle Sensor"	"周期感測器"	"STRINGS.BUILDINGS.PREFABS.LOGICTIMEOFDAYSENSOR.NAME"
"BUILDINGS.PREFABS"	"Timer Sensor"	"計時器感測器"	"STRINGS.BUILDINGS.PREFABS.LOGICTIMERSENSOR.NAME"
"BUILDINGS.PREFABS"	"Wattage Sensor"	"功率感測器"	"STRINGS.BUILDINGS.PREFABS.LOGICWATTAGESENSOR.NAME"
"BUILDINGS.PREFABS"	"Automation Wire"	"訊號線"	"STRINGS.BUILDINGS.PREFABS.LOGICWIRE.NAME"
"BUILDINGS.PREFABS"	"Automation Wire Bridge"	"訊號線橋接器"	"STRINGS.BUILDINGS.PREFABS.LOGICWIREBRIDGE.NAME"
"BUILDINGS.PREFABS"	"Mailbox"	"郵箱"	"STRINGS.BUILDINGS.PREFABS.LONELYMAILBOX.NAME"
"BUILDINGS.PREFABS"	"Gravitas Shipping Container"	"引力科技運輸集散箱"	"STRINGS.BUILDINGS.PREFABS.LONELYMINIONHOUSE.NAME"
"BUILDINGS.PREFABS"	"Dreamboat Bed"	"夢船床"	"STRINGS.BUILDINGS.PREFABS.LUXURYBED.FACADES.BOAT.NAME"
"BUILDINGS.PREFABS"	"Bouncy Castle Bed"	"充氣城堡床"	"STRINGS.BUILDINGS.PREFABS.LUXURYBED.FACADES.BOUNCY_BED.NAME"
"BUILDINGS.PREFABS"	"Comfy Bed"	"舒適床"	"STRINGS.BUILDINGS.PREFABS.LUXURYBED.FACADES.DEFAULT_LUXURYBED.NAME"
"BUILDINGS.PREFABS"	"Grand Prix Bed"	"賽車床"	"STRINGS.BUILDINGS.PREFABS.LUXURYBED.FACADES.GRANDPRIX.NAME"
"BUILDINGS.PREFABS"	"Comfy Mush Bed"	"舒適泥糊床"	"STRINGS.BUILDINGS.PREFABS.LUXURYBED.FACADES.GREEN_MUSH.NAME"
"BUILDINGS.PREFABS"	"Cradled Bed"	"抱抱床"	"STRINGS.BUILDINGS.PREFABS.LUXURYBED.FACADES.HAND.NAME"
"BUILDINGS.PREFABS"	"Puft Bed"	"帕夫床"	"STRINGS.BUILDINGS.PREFABS.LUXURYBED.FACADES.PUFT_BED.NAME"
"BUILDINGS.PREFABS"	"Comfy Fainting Bed"	"舒適昏迷床"	"STRINGS.BUILDINGS.PREFABS.LUXURYBED.FACADES.PURPLE_BRAINFAT.NAME"
"BUILDINGS.PREFABS"	"Comfy Puce Bed"	"舒適亮紅床"	"STRINGS.BUILDINGS.PREFABS.LUXURYBED.FACADES.RED_ROSE.NAME"
"BUILDINGS.PREFABS"	"S.S. Napmaster Bed"	"征夢者床"	"STRINGS.BUILDINGS.PREFABS.LUXURYBED.FACADES.ROCKET_BED.NAME"
"BUILDINGS.PREFABS"	"Puzzle Cube Bed"	"魔方床"	"STRINGS.BUILDINGS.PREFABS.LUXURYBED.FACADES.RUBIKS.NAME"
"BUILDINGS.PREFABS"	"Comfy Ick Bed"	"舒適嘔吐床"	"STRINGS.BUILDINGS.PREFABS.LUXURYBED.FACADES.YELLOW_TARTAR.NAME"
"BUILDINGS.PREFABS"	"Mechanics Station"	"機械工作站"	"STRINGS.BUILDINGS.PREFABS.MACHINESHOP.NAME"
"BUILDINGS.PREFABS"	"Manual Generator"	"人力發電機"	"STRINGS.BUILDINGS.PREFABS.MANUALGENERATOR.NAME"
"BUILDINGS.PREFABS"	"Manual Radbolt Generator"	"人工輻射粒產生器"	"STRINGS.BUILDINGS.PREFABS.MANUALHIGHENERGYPARTICLESPAWNER.NAME"
"BUILDINGS.PREFABS"	"Manual Airlock"	"手動氣密門"	"STRINGS.BUILDINGS.PREFABS.MANUALPRESSUREDOOR.NAME"
"BUILDINGS.PREFABS"	"The Large-ish Mermaid"	"大美人魚"	"STRINGS.BUILDINGS.PREFABS.MARBLESCULPTURE.FACADES.SCULPTURE_MARBLE_AMAZING_1.NAME"
"BUILDINGS.PREFABS"	"Grouchy Beast"	"暴躁的野獸"	"STRINGS.BUILDINGS.PREFABS.MARBLESCULPTURE.FACADES.SCULPTURE_MARBLE_AMAZING_2.NAME"
"BUILDINGS.PREFABS"	"The Guardian"	"守護者"	"STRINGS.BUILDINGS.PREFABS.MARBLESCULPTURE.FACADES.SCULPTURE_MARBLE_AMAZING_3.NAME"
"BUILDINGS.PREFABS"	"Truly A-Moo-Zing"	"真正的神奇海牛"	"STRINGS.BUILDINGS.PREFABS.MARBLESCULPTURE.FACADES.SCULPTURE_MARBLE_AMAZING_4.NAME"
"BUILDINGS.PREFABS"	"Green Goddess"	"綠色女神"	"STRINGS.BUILDINGS.PREFABS.MARBLESCULPTURE.FACADES.SCULPTURE_MARBLE_AMAZING_5.NAME"
"BUILDINGS.PREFABS"	"Lumpy Fungus"	"成堆的真菌"	"STRINGS.BUILDINGS.PREFABS.MARBLESCULPTURE.FACADES.SCULPTURE_MARBLE_CRAP_1.NAME"
"BUILDINGS.PREFABS"	"Unicorn Bust"	"獨角獸半身像"	"STRINGS.BUILDINGS.PREFABS.MARBLESCULPTURE.FACADES.SCULPTURE_MARBLE_GOOD_1.NAME"
"BUILDINGS.PREFABS"	"Marble Block"	"大理石塊"	"STRINGS.BUILDINGS.PREFABS.MARBLESCULPTURE.NAME"
"BUILDINGS.PREFABS"	"Massage Table"	"按摩床"	"STRINGS.BUILDINGS.PREFABS.MASSAGETABLE.FACADES.DEFAULT_MASSAGETABLE.NAME"
"BUILDINGS.PREFABS"	"Inflatable Massage Table"	"充氣按摩床"	"STRINGS.BUILDINGS.PREFABS.MASSAGETABLE.FACADES.MASSEUR_BALLOON.NAME"
"BUILDINGS.PREFABS"	"Shiatsu Table"	"指壓按摩床"	"STRINGS.BUILDINGS.PREFABS.MASSAGETABLE.FACADES.SHIATSU.NAME"
"BUILDINGS.PREFABS"	"Anti Entropy Thermo-Nullifier"	"反熵除熱機"	"STRINGS.BUILDINGS.PREFABS.MASSIVEHEATSINK.NAME"
"BUILDINGS.PREFABS"	"Mechanical Surfboard"	"機械衝浪板"	"STRINGS.BUILDINGS.PREFABS.MECHANICALSURFBOARD.NAME"
"BUILDINGS.PREFABS"	"Triage Cot"	"醫療床"	"STRINGS.BUILDINGS.PREFABS.MEDICALCOT.NAME"
"BUILDINGS.PREFABS"	"Somnium Synthesizer"	"夢境合成器"	"STRINGS.BUILDINGS.PREFABS.MEGABRAINTANK.NAME"
"BUILDINGS.PREFABS"	"Mercury Ceiling Light"	"汞吸頂燈"	"STRINGS.BUILDINGS.PREFABS.MERCURYCEILINGLIGHT.NAME"
"BUILDINGS.PREFABS"	"Mesh Tile"	"透水磚"	"STRINGS.BUILDINGS.PREFABS.MESHTILE.NAME"
"BUILDINGS.PREFABS"	"Metal Refinery"	"冶煉廠"	"STRINGS.BUILDINGS.PREFABS.METALREFINERY.NAME"
"BUILDINGS.PREFABS"	"Insatiable Appetite"	"貪得無厭的胃口"	"STRINGS.BUILDINGS.PREFABS.METALSCULPTURE.FACADES.SCULPTURE_METAL_AMAZING_1.NAME"
"BUILDINGS.PREFABS"	"Agape"	"目瞪口呆"	"STRINGS.BUILDINGS.PREFABS.METALSCULPTURE.FACADES.SCULPTURE_METAL_AMAZING_2.NAME"
"BUILDINGS.PREFABS"	"Friendly Flier"	"友善的飛蟲"	"STRINGS.BUILDINGS.PREFABS.METALSCULPTURE.FACADES.SCULPTURE_METAL_AMAZING_3.NAME"
"BUILDINGS.PREFABS"	"Whatta Pip"	"好一隻樹鼠"	"STRINGS.BUILDINGS.PREFABS.METALSCULPTURE.FACADES.SCULPTURE_METAL_AMAZING_4.NAME"
"BUILDINGS.PREFABS"	"Phrenologist's Dream"	"顱相學家的夢想"	"STRINGS.BUILDINGS.PREFABS.METALSCULPTURE.FACADES.SCULPTURE_METAL_AMAZING_5.NAME"
"BUILDINGS.PREFABS"	"Unnatural Beauty"	"不自然的美"	"STRINGS.BUILDINGS.PREFABS.METALSCULPTURE.FACADES.SCULPTURE_METAL_CRAP_1.NAME"
"BUILDINGS.PREFABS"	"Beautiful Biohazard"	"美麗的生化危機"	"STRINGS.BUILDINGS.PREFABS.METALSCULPTURE.FACADES.SCULPTURE_METAL_GOOD_1.NAME"
"BUILDINGS.PREFABS"	"Metal Block"	"金屬塊"	"STRINGS.BUILDINGS.PREFABS.METALSCULPTURE.NAME"
"BUILDINGS.PREFABS"	"Metal Tile"	"金屬磚"	"STRINGS.BUILDINGS.PREFABS.METALTILE.NAME"
"BUILDINGS.PREFABS"	"Natural Gas Generator"	"天然氣發電機"	"STRINGS.BUILDINGS.PREFABS.METHANEGENERATOR.NAME"
"BUILDINGS.PREFABS"	"Weepy Blue Microbe Musher"	"淚泣藍壓製器"	"STRINGS.BUILDINGS.PREFABS.MICROBEMUSHER.FACADES.BLUE_BABYTEARS.NAME"
"BUILDINGS.PREFABS"	"Microbe Musher"	"食物壓製器"	"STRINGS.BUILDINGS.PREFABS.MICROBEMUSHER.FACADES.DEFAULT_MICROBEMUSHER.NAME"
"BUILDINGS.PREFABS"	"Mush Green Microbe Musher"	"泥糊綠壓製器"	"STRINGS.BUILDINGS.PREFABS.MICROBEMUSHER.FACADES.GREEN_MUSH.NAME"
"BUILDINGS.PREFABS"	"Faint Purple Microbe Musher"	"迷眩紫壓製器"	"STRINGS.BUILDINGS.PREFABS.MICROBEMUSHER.FACADES.PURPLE_BRAINFAT.NAME"
"BUILDINGS.PREFABS"	"Puce Pink Microbe Musher"	"亮紅粉壓製器"	"STRINGS.BUILDINGS.PREFABS.MICROBEMUSHER.FACADES.RED_ROSE.NAME"
"BUILDINGS.PREFABS"	"Ick Yellow Microbe Musher"	"嘔吐黃壓製器"	"STRINGS.BUILDINGS.PREFABS.MICROBEMUSHER.FACADES.YELLOW_TARTAR.NAME"
"BUILDINGS.PREFABS"	"Brackwax Gleaner"	"鹹乳蠟收集器"	"STRINGS.BUILDINGS.PREFABS.MILKFATSEPARATOR.NAME"
"BUILDINGS.PREFABS"	"Critter Fountain"	"小動物飲水機"	"STRINGS.BUILDINGS.PREFABS.MILKFEEDER.NAME"
"BUILDINGS.PREFABS"	"Milking Station"	"擠奶站"	"STRINGS.BUILDINGS.PREFABS.MILKINGSTATION.NAME"
"BUILDINGS.PREFABS"	"Plant Pulverizer"	"植物粉碎機"	"STRINGS.BUILDINGS.PREFABS.MILKPRESS.NAME"
"BUILDINGS.PREFABS"	"Oxygen Diffuser"	"氧氣擴散機"	"STRINGS.BUILDINGS.PREFABS.MINERALDEOXIDIZER.NAME"
"BUILDINGS.PREFABS"	"Blastshot Maker"	"爆破彈組裝機"	"STRINGS.BUILDINGS.PREFABS.MISSILEFABRICATOR.NAME"
"BUILDINGS.PREFABS"	"Meteor Blaster"	"流星爆破炮"	"STRINGS.BUILDINGS.PREFABS.MISSILELAUNCHER.NAME"
"BUILDINGS.PREFABS"	"Explosives Locker"	"炸藥置物櫃"	"STRINGS.BUILDINGS.PREFABS.MISSILESETLOCKER.NAME"
"BUILDINGS.PREFABS"	"Mission Control Station"	"任務控制站"	"STRINGS.BUILDINGS.PREFABS.MISSIONCONTROL.NAME"
"BUILDINGS.PREFABS"	"Gas Input Hub"	"氣體輸入中樞"	"STRINGS.BUILDINGS.PREFABS.MODULARGASINPUT.NAME"
"BUILDINGS.PREFABS"	"Rocket Port"	"火箭固體貨港"	"STRINGS.BUILDINGS.PREFABS.MODULARLAUNCHPADPORT.NAME"
"BUILDINGS.PREFABS"	"Rocket Port Extension"	"火箭貨港延伸橋"	"STRINGS.BUILDINGS.PREFABS.MODULARLAUNCHPADPORTBRIDGE.NAME"
"BUILDINGS.PREFABS"	"Gas Rocket Port Loader"	"氣體貨物裝載機"	"STRINGS.BUILDINGS.PREFABS.MODULARLAUNCHPADPORTGAS.NAME"
"BUILDINGS.PREFABS"	"Gas Rocket Port Unloader"	"氣體貨物卸載機"	"STRINGS.BUILDINGS.PREFABS.MODULARLAUNCHPADPORTGASUNLOADER.NAME"
"BUILDINGS.PREFABS"	"Liquid Rocket Port Loader"	"液體貨物裝載機"	"STRINGS.BUILDINGS.PREFABS.MODULARLAUNCHPADPORTLIQUID.NAME"
"BUILDINGS.PREFABS"	"Liquid Rocket Port Unloader"	"液體貨港卸載機"	"STRINGS.BUILDINGS.PREFABS.MODULARLAUNCHPADPORTLIQUIDUNLOADER.NAME"
"BUILDINGS.PREFABS"	"Solid Rocket Port Loader"	"固體貨物裝載機"	"STRINGS.BUILDINGS.PREFABS.MODULARLAUNCHPADPORTSOLID.NAME"
"BUILDINGS.PREFABS"	"Solid Rocket Port Unloader"	"固體貨港卸載機"	"STRINGS.BUILDINGS.PREFABS.MODULARLAUNCHPADPORTSOLIDUNLOADER.NAME"
"BUILDINGS.PREFABS"	"Liquid Input Hub"	"液體輸入中樞"	"STRINGS.BUILDINGS.PREFABS.MODULARLIQUIDINPUT.NAME"
"BUILDINGS.PREFABS"	"Solid Input Hub"	"固體輸入中樞"	"STRINGS.BUILDINGS.PREFABS.MODULARSOLIDINPUT.NAME"
"BUILDINGS.PREFABS"	"On Asteroid I"	"在小行星 I 上"	"STRINGS.BUILDINGS.PREFABS.MONUMENTBOTTOM.FACADES.OPTION_A.NAME"
"BUILDINGS.PREFABS"	"On Asteroid II"	"在小行星 II 上"	"STRINGS.BUILDINGS.PREFABS.MONUMENTBOTTOM.FACADES.OPTION_B.NAME"
"BUILDINGS.PREFABS"	"On Asteroid III"	"在小行星 III 上"	"STRINGS.BUILDINGS.PREFABS.MONUMENTBOTTOM.FACADES.OPTION_C.NAME"
"BUILDINGS.PREFABS"	"Scientific Seat"	"科學座椅"	"STRINGS.BUILDINGS.PREFABS.MONUMENTBOTTOM.FACADES.OPTION_D.NAME"
"BUILDINGS.PREFABS"	"On Asteroid IV"	"在小行星 IV 上"	"STRINGS.BUILDINGS.PREFABS.MONUMENTBOTTOM.FACADES.OPTION_E.NAME"
"BUILDINGS.PREFABS"	"On Asteroid V"	"在小行星 V 上"	"STRINGS.BUILDINGS.PREFABS.MONUMENTBOTTOM.FACADES.OPTION_F.NAME"
"BUILDINGS.PREFABS"	"On Asteroid VI"	"在小行星 VI 上"	"STRINGS.BUILDINGS.PREFABS.MONUMENTBOTTOM.FACADES.OPTION_G.NAME"
"BUILDINGS.PREFABS"	"Hatch Hunter"	"哈奇獵人"	"STRINGS.BUILDINGS.PREFABS.MONUMENTBOTTOM.FACADES.OPTION_H.NAME"
"BUILDINGS.PREFABS"	"Trash Tranquility"	"垃圾寧靜"	"STRINGS.BUILDINGS.PREFABS.MONUMENTBOTTOM.FACADES.OPTION_I.NAME"
"BUILDINGS.PREFABS"	"Fish Stomper"	"魚踐踏者"	"STRINGS.BUILDINGS.PREFABS.MONUMENTBOTTOM.FACADES.OPTION_J.NAME"
"BUILDINGS.PREFABS"	"Egg Equanimity"	"蛋之平靜"	"STRINGS.BUILDINGS.PREFABS.MONUMENTBOTTOM.FACADES.OPTION_K.NAME"
"BUILDINGS.PREFABS"	"Tilted Nosecone"	"傾斜鼻錐"	"STRINGS.BUILDINGS.PREFABS.MONUMENTBOTTOM.FACADES.OPTION_L.NAME"
"BUILDINGS.PREFABS"	"Sweet Seat"	"甜蜜座椅"	"STRINGS.BUILDINGS.PREFABS.MONUMENTBOTTOM.FACADES.OPTION_M.NAME"
"BUILDINGS.PREFABS"	"CO2 Straddle"	"跨坐二氧化碳"	"STRINGS.BUILDINGS.PREFABS.MONUMENTBOTTOM.FACADES.OPTION_N.NAME"
"BUILDINGS.PREFABS"	"Petroleum Pose"	"石油姿勢"	"STRINGS.BUILDINGS.PREFABS.MONUMENTBOTTOM.FACADES.OPTION_O.NAME"
"BUILDINGS.PREFABS"	"Spacefarer Stance"	"乘員艙姿態"	"STRINGS.BUILDINGS.PREFABS.MONUMENTBOTTOM.FACADES.OPTION_P.NAME"
"BUILDINGS.PREFABS"	"Seat of Power"	"力量之座"	"STRINGS.BUILDINGS.PREFABS.MONUMENTBOTTOM.FACADES.OPTION_Q.NAME"
"BUILDINGS.PREFABS"	"Sweepy I"	"掃掃機 I"	"STRINGS.BUILDINGS.PREFABS.MONUMENTBOTTOM.FACADES.OPTION_R.NAME"
"BUILDINGS.PREFABS"	"Sweepy II"	"掃掃機 II"	"STRINGS.BUILDINGS.PREFABS.MONUMENTBOTTOM.FACADES.OPTION_S.NAME"
"BUILDINGS.PREFABS"	"Sweepy III"	"掃掃機 III"	"STRINGS.BUILDINGS.PREFABS.MONUMENTBOTTOM.FACADES.OPTION_T.NAME"
"BUILDINGS.PREFABS"	"Monument Base"	"紀念碑底座"	"STRINGS.BUILDINGS.PREFABS.MONUMENTBOTTOM.NAME"
"BUILDINGS.PREFABS"	"Thumbs Up"	"大拇指讚"	"STRINGS.BUILDINGS.PREFABS.MONUMENTMIDDLE.FACADES.OPTION_A.NAME"
"BUILDINGS.PREFABS"	"Big Wrench"	"大扳手"	"STRINGS.BUILDINGS.PREFABS.MONUMENTMIDDLE.FACADES.OPTION_B.NAME"
"BUILDINGS.PREFABS"	"Um, Excuse Me"	"唔，抱歉"	"STRINGS.BUILDINGS.PREFABS.MONUMENTMIDDLE.FACADES.OPTION_C.NAME"
"BUILDINGS.PREFABS"	"Hands on Hips"	"雙手叉腰"	"STRINGS.BUILDINGS.PREFABS.MONUMENTMIDDLE.FACADES.OPTION_D.NAME"
"BUILDINGS.PREFABS"	"The Shrug"	"聳聳肩"	"STRINGS.BUILDINGS.PREFABS.MONUMENTMIDDLE.FACADES.OPTION_E.NAME"
"BUILDINGS.PREFABS"	"You Betcha"	"沒問題"	"STRINGS.BUILDINGS.PREFABS.MONUMENTMIDDLE.FACADES.OPTION_F.NAME"
"BUILDINGS.PREFABS"	"Well Hello There"	"嗯，你好"	"STRINGS.BUILDINGS.PREFABS.MONUMENTMIDDLE.FACADES.OPTION_G.NAME"
"BUILDINGS.PREFABS"	"Fists of Fury"	"憤怒之拳"	"STRINGS.BUILDINGS.PREFABS.MONUMENTMIDDLE.FACADES.OPTION_H.NAME"
"BUILDINGS.PREFABS"	"Hatch Hug"	"哈奇之抱"	"STRINGS.BUILDINGS.PREFABS.MONUMENTMIDDLE.FACADES.OPTION_I.NAME"
"BUILDINGS.PREFABS"	"Casual Elegance"	"休閒優雅"	"STRINGS.BUILDINGS.PREFABS.MONUMENTMIDDLE.FACADES.OPTION_J.NAME"
"BUILDINGS.PREFABS"	"Arms Ajar"	"雙臂微開"	"STRINGS.BUILDINGS.PREFABS.MONUMENTMIDDLE.FACADES.OPTION_K.NAME"
"BUILDINGS.PREFABS"	"Babes in Arms I"	"懷中寶貝 I"	"STRINGS.BUILDINGS.PREFABS.MONUMENTMIDDLE.FACADES.OPTION_L.NAME"
"BUILDINGS.PREFABS"	"Model Rocket"	"火箭模型"	"STRINGS.BUILDINGS.PREFABS.MONUMENTMIDDLE.FACADES.OPTION_M.NAME"
"BUILDINGS.PREFABS"	"Babes in Arms II"	"懷中寶貝 II"	"STRINGS.BUILDINGS.PREFABS.MONUMENTMIDDLE.FACADES.OPTION_N.NAME"
"BUILDINGS.PREFABS"	"Babes in Arms III"	"懷中寶貝 III"	"STRINGS.BUILDINGS.PREFABS.MONUMENTMIDDLE.FACADES.OPTION_O.NAME"
"BUILDINGS.PREFABS"	"Monument Midsection"	"紀念碑中段"	"STRINGS.BUILDINGS.PREFABS.MONUMENTMIDDLE.NAME"
"BUILDINGS.PREFABS"	"Leira Noggin"	"Leira 頭部"	"STRINGS.BUILDINGS.PREFABS.MONUMENTTOP.FACADES.OPTION_A.NAME"
"BUILDINGS.PREFABS"	"Gossmann Noggin"	"Gossmann 頭部"	"STRINGS.BUILDINGS.PREFABS.MONUMENTTOP.FACADES.OPTION_B.NAME"
"BUILDINGS.PREFABS"	"Puft Top"	"帕夫頂部"	"STRINGS.BUILDINGS.PREFABS.MONUMENTTOP.FACADES.OPTION_C.NAME"
"BUILDINGS.PREFABS"	"Nikola Noggin"	"Nikola 頭部"	"STRINGS.BUILDINGS.PREFABS.MONUMENTTOP.FACADES.OPTION_D.NAME"
"BUILDINGS.PREFABS"	"Burt Noggin"	"Burt 頭部"	"STRINGS.BUILDINGS.PREFABS.MONUMENTTOP.FACADES.OPTION_E.NAME"
"BUILDINGS.PREFABS"	"Rowan Noggin"	"Rowan 頭部"	"STRINGS.BUILDINGS.PREFABS.MONUMENTTOP.FACADES.OPTION_F.NAME"
"BUILDINGS.PREFABS"	"Nisbet Noggin"	"Nisbet 頭部"	"STRINGS.BUILDINGS.PREFABS.MONUMENTTOP.FACADES.OPTION_G.NAME"
"BUILDINGS.PREFABS"	"Ashkan Noggin"	"Ashkan 頭部"	"STRINGS.BUILDINGS.PREFABS.MONUMENTTOP.FACADES.OPTION_H.NAME"
"BUILDINGS.PREFABS"	"Ren Noggin"	"Ren 頭部"	"STRINGS.BUILDINGS.PREFABS.MONUMENTTOP.FACADES.OPTION_I.NAME"
"BUILDINGS.PREFABS"	"Hatch Top"	"哈奇頂部"	"STRINGS.BUILDINGS.PREFABS.MONUMENTTOP.FACADES.OPTION_J.NAME"
"BUILDINGS.PREFABS"	"Glossy Drecko Top"	"滑鱗蜥頂部"	"STRINGS.BUILDINGS.PREFABS.MONUMENTTOP.FACADES.OPTION_K.NAME"
"BUILDINGS.PREFABS"	"Shove Vole Top"	"鑽地田鼠頂部"	"STRINGS.BUILDINGS.PREFABS.MONUMENTTOP.FACADES.OPTION_L.NAME"
"BUILDINGS.PREFABS"	"Gassy Moo Top"	"瓦斯牛頂部"	"STRINGS.BUILDINGS.PREFABS.MONUMENTTOP.FACADES.OPTION_M.NAME"
"BUILDINGS.PREFABS"	"Morb Top"	"莫布頂部"	"STRINGS.BUILDINGS.PREFABS.MONUMENTTOP.FACADES.OPTION_N.NAME"
"BUILDINGS.PREFABS"	"Shine Bug Top"	"發光蟲頂部"	"STRINGS.BUILDINGS.PREFABS.MONUMENTTOP.FACADES.OPTION_O.NAME"
"BUILDINGS.PREFABS"	"Slickster Top"	"小油怪頂部"	"STRINGS.BUILDINGS.PREFABS.MONUMENTTOP.FACADES.OPTION_P.NAME"
"BUILDINGS.PREFABS"	"Pacu Top"	"帕庫頂部"	"STRINGS.BUILDINGS.PREFABS.MONUMENTTOP.FACADES.OPTION_Q.NAME"
"BUILDINGS.PREFABS"	"Beeta Top"	"輻射蜂上半部"	"STRINGS.BUILDINGS.PREFABS.MONUMENTTOP.FACADES.OPTION_R.NAME"
"BUILDINGS.PREFABS"	"Sweetle Top"	"甜素甲蟲頂部"	"STRINGS.BUILDINGS.PREFABS.MONUMENTTOP.FACADES.OPTION_S.NAME"
"BUILDINGS.PREFABS"	"Plug Slug Top"	"電氣蛞蝓頂部"	"STRINGS.BUILDINGS.PREFABS.MONUMENTTOP.FACADES.OPTION_T.NAME"
"BUILDINGS.PREFABS"	"Grubgrub Top"	"蟲果果蟲頂部"	"STRINGS.BUILDINGS.PREFABS.MONUMENTTOP.FACADES.OPTION_U.NAME"
"BUILDINGS.PREFABS"	"Rover Top"	"漫遊者頂部"	"STRINGS.BUILDINGS.PREFABS.MONUMENTTOP.FACADES.OPTION_V.NAME"
"BUILDINGS.PREFABS"	"Radsick Top I"	"輻射病頂部 I"	"STRINGS.BUILDINGS.PREFABS.MONUMENTTOP.FACADES.OPTION_W.NAME"
"BUILDINGS.PREFABS"	"Radsick Top II"	"輻射病頂部 II"	"STRINGS.BUILDINGS.PREFABS.MONUMENTTOP.FACADES.OPTION_X.NAME"
"BUILDINGS.PREFABS"	"Radsick Top III"	"輻射病頂部 III"	"STRINGS.BUILDINGS.PREFABS.MONUMENTTOP.FACADES.OPTION_Y.NAME"
"BUILDINGS.PREFABS"	"Radsick Top IV"	"輻射病頂部 IV"	"STRINGS.BUILDINGS.PREFABS.MONUMENTTOP.FACADES.OPTION_Z.NAME"
"BUILDINGS.PREFABS"	"Monument Top"	"紀念碑頂部"	"STRINGS.BUILDINGS.PREFABS.MONUMENTTOP.NAME"
"BUILDINGS.PREFABS"	"Biobot Builder"	"生機組構儀"	"STRINGS.BUILDINGS.PREFABS.MORBROVERMAKER.NAME"
"BUILDINGS.PREFABS"	"Trimming Tile"	"裝飾磚"	"STRINGS.BUILDINGS.PREFABS.MOULDINGTILE.NAME"
"BUILDINGS.PREFABS"	"Communal Table"	"公用餐桌"	"STRINGS.BUILDINGS.PREFABS.MULTIMINIONDININGTABLE.NAME"
"BUILDINGS.PREFABS"	"Basic Nosecone"	"基礎鼻錐"	"STRINGS.BUILDINGS.PREFABS.NOSECONEBASIC.NAME"
"BUILDINGS.PREFABS"	"Drillcone"	"鑽頭鼻錐"	"STRINGS.BUILDINGS.PREFABS.NOSECONEHARVEST.NAME"
"BUILDINGS.PREFABS"	"Research Reactor"	"研究反應爐"	"STRINGS.BUILDINGS.PREFABS.NUCLEARREACTOR.NAME"
"BUILDINGS.PREFABS"	"Materials Study Terminal"	"材料研究終端機"	"STRINGS.BUILDINGS.PREFABS.NUCLEARRESEARCHCENTER.NAME"
"BUILDINGS.PREFABS"	"Automatic Dispenser"	"自動分配機"	"STRINGS.BUILDINGS.PREFABS.OBJECTDISPENSER.NAME"
"BUILDINGS.PREFABS"	"Lubrication Station"	"潤滑站"	"STRINGS.BUILDINGS.PREFABS.OILCHANGER.NAME"
"BUILDINGS.PREFABS"	"Oil Refinery"	"煉油廠"	"STRINGS.BUILDINGS.PREFABS.OILREFINERY.NAME"
"BUILDINGS.PREFABS"	"Oil Well"	"油井"	"STRINGS.BUILDINGS.PREFABS.OILWELLCAP.NAME"
"BUILDINGS.PREFABS"	"Orbital Cargo Module"	"軌道貨艙模組"	"STRINGS.BUILDINGS.PREFABS.ORBITALCARGOMODULE.NAME"
"BUILDINGS.PREFABS"	"Orbital Data Collection Lab"	"軌道資料收集儀"	"STRINGS.BUILDINGS.PREFABS.ORBITALRESEARCHCENTER.NAME"
"BUILDINGS.PREFABS"	"Ore Scrubber"	"洗礦機"	"STRINGS.BUILDINGS.PREFABS.ORESCRUBBER.NAME"
"BUILDINGS.PREFABS"	"Outhouse"	"茅廁"	"STRINGS.BUILDINGS.PREFABS.OUTHOUSE.NAME"
"BUILDINGS.PREFABS"	"Solid Oxidizer Tank"	"固體氧化劑艙"	"STRINGS.BUILDINGS.PREFABS.OXIDIZERTANK.NAME"
"BUILDINGS.PREFABS"	"Large Solid Oxidizer Tank"	"大型固體氧化劑艙"	"STRINGS.BUILDINGS.PREFABS.OXIDIZERTANKCLUSTER.NAME"
"BUILDINGS.PREFABS"	"Liquid Oxidizer Tank"	"液體氧化劑艙"	"STRINGS.BUILDINGS.PREFABS.OXIDIZERTANKLIQUID.NAME"
"BUILDINGS.PREFABS"	"Oxygen Mask Dock"	"氧氣面罩存放櫃"	"STRINGS.BUILDINGS.PREFABS.OXYGENMASKLOCKER.NAME"
"BUILDINGS.PREFABS"	"Oxygen Mask Checkpoint"	"氧氣面罩檢查點"	"STRINGS.BUILDINGS.PREFABS.OXYGENMASKMARKER.NAME"
"BUILDINGS.PREFABS"	"Oxygen Mask Station"	"氧氣面罩工廠"	"STRINGS.BUILDINGS.PREFABS.OXYGENMASKSTATION.NAME"
"BUILDINGS.PREFABS"	"Oxylite Refinery"	"氧石精煉廠"	"STRINGS.BUILDINGS.PREFABS.OXYLITEREFINERY.NAME"
"BUILDINGS.PREFABS"	"Oxylite Sconce"	"氧石壁掛"	"STRINGS.BUILDINGS.PREFABS.OXYSCONCE.NAME"
"BUILDINGS.PREFABS"	"Park Sign"	"公園標誌"	"STRINGS.BUILDINGS.PREFABS.PARKSIGN.NAME"
"BUILDINGS.PREFABS"	"Triple Decker Cake"	"三層裝飾蛋糕"	"STRINGS.BUILDINGS.PREFABS.PARTYCAKE.NAME"
"BUILDINGS.PREFABS"	"Peat Burner"	"泥炭燃燒器"	"STRINGS.BUILDINGS.PREFABS.PEATGENERATOR.NAME"
"BUILDINGS.PREFABS"	"Petroleum Generator"	"石油發電機"	"STRINGS.BUILDINGS.PREFABS.PETROLEUMGENERATOR.NAME"
"BUILDINGS.PREFABS"	"Jukebot"	"點唱機"	"STRINGS.BUILDINGS.PREFABS.PHONOBOX.NAME"
"BUILDINGS.PREFABS"	"Trailblazer Lander"	"開拓者著陸艙"	"STRINGS.BUILDINGS.PREFABS.PIONEERLANDER.NAME"
"BUILDINGS.PREFABS"	"Trailblazer Module"	"開拓者模組"	"STRINGS.BUILDINGS.PREFABS.PIONEERMODULE.NAME"
"BUILDINGS.PREFABS"	"Pixel Pack"	"像素面板"	"STRINGS.BUILDINGS.PREFABS.PIXELPACK.NAME"
"BUILDINGS.PREFABS"	"Bristly Green Planter Box"	"鬃毛綠種植箱"	"STRINGS.BUILDINGS.PREFABS.PLANTERBOX.FACADES.BRISTLEBLOSSOM.NAME"
"BUILDINGS.PREFABS"	"Planter Box"	"種植箱"	"STRINGS.BUILDINGS.PREFABS.PLANTERBOX.FACADES.DEFAULT_PLANTERBOX.NAME"
"BUILDINGS.PREFABS"	"Mealy Teal Planter Box"	"虱木藍種植箱"	"STRINGS.BUILDINGS.PREFABS.PLANTERBOX.FACADES.MEALWOOD.NAME"
"BUILDINGS.PREFABS"	"Flashy Planter Box"	"華麗種植箱"	"STRINGS.BUILDINGS.PREFABS.PLANTERBOX.FACADES.SALMON_PINK.NAME"
"BUILDINGS.PREFABS"	"Sleet Blue Planter Box"	"雪麥藍種植箱"	"STRINGS.BUILDINGS.PREFABS.PLANTERBOX.FACADES.SLEETWHEAT.NAME"
"BUILDINGS.PREFABS"	"Wheezy Whorl Planter Box"	"冰樹紋種植箱"	"STRINGS.BUILDINGS.PREFABS.PLANTERBOX.FACADES.WHEEZEWORT.NAME"
"BUILDINGS.PREFABS"	"Plastic Flowers"	"塑膠花"	"STRINGS.BUILDINGS.PREFABS.PLASTICFLOWERS.NAME"
"BUILDINGS.PREFABS"	"Plastic Tile"	"塑膠磚"	"STRINGS.BUILDINGS.PREFABS.PLASTICTILE.NAME"
"BUILDINGS.PREFABS"	"Security Door"	"安全門"	"STRINGS.BUILDINGS.PREFABS.POIBUNKEREXTERIORDOOR.NAME"
"BUILDINGS.PREFABS"	"Showroom Doors"	"展廳門"	"STRINGS.BUILDINGS.PREFABS.POIDLC2SHOWROOMDOOR.NAME"
"BUILDINGS.PREFABS"	"Lobby Doors"	"大廳門"	"STRINGS.BUILDINGS.PREFABS.POIFACILITYDOOR.NAME"
"BUILDINGS.PREFABS"	"Polymer Press"	"塑膠工廠"	"STRINGS.BUILDINGS.PREFABS.POLYMERIZER.NAME"
"BUILDINGS.PREFABS"	"Power Control Station"	"電力控制站"	"STRINGS.BUILDINGS.PREFABS.POWERCONTROLSTATION.NAME"
"BUILDINGS.PREFABS"	"Large Power Transformer"	"大變壓器"	"STRINGS.BUILDINGS.PREFABS.POWERTRANSFORMER.NAME"
"BUILDINGS.PREFABS"	"Power Transformer"	"變壓器"	"STRINGS.BUILDINGS.PREFABS.POWERTRANSFORMERSMALL.NAME"
"BUILDINGS.PREFABS"	"Mechanized Airlock"	"機械氣密門"	"STRINGS.BUILDINGS.PREFABS.PRESSUREDOOR.NAME"
"BUILDINGS.PREFABS"	"Atmo Switch"	"氣壓開關"	"STRINGS.BUILDINGS.PREFABS.PRESSURESWITCHGAS.NAME"
"BUILDINGS.PREFABS"	"Hydro Switch"	"液壓開關"	"STRINGS.BUILDINGS.PREFABS.PRESSURESWITCHLIQUID.NAME"
"BUILDINGS.PREFABS"	"Travel Poster"	"旅行海報"	"STRINGS.BUILDINGS.PREFABS.PROPCERESPOSTERA.NAME"
"BUILDINGS.PREFABS"	"Acoustic Art Panel"	"聲學藝術板"	"STRINGS.BUILDINGS.PREFABS.PROPCERESPOSTERLARGE.NAME"
"BUILDINGS.PREFABS"	"Clock"	"時鐘"	"STRINGS.BUILDINGS.PREFABS.PROPCLOCK.NAME"
"BUILDINGS.PREFABS"	"Coat Rack"	"衣架"	"STRINGS.BUILDINGS.PREFABS.PROPCLOTHESHANGER.NAME"
"BUILDINGS.PREFABS"	"Computer Desk"	"電腦桌"	"STRINGS.BUILDINGS.PREFABS.PROPDESK.NAME"
"BUILDINGS.PREFABS"	"Electronic Display"	"電子顯示器"	"STRINGS.BUILDINGS.PREFABS.PROPDLC2DISPLAY1.NAME"
"BUILDINGS.PREFABS"	"Service Cart"	"維護推車"	"STRINGS.BUILDINGS.PREFABS.PROPDLC2GEOTHERMALCART.NAME"
"BUILDINGS.PREFABS"	"Broken Elevator"	"壞掉的電梯"	"STRINGS.BUILDINGS.PREFABS.PROPELEVATOR.NAME"
"BUILDINGS.PREFABS"	"Off-site Locker"	"場外儲物櫃"	"STRINGS.BUILDINGS.PREFABS.PROPEXOSETLOCKER.NAME"
"BUILDINGS.PREFABS"	"Long Prefab Shelf"	"預製長架子"	"STRINGS.BUILDINGS.PREFABS.PROPEXOSHELFLONG.NAME"
"BUILDINGS.PREFABS"	"Prefab Shelf"	"預製架子"	"STRINGS.BUILDINGS.PREFABS.PROPEXOSHELSHORT.NAME"
"BUILDINGS.PREFABS"	"Lobby Chair"	"大廳椅子"	"STRINGS.BUILDINGS.PREFABS.PROPFACILITYCHAIR.NAME"
"BUILDINGS.PREFABS"	"Chandelier"	"吊燈"	"STRINGS.BUILDINGS.PREFABS.PROPFACILITYCHANDELIER.NAME"
"BUILDINGS.PREFABS"	"Lobby Couch"	"大廳沙發"	"STRINGS.BUILDINGS.PREFABS.PROPFACILITYCOUCH.NAME"
"BUILDINGS.PREFABS"	"Director's Desk"	"總監桌"	"STRINGS.BUILDINGS.PREFABS.PROPFACILITYDESK.NAME"
"BUILDINGS.PREFABS"	"Filing Cabinet"	"檔案櫃"	"STRINGS.BUILDINGS.PREFABS.PROPFACILITYGLOBEDROORS.NAME"
"BUILDINGS.PREFABS"	"Light Fixture"	"燈具"	"STRINGS.BUILDINGS.PREFABS.PROPFACILITYLAMP.NAME"
"BUILDINGS.PREFABS"	"Landscape Portrait"	"風景畫"	"STRINGS.BUILDINGS.PREFABS.PROPFACILITYPAINTING.NAME"
"BUILDINGS.PREFABS"	"Gravitas Monument"	"引力紀念碑"	"STRINGS.BUILDINGS.PREFABS.PROPFACILITYSTATUE.NAME"
"BUILDINGS.PREFABS"	"Coffee Table"	"咖啡桌"	"STRINGS.BUILDINGS.PREFABS.PROPFACILITYTABLE.NAME"
"BUILDINGS.PREFABS"	"Office Plant"	"辦公室盆栽"	"STRINGS.BUILDINGS.PREFABS.PROPFACILITYTALLPLANT.NAME"
"BUILDINGS.PREFABS"	"Doctorate Degree"	"博士學位"	"STRINGS.BUILDINGS.PREFABS.PROPFACILITYWALLDEGREE.NAME"
"BUILDINGS.PREFABS"	"Mirror"	"鏡子"	"STRINGS.BUILDINGS.PREFABS.PROPGRAVITASBATHROOMMIRROR.NAME"
"BUILDINGS.PREFABS"	"Enamel Sink"	"搪瓷水槽"	"STRINGS.BUILDINGS.PREFABS.PROPGRAVITASBATHROOMSINK.NAME"
"BUILDINGS.PREFABS"	"Toilet Paper Holder"	"衛生紙架"	"STRINGS.BUILDINGS.PREFABS.PROPGRAVITASBATHROOMTOILETPAPERHOLDER.NAME"
"BUILDINGS.PREFABS"	"Ceiling Robot"	"天花板機器人"	"STRINGS.BUILDINGS.PREFABS.PROPGRAVITASCEILINGROBOT.NAME"
"BUILDINGS.PREFABS"	"Anatomy Poster"	"解剖海報"	"STRINGS.BUILDINGS.PREFABS.PROPGRAVITASCREATUREPOSTER.NAME"
"BUILDINGS.PREFABS"	"Biophysics Research Desk"	"生物物理研究桌"	"STRINGS.BUILDINGS.PREFABS.PROPGRAVITASDESK.NAME"
"BUILDINGS.PREFABS"	"Computer Podium"	"電腦講台"	"STRINGS.BUILDINGS.PREFABS.PROPGRAVITASDESKPODIUM.NAME"
"BUILDINGS.PREFABS"	"Broken Fire Extinguisher"	"壞掉的滅火器"	"STRINGS.BUILDINGS.PREFABS.PROPGRAVITASFIREEXTINGUISHER.NAME"
"BUILDINGS.PREFABS"	"First Aid Kit"	"急救包"	"STRINGS.BUILDINGS.PREFABS.PROPGRAVITASFIRSTAIDKIT.NAME"
"BUILDINGS.PREFABS"	"Flip Phone"	"翻蓋手機"	"STRINGS.BUILDINGS.PREFABS.PROPGRAVITASFLIPPHONE.NAME"
"BUILDINGS.PREFABS"	"Robotic Arm"	"機械手臂"	"STRINGS.BUILDINGS.PREFABS.PROPGRAVITASFLOORROBOT.NAME"
"BUILDINGS.PREFABS"	"Mini Fridge"	"迷你冰箱"	"STRINGS.BUILDINGS.PREFABS.PROPGRAVITASFRIDGE.NAME"
"BUILDINGS.PREFABS"	"Hand Scanner"	"手部掃描儀"	"STRINGS.BUILDINGS.PREFABS.PROPGRAVITASHANDSCANNER.NAME"
"BUILDINGS.PREFABS"	"Big Brain Jar"	"大腦樣本罐"	"STRINGS.BUILDINGS.PREFABS.PROPGRAVITASJAR1.NAME"
"BUILDINGS.PREFABS"	"Sample Jar"	"樣本罐"	"STRINGS.BUILDINGS.PREFABS.PROPGRAVITASJAR2.NAME"
"BUILDINGS.PREFABS"	"Lab Desk"	"實驗室研究桌"	"STRINGS.BUILDINGS.PREFABS.PROPGRAVITASLABTABLE.NAME"
"BUILDINGS.PREFABS"	"Lab Wall"	"實驗室牆"	"STRINGS.BUILDINGS.PREFABS.PROPGRAVITASLABWALL.NAME"
"BUILDINGS.PREFABS"	"Lab Window"	"實驗室窗戶"	"STRINGS.BUILDINGS.PREFABS.PROPGRAVITASLABWINDOW.NAME"
"BUILDINGS.PREFABS"	"Paper Towel Dispenser"	"擦手紙巾架"	"STRINGS.BUILDINGS.PREFABS.PROPGRAVITASPAPERTOLELDISPENSER.NAME"
"BUILDINGS.PREFABS"	"Wall Chart"	"壁掛圖表"	"STRINGS.BUILDINGS.PREFABS.PROPGRAVITASPOSTERPLANTS.NAME"
"BUILDINGS.PREFABS"	"Dead Plant"	"枯死植物"	"STRINGS.BUILDINGS.PREFABS.PROPGRAVITASPOTPLANTDEAD.NAME"
"BUILDINGS.PREFABS"	"Robotics Research Desk"	"機器人研究台"	"STRINGS.BUILDINGS.PREFABS.PROPGRAVITASROBTICTABLE.NAME"
"BUILDINGS.PREFABS"	"Shelf"	"架子"	"STRINGS.BUILDINGS.PREFABS.PROPGRAVITASSHELF.NAME"
"BUILDINGS.PREFABS"	"Wall Cabinet"	"壁櫥"	"STRINGS.BUILDINGS.PREFABS.PROPGRAVITASSMALLSEEDLOCKER.NAME"
"BUILDINGS.PREFABS"	"Tool Crate"	"工具箱"	"STRINGS.BUILDINGS.PREFABS.PROPGRAVITASTOOLCRATE.NAME"
"BUILDINGS.PREFABS"	"Tool Rack"	"工具架"	"STRINGS.BUILDINGS.PREFABS.PROPGRAVITASTOOLSHELF.NAME"
"BUILDINGS.PREFABS"	"Trash Can"	"垃圾桶"	"STRINGS.BUILDINGS.PREFABS.PROPGRAVITASTRASHCAN.NAME"
"BUILDINGS.PREFABS"	"Wall"	"牆"	"STRINGS.BUILDINGS.PREFABS.PROPGRAVITASWALL.NAME"
"BUILDINGS.PREFABS"	"Showroom Chair"	"展廳椅"	"STRINGS.BUILDINGS.PREFABS.PROPHUMANCHESTERFIELDCHAIR.NAME"
"BUILDINGS.PREFABS"	"Showroom Couch"	"展廳沙發"	"STRINGS.BUILDINGS.PREFABS.PROPHUMANCHESTERFIELDSOFA.NAME"
"BUILDINGS.PREFABS"	"Murphy Bed"	"摺疊床"	"STRINGS.BUILDINGS.PREFABS.PROPHUMANMURPHYBED.NAME"
"BUILDINGS.PREFABS"	"Reception Desk"	"接待處"	"STRINGS.BUILDINGS.PREFABS.PROPRECEPTIONDESK.NAME"
"BUILDINGS.PREFABS"	"Model Skeleton"	"模型骨架"	"STRINGS.BUILDINGS.PREFABS.PROPSKELETON.NAME"
"BUILDINGS.PREFABS"	"Crashed Satellite"	"墜毀的衛星"	"STRINGS.BUILDINGS.PREFABS.PROPSURFACESATELLITE1.NAME"
"BUILDINGS.PREFABS"	"Wrecked Satellite"	"衛星的殘骸"	"STRINGS.BUILDINGS.PREFABS.PROPSURFACESATELLITE2.NAME"
"BUILDINGS.PREFABS"	"Crushed Satellite"	"墜毀的衛星"	"STRINGS.BUILDINGS.PREFABS.PROPSURFACESATELLITE3.NAME"
"BUILDINGS.PREFABS"	"Table"	"桌子"	"STRINGS.BUILDINGS.PREFABS.PROPTABLE.NAME"
"BUILDINGS.PREFABS"	"Potted Plant"	"盆栽植物"	"STRINGS.BUILDINGS.PREFABS.PROPTALLPLANT.NAME"
"BUILDINGS.PREFABS"	"Radiation Lamp"	"輻射燈"	"STRINGS.BUILDINGS.PREFABS.RADIATIONLIGHT.NAME"
"BUILDINGS.PREFABS"	"Interplanetary Launcher"	"行星軌道炮"	"STRINGS.BUILDINGS.PREFABS.RAILGUN.NAME"
"BUILDINGS.PREFABS"	"Payload Opener"	"星際貨箱拆封機"	"STRINGS.BUILDINGS.PREFABS.RAILGUNPAYLOADOPENER.NAME"
"BUILDINGS.PREFABS"	"Grooming Station"	"畜牧站"	"STRINGS.BUILDINGS.PREFABS.RANCHSTATION.NAME"
"BUILDINGS.PREFABS"	"Ration Box"	"補給箱"	"STRINGS.BUILDINGS.PREFABS.RATIONBOX.NAME"
"BUILDINGS.PREFABS"	"Weepy Blue Refrigerator"	"淚泣藍冰箱"	"STRINGS.BUILDINGS.PREFABS.REFRIGERATOR.FACADES.BLUE_BABYTEARS.NAME"
"BUILDINGS.PREFABS"	"Refrigerator"	"冰箱"	"STRINGS.BUILDINGS.PREFABS.REFRIGERATOR.FACADES.DEFAULT_REFRIGERATOR.NAME"
"BUILDINGS.PREFABS"	"Mush Green Refrigerator"	"泥糊綠冰箱"	"STRINGS.BUILDINGS.PREFABS.REFRIGERATOR.FACADES.GREEN_MUSH.NAME"
"BUILDINGS.PREFABS"	"Faint Purple Refrigerator"	"迷眩紫冰箱"	"STRINGS.BUILDINGS.PREFABS.REFRIGERATOR.FACADES.PURPLE_BRAINFAT.NAME"
"BUILDINGS.PREFABS"	"Puce Pink Refrigerator"	"亮紅粉冰箱"	"STRINGS.BUILDINGS.PREFABS.REFRIGERATOR.FACADES.RED_ROSE.NAME"
"BUILDINGS.PREFABS"	"Bold Stripe Refrigerator"	"粗條紋冰箱"	"STRINGS.BUILDINGS.PREFABS.REFRIGERATOR.FACADES.STRIPES_RED_WHITE.NAME"
"BUILDINGS.PREFABS"	"Ick Yellow Refrigerator"	"嘔吐黃冰箱"	"STRINGS.BUILDINGS.PREFABS.REFRIGERATOR.FACADES.YELLOW_TARTAR.NAME"
"BUILDINGS.PREFABS"	"Remote Worker Dock"	"遙控機器人基站"	"STRINGS.BUILDINGS.PREFABS.REMOTEWORKERDOCK.NAME"
"BUILDINGS.PREFABS"	"Remote Controller"	"遠距工作站"	"STRINGS.BUILDINGS.PREFABS.REMOTEWORKTERMINAL.NAME"
"BUILDINGS.PREFABS"	"Research Station"	"研究站"	"STRINGS.BUILDINGS.PREFABS.RESEARCHCENTER.NAME"
"BUILDINGS.PREFABS"	"Research Module"	"研究模組"	"STRINGS.BUILDINGS.PREFABS.RESEARCHCLUSTERMODULE.NAME"
"BUILDINGS.PREFABS"	"Skill Scrubber"	"技能重置機"	"STRINGS.BUILDINGS.PREFABS.RESETSKILLSSTATION.NAME"
"BUILDINGS.PREFABS"	"Robo-Pilot Capsule"	"自動駕駛指揮艙"	"STRINGS.BUILDINGS.PREFABS.ROBOPILOTCOMMANDMODULE.NAME"
"BUILDINGS.PREFABS"	"Robo-Pilot Module"	"自動駕駛模組"	"STRINGS.BUILDINGS.PREFABS.ROBOPILOTMODULE.NAME"
"BUILDINGS.PREFABS"	"Pop-A-Rocks-E"	"氣球碎石機"	"STRINGS.BUILDINGS.PREFABS.ROCKCRUSHER.FACADES.BALLOON.NAME"
"BUILDINGS.PREFABS"	"Mani Rock Crusher"	"美甲碎石機"	"STRINGS.BUILDINGS.PREFABS.ROCKCRUSHER.FACADES.CHOMP.NAME"
"BUILDINGS.PREFABS"	"Rock Crusher"	"碎石機"	"STRINGS.BUILDINGS.PREFABS.ROCKCRUSHER.FACADES.DEFAULT_ROCKCRUSHER.NAME"
"BUILDINGS.PREFABS"	"Super-Mech Rock Crusher"	"超級機械碎石機"	"STRINGS.BUILDINGS.PREFABS.ROCKCRUSHER.FACADES.GEARS.NAME"
"BUILDINGS.PREFABS"	"Punchy Rock Crusher"	"拳擊碎石機"	"STRINGS.BUILDINGS.PREFABS.ROCKCRUSHER.FACADES.HANDS.NAME"
"BUILDINGS.PREFABS"	"Smooth Rock Crusher"	"平滑碎石機"	"STRINGS.BUILDINGS.PREFABS.ROCKCRUSHER.FACADES.ROUNDSTAMP.NAME"
"BUILDINGS.PREFABS"	"Spiked Rock Crusher"	"尖刺碎石機"	"STRINGS.BUILDINGS.PREFABS.ROCKCRUSHER.FACADES.SPIKEBEDS.NAME"
"BUILDINGS.PREFABS"	"Toothy Rock Crusher"	"牙咬碎石機"	"STRINGS.BUILDINGS.PREFABS.ROCKCRUSHER.FACADES.TEETH.NAME"
"BUILDINGS.PREFABS"	"Rocket Cockpit"	"駕駛艙"	"STRINGS.BUILDINGS.PREFABS.ROCKETCOMMANDCONSOLE.NAME"
"BUILDINGS.PREFABS"	"Rocket Control Station"	"火箭控制站"	"STRINGS.BUILDINGS.PREFABS.ROCKETCONTROLSTATION.NAME"
"BUILDINGS.PREFABS"	"Rocket"	"火箭"	"STRINGS.BUILDINGS.PREFABS.ROCKETENVELOPETILE.NAME"
"BUILDINGS.PREFABS"	"Rocket Window"	"火箭窗戶"	"STRINGS.BUILDINGS.PREFABS.ROCKETENVELOPEWINDOWTILE.NAME"
"BUILDINGS.PREFABS"	"Gas Intake Fitting"	"氣體輸入配件"	"STRINGS.BUILDINGS.PREFABS.ROCKETINTERIORGASINPUT.NAME"
"BUILDINGS.PREFABS"	"Gas Spacefarer Input Port"	"乘員艙氣體輸入口"	"STRINGS.BUILDINGS.PREFABS.ROCKETINTERIORGASINPUTPORT.NAME"
"BUILDINGS.PREFABS"	"Gas Output Fitting"	"氣體輸出配件"	"STRINGS.BUILDINGS.PREFABS.ROCKETINTERIORGASOUTPUT.NAME"
"BUILDINGS.PREFABS"	"Gas Spacefarer Output Port"	"乘員艙氣體輸出口"	"STRINGS.BUILDINGS.PREFABS.ROCKETINTERIORGASOUTPUTPORT.NAME"
"BUILDINGS.PREFABS"	"Liquid Intake Fitting"	"液體輸入配件"	"STRINGS.BUILDINGS.PREFABS.ROCKETINTERIORLIQUIDINPUT.NAME"
"BUILDINGS.PREFABS"	"Liquid Spacefarer Input Port"	"乘員艙液體輸入口"	"STRINGS.BUILDINGS.PREFABS.ROCKETINTERIORLIQUIDINPUTPORT.NAME"
"BUILDINGS.PREFABS"	"Liquid Output Fitting"	"液體輸出配件"	"STRINGS.BUILDINGS.PREFABS.ROCKETINTERIORLIQUIDOUTPUT.NAME"
"BUILDINGS.PREFABS"	"Liquid Spacefarer Output Port"	"乘員艙液體輸出口"	"STRINGS.BUILDINGS.PREFABS.ROCKETINTERIORLIQUIDOUTPUTPORT.NAME"
"BUILDINGS.PREFABS"	"Power Outlet Fitting"	"電力插座配件"	"STRINGS.BUILDINGS.PREFABS.ROCKETINTERIORPOWERPLUG.NAME"
"BUILDINGS.PREFABS"	"Conveyor Receptacle Fitting"	"輸送帶存儲箱配件"	"STRINGS.BUILDINGS.PREFABS.ROCKETINTERIORSOLIDINPUT.NAME"
"BUILDINGS.PREFABS"	"Conveyor Loader Fitting"	"輸送帶裝載機配件"	"STRINGS.BUILDINGS.PREFABS.ROCKETINTERIORSOLIDOUTPUT.NAME"
"BUILDINGS.PREFABS"	"Trailblazer Deploy Pod"	"開拓者部署裝置"	"STRINGS.BUILDINGS.PREFABS.ROCKETPOD.NAME"
"BUILDINGS.PREFABS"	"Rocket Wall"	"火箭艙壁"	"STRINGS.BUILDINGS.PREFABS.ROCKETWALLTILE.NAME"
"BUILDINGS.PREFABS"	"Skills Board"	"技能板"	"STRINGS.BUILDINGS.PREFABS.ROLESTATION.NAME"
"BUILDINGS.PREFABS"	"Rust Deoxidizer"	"鐵鏽脫氧機"	"STRINGS.BUILDINGS.PREFABS.RUSTDEOXIDIZER.NAME"
"BUILDINGS.PREFABS"	"Sauna"	"蒸氣浴室"	"STRINGS.BUILDINGS.PREFABS.SAUNA.NAME"
"BUILDINGS.PREFABS"	"Cartographic Module"	"製圖模組"	"STRINGS.BUILDINGS.PREFABS.SCANNERMODULE.NAME"
"BUILDINGS.PREFABS"	"Rover's Lander"	"漫游者登陸器"	"STRINGS.BUILDINGS.PREFABS.SCOUTLANDER.NAME"
"BUILDINGS.PREFABS"	"Rover's Module"	"漫游者模組"	"STRINGS.BUILDINGS.PREFABS.SCOUTMODULE.NAME"
"BUILDINGS.PREFABS"	"Rover's Doghouse"	"漫遊者機庫"	"STRINGS.BUILDINGS.PREFABS.SCOUTROCKETPOD.NAME"
"BUILDINGS.PREFABS"	"The Hypothesizer"	"假設者"	"STRINGS.BUILDINGS.PREFABS.SCULPTURE.FACADES.SCULPTURE_AMAZING_1.NAME"
"BUILDINGS.PREFABS"	"Plate Chucker"	"飛盤投手"	"STRINGS.BUILDINGS.PREFABS.SCULPTURE.FACADES.SCULPTURE_AMAZING_2.NAME"
"BUILDINGS.PREFABS"	"Before Battle"	"戰鬥之前"	"STRINGS.BUILDINGS.PREFABS.SCULPTURE.FACADES.SCULPTURE_AMAZING_3.NAME"
"BUILDINGS.PREFABS"	"Grandiose Grub-Grub"	"狀麗的蟲果果實"	"STRINGS.BUILDINGS.PREFABS.SCULPTURE.FACADES.SCULPTURE_AMAZING_4.NAME"
"BUILDINGS.PREFABS"	"Vertical Cosmos"	"垂直的宇宙"	"STRINGS.BUILDINGS.PREFABS.SCULPTURE.FACADES.SCULPTURE_AMAZING_5.NAME"
"BUILDINGS.PREFABS"	"Into the Voids"	"進入虛空"	"STRINGS.BUILDINGS.PREFABS.SCULPTURE.FACADES.SCULPTURE_AMAZING_6.NAME"
"BUILDINGS.PREFABS"	"Inexplicable"	"莫名其妙"	"STRINGS.BUILDINGS.PREFABS.SCULPTURE.FACADES.SCULPTURE_CRAP_1.NAME"
"BUILDINGS.PREFABS"	"O Cupid, My Cupid"	"啊，丘比特，我的丘比特"	"STRINGS.BUILDINGS.PREFABS.SCULPTURE.FACADES.SCULPTURE_GOOD_1.NAME"
"BUILDINGS.PREFABS"	"Large Sculpting Block"	"大型雕刻石"	"STRINGS.BUILDINGS.PREFABS.SCULPTURE.NAME"
"BUILDINGS.PREFABS"	"Locker"	"置物櫃"	"STRINGS.BUILDINGS.PREFABS.SETLOCKER.NAME"
"BUILDINGS.PREFABS"	"Shearing Station"	"修剪站"	"STRINGS.BUILDINGS.PREFABS.SHEARINGSTATION.NAME"
"BUILDINGS.PREFABS"	"Display Shelf"	"展示架"	"STRINGS.BUILDINGS.PREFABS.SHELF.NAME"
"BUILDINGS.PREFABS"	"Shower"	"淋浴間"	"STRINGS.BUILDINGS.PREFABS.SHOWER.NAME"
"BUILDINGS.PREFABS"	"Single Player Arcade"	"單人遊戲機台"	"STRINGS.BUILDINGS.PREFABS.SINGLEPLAYERARCADE.NAME"
"BUILDINGS.PREFABS"	"Sludge Press"	"脫水機"	"STRINGS.BUILDINGS.PREFABS.SLUDGEPRESS.NAME"
"BUILDINGS.PREFABS"	"Compact Discharger"	"小型放電器"	"STRINGS.BUILDINGS.PREFABS.SMALLELECTROBANKDISCHARGER.NAME"
"BUILDINGS.PREFABS"	"Small Solid Oxidizer Tank"	"小型固體氧化劑艙"	"STRINGS.BUILDINGS.PREFABS.SMALLOXIDIZERTANK.NAME"
"BUILDINGS.PREFABS"	"Not a Funnel"	"不是漏斗"	"STRINGS.BUILDINGS.PREFABS.SMALLSCULPTURE.FACADES.SCULPTURE_1x2_AMAZING_1.NAME"
"BUILDINGS.PREFABS"	"Equilibrium"	"平衡"	"STRINGS.BUILDINGS.PREFABS.SMALLSCULPTURE.FACADES.SCULPTURE_1x2_AMAZING_2.NAME"
"BUILDINGS.PREFABS"	"Opaque Orb"	"不透光的球體"	"STRINGS.BUILDINGS.PREFABS.SMALLSCULPTURE.FACADES.SCULPTURE_1x2_AMAZING_3.NAME"
"BUILDINGS.PREFABS"	"Employee of the Month"	"本月最佳員工"	"STRINGS.BUILDINGS.PREFABS.SMALLSCULPTURE.FACADES.SCULPTURE_1x2_AMAZING_4.NAME"
"BUILDINGS.PREFABS"	"Pointy Impossibility"	"尖銳的不可能"	"STRINGS.BUILDINGS.PREFABS.SMALLSCULPTURE.FACADES.SCULPTURE_1x2_AMAZING_5.NAME"
"BUILDINGS.PREFABS"	"Fireball"	"火球"	"STRINGS.BUILDINGS.PREFABS.SMALLSCULPTURE.FACADES.SCULPTURE_1x2_AMAZING_6.NAME"
"BUILDINGS.PREFABS"	"Unrequited"	"單相思"	"STRINGS.BUILDINGS.PREFABS.SMALLSCULPTURE.FACADES.SCULPTURE_1x2_CRAP.NAME"
"BUILDINGS.PREFABS"	"Lunar Slice"	"新月"	"STRINGS.BUILDINGS.PREFABS.SMALLSCULPTURE.FACADES.SCULPTURE_1x2_GOOD.NAME"
"BUILDINGS.PREFABS"	"Sculpting Block"	"雕刻石"	"STRINGS.BUILDINGS.PREFABS.SMALLSCULPTURE.NAME"
"BUILDINGS.PREFABS"	"Smoker"	"煙燻爐"	"STRINGS.BUILDINGS.PREFABS.SMOKER.NAME"
"BUILDINGS.PREFABS"	"Snow Tile"	"雪磚"	"STRINGS.BUILDINGS.PREFABS.SNOWTILE.NAME"
"BUILDINGS.PREFABS"	"Soda Fountain"	"汽水機"	"STRINGS.BUILDINGS.PREFABS.SODAFOUNTAIN.NAME"
"BUILDINGS.PREFABS"	"Solar Panel"	"太陽能板"	"STRINGS.BUILDINGS.PREFABS.SOLARPANEL.NAME"
"BUILDINGS.PREFABS"	"Solar Panel Module"	"太陽能板模組"	"STRINGS.BUILDINGS.PREFABS.SOLARPANELMODULE.NAME"
"BUILDINGS.PREFABS"	"Solid Fuel Thruster"	"固體燃料推進器"	"STRINGS.BUILDINGS.PREFABS.SOLIDBOOSTER.NAME"
"BUILDINGS.PREFABS"	"Conveyor Rail"	"輸送帶軌道"	"STRINGS.BUILDINGS.PREFABS.SOLIDCONDUIT.NAME"
"BUILDINGS.PREFABS"	"Conveyor Bridge"	"輸送帶連接橋"	"STRINGS.BUILDINGS.PREFABS.SOLIDCONDUITBRIDGE.NAME"
"BUILDINGS.PREFABS"	"Conveyor Rail Germ Sensor"	"輸送帶病菌感測器"	"STRINGS.BUILDINGS.PREFABS.SOLIDCONDUITDISEASESENSOR.NAME"
"BUILDINGS.PREFABS"	"Conveyor Rail Element Sensor"	"輸送帶元素感測器"	"STRINGS.BUILDINGS.PREFABS.SOLIDCONDUITELEMENTSENSOR.NAME"
"BUILDINGS.PREFABS"	"Conveyor Loader"	"輸送帶裝載機"	"STRINGS.BUILDINGS.PREFABS.SOLIDCONDUITINBOX.NAME"
"BUILDINGS.PREFABS"	"Conveyor Receptacle"	"輸送帶存儲箱"	"STRINGS.BUILDINGS.PREFABS.SOLIDCONDUITOUTBOX.NAME"
"BUILDINGS.PREFABS"	"Conveyor Rail Thermo Sensor"	"輸送帶溫度感測器"	"STRINGS.BUILDINGS.PREFABS.SOLIDCONDUITTEMPERATURESENSOR.NAME"
"BUILDINGS.PREFABS"	"Solid Filter"	"固體篩選器"	"STRINGS.BUILDINGS.PREFABS.SOLIDFILTER.NAME"
"BUILDINGS.PREFABS"	"Conveyor Meter"	"輸送帶計量閥"	"STRINGS.BUILDINGS.PREFABS.SOLIDLIMITVALVE.NAME"
"BUILDINGS.PREFABS"	"Conveyor Shutoff"	"輸送帶開關閥"	"STRINGS.BUILDINGS.PREFABS.SOLIDLOGICVALVE.NAME"
"BUILDINGS.PREFABS"	"Auto-Sweeper"	"自動手臂"	"STRINGS.BUILDINGS.PREFABS.SOLIDTRANSFERARM.NAME"
"BUILDINGS.PREFABS"	"Conveyor Chute"	"輸送帶滑道"	"STRINGS.BUILDINGS.PREFABS.SOLIDVENT.NAME"
"BUILDINGS.PREFABS"	"Space Heater"	"暖氣機"	"STRINGS.BUILDINGS.PREFABS.SPACEHEATER.NAME"
"BUILDINGS.PREFABS"	"Biological Cargo Bay"	"生物貨艙"	"STRINGS.BUILDINGS.PREFABS.SPECIALCARGOBAY.NAME"
"BUILDINGS.PREFABS"	"Critter Cargo Bay"	"小動物貨艙"	"STRINGS.BUILDINGS.PREFABS.SPECIALCARGOBAYCLUSTER.NAME"
"BUILDINGS.PREFABS"	"Spice Grinder"	"香料研磨器"	"STRINGS.BUILDINGS.PREFABS.SPICEGRINDER.NAME"
"BUILDINGS.PREFABS"	"Slug Egg"	"電氣蛞蝓蛋"	"STRINGS.BUILDINGS.PREFABS.STATERPILLAREGG.NAME"
"BUILDINGS.PREFABS"	"Plug Slug"	"電氣蛞蝓"	"STRINGS.BUILDINGS.PREFABS.STATERPILLARGENERATOR.NAME"
"BUILDINGS.PREFABS"	"Steam Engine"	"蒸氣引擎"	"STRINGS.BUILDINGS.PREFABS.STEAMENGINE.NAME"
"BUILDINGS.PREFABS"	"[DEPRECATED] Steam Turbine"	"[廢棄的] 蒸氣渦輪機"	"STRINGS.BUILDINGS.PREFABS.STEAMTURBINE.NAME"
"BUILDINGS.PREFABS"	"Steam Turbine"	"蒸氣渦輪機"	"STRINGS.BUILDINGS.PREFABS.STEAMTURBINE2.NAME"
"BUILDINGS.PREFABS"	"Sticker Bomb"	"貼紙炸彈"	"STRINGS.BUILDINGS.PREFABS.STICKERBOMB.NAME"
"BUILDINGS.PREFABS"	"Weepy Blue Storage Bin"	"淚泣藍儲存箱"	"STRINGS.BUILDINGS.PREFABS.STORAGELOCKER.FACADES.BLUE_BABYTEARS.NAME"
"BUILDINGS.PREFABS"	"Storage Bin"	"儲存箱"	"STRINGS.BUILDINGS.PREFABS.STORAGELOCKER.FACADES.DEFAULT_STORAGELOCKER.NAME"
"BUILDINGS.PREFABS"	"Mush Green Storage Bin"	"泥糊綠儲存箱"	"STRINGS.BUILDINGS.PREFABS.STORAGELOCKER.FACADES.GREEN_MUSH.NAME"
"BUILDINGS.PREFABS"	"Party Dot Storage Bin"	"聚會波點儲存箱"	"STRINGS.BUILDINGS.PREFABS.STORAGELOCKER.FACADES.POLKA_DARKNAVYNOOKGREEN.NAME"
"BUILDINGS.PREFABS"	"Mod Dot Storage Bin"	"摩登波點儲存箱"	"STRINGS.BUILDINGS.PREFABS.STORAGELOCKER.FACADES.POLKA_DARKPURPLERESIN.NAME"
"BUILDINGS.PREFABS"	"Faint Purple Storage Bin"	"淡淺紫儲存箱"	"STRINGS.BUILDINGS.PREFABS.STORAGELOCKER.FACADES.PURPLE_BRAINFAT.NAME"
"BUILDINGS.PREFABS"	"Puce Pink Storage Bin"	"亮紅粉儲存箱"	"STRINGS.BUILDINGS.PREFABS.STORAGELOCKER.FACADES.RED_ROSE.NAME"
"BUILDINGS.PREFABS"	"Bold Stripe Storage Bin"	"粗條紋儲存箱"	"STRINGS.BUILDINGS.PREFABS.STORAGELOCKER.FACADES.STRIPES_RED_WHITE.NAME"
"BUILDINGS.PREFABS"	"Ick Yellow Storage Bin"	"嘔吐黃儲存箱"	"STRINGS.BUILDINGS.PREFABS.STORAGELOCKER.FACADES.YELLOW_TARTAR.NAME"
"BUILDINGS.PREFABS"	"Smart Storage Bin"	"智慧儲存箱"	"STRINGS.BUILDINGS.PREFABS.STORAGELOCKERSMART.NAME"
"BUILDINGS.PREFABS"	"Storage Tile"	"儲存磚"	"STRINGS.BUILDINGS.PREFABS.STORAGETILE.NAME"
"BUILDINGS.PREFABS"	"Sublimation Station"	"昇華機"	"STRINGS.BUILDINGS.PREFABS.SUBLIMATIONSTATION.NAME"
"BUILDINGS.PREFABS"	"Sugar Engine"	"糖引擎"	"STRINGS.BUILDINGS.PREFABS.SUGARENGINE.NAME"
"BUILDINGS.PREFABS"	"Exosuit Forge"	"太空衣工廠"	"STRINGS.BUILDINGS.PREFABS.SUITFABRICATOR.NAME"
"BUILDINGS.PREFABS"	"Atmo Suit Dock"	"太空衣存放櫃"	"STRINGS.BUILDINGS.PREFABS.SUITLOCKER.NAME"
"BUILDINGS.PREFABS"	"Atmo Suit Checkpoint"	"太空衣檢查點"	"STRINGS.BUILDINGS.PREFABS.SUITMARKER.NAME"
"BUILDINGS.PREFABS"	"Sun Lamp"	"日光燈"	"STRINGS.BUILDINGS.PREFABS.SUNLAMP.NAME"
"BUILDINGS.PREFABS"	"Molecular Forge"	"分子冶煉廠"	"STRINGS.BUILDINGS.PREFABS.SUPERMATERIALREFINERY.NAME"
"BUILDINGS.PREFABS"	"Sweepy's Dock"	"清潔櫃"	"STRINGS.BUILDINGS.PREFABS.SWEEPBOTSTATION.NAME"
"BUILDINGS.PREFABS"	"Switch"	"開關"	"STRINGS.BUILDINGS.PREFABS.SWITCH.NAME"
"BUILDINGS.PREFABS"	"Party Line Phone"	"派對專線電話"	"STRINGS.BUILDINGS.PREFABS.TELEPHONE.NAME"
"BUILDINGS.PREFABS"	"Teleporter Pad"	"傳送台"	"STRINGS.BUILDINGS.PREFABS.TELEPORTALPAD.NAME"
"BUILDINGS.PREFABS"	"Thermo Switch"	"溫控開關"	"STRINGS.BUILDINGS.PREFABS.TEMPERATURECONTROLLEDSWITCH.NAME"
"BUILDINGS.PREFABS"	"Temporal Tear Opener"	"時空裂縫開啟器"	"STRINGS.BUILDINGS.PREFABS.TEMPORALTEAROPENER.NAME"
"BUILDINGS.PREFABS"	"Tempshift Plate"	"散熱板"	"STRINGS.BUILDINGS.PREFABS.THERMALBLOCK.NAME"
"BUILDINGS.PREFABS"	"Tile"	"磚塊"	"STRINGS.BUILDINGS.PREFABS.TILE.NAME"
"BUILDINGS.PREFABS"	"Sight-Seeing Module"	"觀光模組"	"STRINGS.BUILDINGS.PREFABS.TOURISTMODULE.NAME"
"BUILDINGS.PREFABS"	"Transit Tube"	"運輸管道"	"STRINGS.BUILDINGS.PREFABS.TRAVELTUBE.NAME"
"BUILDINGS.PREFABS"	"Transit Tube Access"	"運輸站"	"STRINGS.BUILDINGS.PREFABS.TRAVELTUBEENTRANCE.NAME"
"BUILDINGS.PREFABS"	"Transit Tube Crossing"	"運輸管連接磚"	"STRINGS.BUILDINGS.PREFABS.TRAVELTUBEWALLBRIDGE.NAME"
"BUILDINGS.PREFABS"	"Empty Rocket Module"	"火箭模組空位"	"STRINGS.BUILDINGS.PREFABS.UNCONSTRUCTEDROCKETMODULE.NAME"
"BUILDINGS.PREFABS"	"Water Fort"	"水中城堡"	"STRINGS.BUILDINGS.PREFABS.UNDERWATERCRITTERCONDO.NAME"
"BUILDINGS.PREFABS"	"Uranium Centrifuge"	"鈾離心機"	"STRINGS.BUILDINGS.PREFABS.URANIUMCENTRIFUGE.NAME"
"BUILDINGS.PREFABS"	"Vending Machine"	"自動販賣機"	"STRINGS.BUILDINGS.PREFABS.VENDINGMACHINE.NAME"
"BUILDINGS.PREFABS"	"Vertical Wind Tunnel"	"垂直風洞機"	"STRINGS.BUILDINGS.PREFABS.VERTICALWINDTUNNEL.NAME"
"BUILDINGS.PREFABS"	"Wall Toilet"	"壁掛馬桶"	"STRINGS.BUILDINGS.PREFABS.WALLTOILET.NAME"
"BUILDINGS.PREFABS"	"Supply Teleporter Output"	"補給接收器"	"STRINGS.BUILDINGS.PREFABS.WARPCONDUITRECEIVER.NAME"
"BUILDINGS.PREFABS"	"Supply Teleporter Input"	"補給傳送器"	"STRINGS.BUILDINGS.PREFABS.WARPCONDUITSENDER.NAME"
"BUILDINGS.PREFABS"	"Teleporter Transmitter"	"傳送發射裝置"	"STRINGS.BUILDINGS.PREFABS.WARPPORTAL.NAME"
"BUILDINGS.PREFABS"	"Teleporter Receiver"	"傳送接收裝置"	"STRINGS.BUILDINGS.PREFABS.WARPRECEIVER.NAME"
"BUILDINGS.PREFABS"	"Wash Basin"	"洗手盆"	"STRINGS.BUILDINGS.PREFABS.WASHBASIN.NAME"
"BUILDINGS.PREFABS"	"Weepy Blue Sink"	"淚泣藍洗手台"	"STRINGS.BUILDINGS.PREFABS.WASHSINK.FACADES.BLUE_BABYTEARS.NAME"
"BUILDINGS.PREFABS"	"Sink"	"洗手台"	"STRINGS.BUILDINGS.PREFABS.WASHSINK.FACADES.DEFAULT_WASHSINK.NAME"
"BUILDINGS.PREFABS"	"Mush Green Sink"	"泥糊綠洗手台"	"STRINGS.BUILDINGS.PREFABS.WASHSINK.FACADES.GREEN_MUSH.NAME"
"BUILDINGS.PREFABS"	"Faint Purple Sink"	"迷眩紫洗手台"	"STRINGS.BUILDINGS.PREFABS.WASHSINK.FACADES.PURPLE_BRAINFAT.NAME"
"BUILDINGS.PREFABS"	"Puce Pink Sink"	"亮紅粉洗手台"	"STRINGS.BUILDINGS.PREFABS.WASHSINK.FACADES.RED_ROSE.NAME"
"BUILDINGS.PREFABS"	"Ick Yellow Sink"	"嘔吐黃洗手台"	"STRINGS.BUILDINGS.PREFABS.WASHSINK.FACADES.YELLOW_TARTAR.NAME"
"BUILDINGS.PREFABS"	"Inflatable Water Cooler"	"充氣飲水機"	"STRINGS.BUILDINGS.PREFABS.WATERCOOLER.FACADES.BALLOON.NAME"
"BUILDINGS.PREFABS"	"Weepy Blue Water Cooler"	"淚泣藍飲水機"	"STRINGS.BUILDINGS.PREFABS.WATERCOOLER.FACADES.BLUE_BABYTEARS.NAME"
"BUILDINGS.PREFABS"	"Water Cooler"	"飲水機"	"STRINGS.BUILDINGS.PREFABS.WATERCOOLER.FACADES.DEFAULT_WATERCOOLER.NAME"
"BUILDINGS.PREFABS"	"Mush Green Water Cooler"	"泥糊綠飲水機"	"STRINGS.BUILDINGS.PREFABS.WATERCOOLER.FACADES.GREEN_MUSH.NAME"
"BUILDINGS.PREFABS"	"Faint Purple Water Cooler"	"迷眩紫飲水機"	"STRINGS.BUILDINGS.PREFABS.WATERCOOLER.FACADES.PURPLE_BRAINFAT.NAME"
"BUILDINGS.PREFABS"	"Puce Pink Water Cooler"	"亮紅粉飲水機"	"STRINGS.BUILDINGS.PREFABS.WATERCOOLER.FACADES.RED_ROSE.NAME"
"BUILDINGS.PREFABS"	"Elegant Water Cooler"	"優雅飲水機"	"STRINGS.BUILDINGS.PREFABS.WATERCOOLER.FACADES.ROUND_BODY.NAME"
"BUILDINGS.PREFABS"	"Ick Yellow Water Cooler"	"嘔吐黃飲水機"	"STRINGS.BUILDINGS.PREFABS.WATERCOOLER.FACADES.YELLOW_TARTAR.NAME"
"BUILDINGS.PREFABS"	"Water Sieve"	"淨水器"	"STRINGS.BUILDINGS.PREFABS.WATERPURIFIER.NAME"
"BUILDINGS.PREFABS"	"Wire"	"電線"	"STRINGS.BUILDINGS.PREFABS.WIRE.NAME"
"BUILDINGS.PREFABS"	"Wire Bridge"	"電線橋接器"	"STRINGS.BUILDINGS.PREFABS.WIREBRIDGE.NAME"
"BUILDINGS.PREFABS"	"Heavi-Watt Joint Plate"	"高壓電連接板"	"STRINGS.BUILDINGS.PREFABS.WIREBRIDGEHIGHWATTAGE.NAME"
"BUILDINGS.PREFABS"	"Conductive Wire"	"導線"	"STRINGS.BUILDINGS.PREFABS.WIREREFINED.NAME"
"BUILDINGS.PREFABS"	"Conductive Wire Bridge"	"導線橋接器"	"STRINGS.BUILDINGS.PREFABS.WIREREFINEDBRIDGE.NAME"
"BUILDINGS.PREFABS"	"Heavi-Watt Conductive Joint Plate"	"高壓導線連接板"	"STRINGS.BUILDINGS.PREFABS.WIREREFINEDBRIDGEHIGHWATTAGE.NAME"
"BUILDINGS.PREFABS"	"Heavi-Watt Conductive Wire"	"高壓導線"	"STRINGS.BUILDINGS.PREFABS.WIREREFINEDHIGHWATTAGE.NAME"
"BUILDINGS.PREFABS"	"Wicker Door"	"柳條門"	"STRINGS.BUILDINGS.PREFABS.WOODENDOOR.NAME"
"BUILDINGS.PREFABS"	"Wood Burner"	"木材發電機"	"STRINGS.BUILDINGS.PREFABS.WOODGASGENERATOR.NAME"
"BUILDINGS.PREFABS"	"Wood Block"	"木雕塑塊"	"STRINGS.BUILDINGS.PREFABS.WOODSCULPTURE.NAME"
"BUILDINGS.PREFABS"	"Wood Pile"	"木材堆"	"STRINGS.BUILDINGS.PREFABS.WOODSTORAGE.NAME"
"BUILDINGS.PREFABS"	"Wood Tile"	"木磚"	"STRINGS.BUILDINGS.PREFABS.WOODTILE.NAME"
"BUILDINGS.REPAIRABLE"	"Disable Autorepair"	"停用自動修理"	"STRINGS.BUILDINGS.REPAIRABLE.DISABLE_AUTOREPAIR.NAME"
"BUILDINGS.REPAIRABLE"	"Enable Autorepair"	"啟用自動修理"	"STRINGS.BUILDINGS.REPAIRABLE.ENABLE_AUTOREPAIR.NAME"
"CLUSTER_NAMES.CERES_BASE_CLUSTER"	"Ceres"	"穀神星"	"STRINGS.CLUSTER_NAMES.CERES_BASE_CLUSTER.NAME"
"CLUSTER_NAMES.CERES_BASE_SHATTERED_CLUSTER"	"Blasted Ceres"	"被炸毀的穀神星"	"STRINGS.CLUSTER_NAMES.CERES_BASE_SHATTERED_CLUSTER.NAME"
"CLUSTER_NAMES.CERES_CLASSIC_CLUSTER"	"Ceres Cluster"	"穀神星團"	"STRINGS.CLUSTER_NAMES.CERES_CLASSIC_CLUSTER.NAME"
"CLUSTER_NAMES.CERES_CLASSIC_SHATTERED_CLUSTER"	"Blasted Ceres Cluster"	"被炸毀的穀神星團"	"STRINGS.CLUSTER_NAMES.CERES_CLASSIC_SHATTERED_CLUSTER.NAME"
"CLUSTER_NAMES.CERES_SPACEDOUT_CLUSTER"	"Ceres Minor Cluster"	"小穀神星團"	"STRINGS.CLUSTER_NAMES.CERES_SPACEDOUT_CLUSTER.NAME"
"CLUSTER_NAMES.CERES_SPACEDOUT_SHATTERED_CLUSTER"	"Mini Cluster - Ceres Mantle"	"迷你星團－穀神星地幔"	"STRINGS.CLUSTER_NAMES.CERES_SPACEDOUT_SHATTERED_CLUSTER.NAME"
"CLUSTER_NAMES.DEFAULT"	"Single World"	"單一世界"	"STRINGS.CLUSTER_NAMES.DEFAULT.NAME"
"CLUSTER_NAMES.FOREST_START_CLUSTER"	"Folia Cluster"	"森林星團"	"STRINGS.CLUSTER_NAMES.FOREST_START_CLUSTER.NAME"
"CLUSTER_NAMES.MILKYWAY"	"Planetary System"	"行星系統"	"STRINGS.CLUSTER_NAMES.MILKYWAY.NAME"
"CLUSTER_NAMES.MINICLUSTER_BADLANDSSTART"	"Moonlet Cluster - The Desolands"	"衛星星團－荒涼星"	"STRINGS.CLUSTER_NAMES.MINICLUSTER_BADLANDSSTART.NAME"
"CLUSTER_NAMES.MINICLUSTER_FLIPPEDSTART"	"Moonlet Cluster - Flipped"	"衛星星團－顛倒星"	"STRINGS.CLUSTER_NAMES.MINICLUSTER_FLIPPEDSTART.NAME"
"CLUSTER_NAMES.MINICLUSTER_FORESTFROZENSTART"	"Moonlet Cluster - Frozen Forest"	"衛星星團－冰凍森林"	"STRINGS.CLUSTER_NAMES.MINICLUSTER_FORESTFROZENSTART.NAME"
"CLUSTER_NAMES.MINICLUSTER_METALLICSWAMPYSTART"	"Moonlet Cluster - Metallic Swampy"	"衛星星團－金屬沼澤"	"STRINGS.CLUSTER_NAMES.MINICLUSTER_METALLICSWAMPYSTART.NAME"
"CLUSTER_NAMES.MINICLUSTER_RADIOACTIVEOCEANSTART"	"Moonlet Cluster - Radioactive Ocean"	"衛星星團－輻射海洋"	"STRINGS.CLUSTER_NAMES.MINICLUSTER_RADIOACTIVEOCEANSTART.NAME"
"CLUSTER_NAMES.PREHISTORIC_BASE_CLUSTER"	"Relica"	"遺物星"	"STRINGS.CLUSTER_NAMES.PREHISTORIC_BASE_CLUSTER.NAME"
"CLUSTER_NAMES.PREHISTORIC_CLASSIC_CLUSTER"	"Relica Cluster"	"遺物星團"	"STRINGS.CLUSTER_NAMES.PREHISTORIC_CLASSIC_CLUSTER.NAME"
"CLUSTER_NAMES.PREHISTORIC_SHATTERED_CLUSTER"	"RelicAAAAAAAGHH Cluster"	"遺物阿阿阿阿ㄚㄚㄚ～～星團"	"STRINGS.CLUSTER_NAMES.PREHISTORIC_SHATTERED_CLUSTER.NAME"
"CLUSTER_NAMES.PREHISTORIC_SPACEDOUT_CLUSTER"	"Relica Minor Cluster"	"小遺物星團"	"STRINGS.CLUSTER_NAMES.PREHISTORIC_SPACEDOUT_CLUSTER.NAME"
"CLUSTER_NAMES.SANDSTONE_START_CLUSTER"	"Terrania Cluster"	"類地星團"	"STRINGS.CLUSTER_NAMES.SANDSTONE_START_CLUSTER.NAME"
"CLUSTER_NAMES.SWAMP_START_CLUSTER"	"Quagmiris Cluster"	"沼澤星團"	"STRINGS.CLUSTER_NAMES.SWAMP_START_CLUSTER.NAME"
"CLUSTER_NAMES.TWO_SMALL_WORLDS"	"Two Small Worlds"	"兩個小世界"	"STRINGS.CLUSTER_NAMES.TWO_SMALL_WORLDS.NAME"
"CLUSTER_NAMES.VANILLA_ARBORIA_CLUSTER"	"Arboria Cluster"	"喬木星團"	"STRINGS.CLUSTER_NAMES.VANILLA_ARBORIA_CLUSTER.NAME"
"CLUSTER_NAMES.VANILLA_ARIDIO_CLUSTER"	"Aridio Cluster"	"熱帶星團"	"STRINGS.CLUSTER_NAMES.VANILLA_ARIDIO_CLUSTER.NAME"
"CLUSTER_NAMES.VANILLA_BADLANDS_CLUSTER"	"The Badlands Cluster"	"惡地星團"	"STRINGS.CLUSTER_NAMES.VANILLA_BADLANDS_CLUSTER.NAME"
"CLUSTER_NAMES.VANILLA_FOREST_CLUSTER"	"Verdante Cluster"	"森林星團"	"STRINGS.CLUSTER_NAMES.VANILLA_FOREST_CLUSTER.NAME"
"CLUSTER_NAMES.VANILLA_OASIS_CLUSTER"	"Oasisse Cluster"	"綠洲星團"	"STRINGS.CLUSTER_NAMES.VANILLA_OASIS_CLUSTER.NAME"
"CLUSTER_NAMES.VANILLA_OCEANIA_CLUSTER"	"Oceania Cluster"	"海洋星團"	"STRINGS.CLUSTER_NAMES.VANILLA_OCEANIA_CLUSTER.NAME"
"CLUSTER_NAMES.VANILLA_SANDSTONE_CLUSTER"	"Terra Cluster"	"原初星團"	"STRINGS.CLUSTER_NAMES.VANILLA_SANDSTONE_CLUSTER.NAME"
"CLUSTER_NAMES.VANILLA_SANDSTONE_FROZEN_CLUSTER"	"Rime Cluster"	"冰霜星團"	"STRINGS.CLUSTER_NAMES.VANILLA_SANDSTONE_FROZEN_CLUSTER.NAME"
"CLUSTER_NAMES.VANILLA_SWAMP_CLUSTER"	"Squelchy Cluster"	"泥濘星團"	"STRINGS.CLUSTER_NAMES.VANILLA_SWAMP_CLUSTER.NAME"
"CLUSTER_NAMES.VANILLA_VOLCANIC_CLUSTER"	"Volcanea Cluster"	"火山星團"	"STRINGS.CLUSTER_NAMES.VANILLA_VOLCANIC_CLUSTER.NAME"
"CODEX.CATEGORIES"	"Bionic Service Station"	"仿生保養站"	"STRINGS.CODEX.CATEGORIES.BIONICBUILDING.NAME"
"CODEX.CATEGORIES"	"Critter relocator"	"小動物移動器"	"STRINGS.CODEX.CATEGORIES.CREATURERELOCATOR.NAME"
"CODEX.CATEGORIES"	"Farm Building"	"農場建築"	"STRINGS.CODEX.CATEGORIES.FARMBUILDING.NAME"
"CODEX.QUESTS"	"Improve nearby Decor"	"改善附近的裝飾"	"STRINGS.CODEX.QUESTS.CRITERIA.DECOR.NAME"
"CODEX.QUESTS"	"Deliver Food to the mailbox"	"運送食物到郵箱"	"STRINGS.CODEX.QUESTS.CRITERIA.FOODQUALITY.NAME"
"CODEX.QUESTS"	"Frozen Fossil"	"冰封化石"	"STRINGS.CODEX.QUESTS.CRITERIA.LOSTICEFOSSIL.NAME"
"CODEX.QUESTS"	"Amber Fossil"	"琥珀化石"	"STRINGS.CODEX.QUESTS.CRITERIA.LOSTRESINFOSSIL.NAME"
"CODEX.QUESTS"	"Petrified Fossil"	"石化化石"	"STRINGS.CODEX.QUESTS.CRITERIA.LOSTROCKFOSSIL.NAME"
"CODEX.QUESTS"	"Knock on door"	"敲敲門"	"STRINGS.CODEX.QUESTS.CRITERIA.NEIGHBOR.NAME"
"CODEX.QUESTS"	"Turn on festive lights"	"點亮節慶燈"	"STRINGS.CODEX.QUESTS.CRITERIA.SUPPLIEDPOWER.NAME"
"CODEX.QUESTS"	"Welcome Dinner"	"歡迎晚餐"	"STRINGS.CODEX.QUESTS.FOODQUEST.NAME"
"CODEX.QUESTS"	"Scattered Fragments"	"散落的碎片"	"STRINGS.CODEX.QUESTS.FOSSILHUNTQUEST.NAME"
"CODEX.QUESTS"	"Nice Neighborhood"	"好鄰居"	"STRINGS.CODEX.QUESTS.HIGHDECOR.NAME"
"CODEX.QUESTS"	"Greet Occupant"	"問候房客"	"STRINGS.CODEX.QUESTS.KNOCKQUEST.NAME"
"CODEX.QUESTS"	"On the Grid"	"在線上"	"STRINGS.CODEX.QUESTS.PLUGGEDIN.NAME"
"CODEX.ROOM_REQUIREMENT_CLASS"	"Category"	"類別"	"STRINGS.CODEX.ROOM_REQUIREMENT_CLASS.NAME"
"CODEX.STORY_TRAITS"	"Story Trait: Critter Flux-O-Matic"	"故事特質：小動物異變器"	"STRINGS.CODEX.STORY_TRAITS.CRITTER_MANIPULATOR.BEGIN_POPUP.NAME"
"CODEX.STORY_TRAITS"	"Story Trait Complete: Critter Flux-O-Matic"	"故事特質完成：小動物異變器"	"STRINGS.CODEX.STORY_TRAITS.CRITTER_MANIPULATOR.END_POPUP.NAME"
"CODEX.STORY_TRAITS"	"New Species Scanned"	"已掃描新物種"	"STRINGS.CODEX.STORY_TRAITS.CRITTER_MANIPULATOR.UNLOCK_SPECIES_NOTIFICATION.NAME"
"CODEX.STORY_TRAITS"	"Story Trait: Ancient Specimen"	"故事特質：遠古標本"	"STRINGS.CODEX.STORY_TRAITS.FOSSILHUNT.BEGIN_POPUP.NAME"
"CODEX.STORY_TRAITS"	"Story Trait Complete: Ancient Specimen"	"故事特質完成：遠古標本"	"STRINGS.CODEX.STORY_TRAITS.FOSSILHUNT.END_POPUP.NAME"
"CODEX.STORY_TRAITS"	"Fossil Fragments"	"化石碎片"	"STRINGS.CODEX.STORY_TRAITS.FOSSILHUNT.ENTITIES.FOSSIL_BITS.NAME"
"CODEX.STORY_TRAITS"	"Fossil Excavated"	"化石已挖掘"	"STRINGS.CODEX.STORY_TRAITS.FOSSILHUNT.QUEST_AVAILABLE_NOTIFICATION.NAME"
"CODEX.STORY_TRAITS"	"No Mining Orders Queued"	"無發掘安排佇列"	"STRINGS.CODEX.STORY_TRAITS.FOSSILHUNT.STATUSITEMS.FOSSILIDLE.NAME"
"CODEX.STORY_TRAITS"	"Fossil Data Decoded"	"已解碼化石資料"	"STRINGS.CODEX.STORY_TRAITS.FOSSILHUNT.UNLOCK_DNADATA_NOTIFICATION.NAME"
"CODEX.STORY_TRAITS"	"Data Discovered in Fossil"	"在化石中發現的資料"	"STRINGS.CODEX.STORY_TRAITS.FOSSILHUNT.UNLOCK_DNADATA_POPUP.NAME"
"CODEX.STORY_TRAITS"	"Story Trait: Printerceptor"	"故事特質：列印截能儀"	"STRINGS.CODEX.STORY_TRAITS.HIJACK_HEADQUARTERS.BEGIN_POPUP.NAME"
"CODEX.STORY_TRAITS"	"Story Trait Complete: Printerceptor"	"故事特質完成：列印截能儀"	"STRINGS.CODEX.STORY_TRAITS.HIJACK_HEADQUARTERS.END_POPUP.NAME"
"CODEX.STORY_TRAITS"	"Story Trait: Mysterious Hermit"	"故事特質：神祕隱士"	"STRINGS.CODEX.STORY_TRAITS.LONELYMINION.BEGIN_POPUP.NAME"
"CODEX.STORY_TRAITS"	"Story Trait Complete: Mysterious Hermit"	"故事特質完成：神祕隱士"	"STRINGS.CODEX.STORY_TRAITS.LONELYMINION.END_POPUP.NAME"
"CODEX.STORY_TRAITS"	"The hermit hated this food"	"隱士討厭這種食物"	"STRINGS.CODEX.STORY_TRAITS.LONELYMINION.GIFTRESPONSE_POPUP.CRAPPYFOOD.NAME"
"CODEX.STORY_TRAITS"	"The hermit is unimpressed"	"隱士不為所動"	"STRINGS.CODEX.STORY_TRAITS.LONELYMINION.GIFTRESPONSE_POPUP.REPEATEDFOOD.NAME"
"CODEX.STORY_TRAITS"	"The hermit loved this food"	"隱士喜歡這種食物"	"STRINGS.CODEX.STORY_TRAITS.LONELYMINION.GIFTRESPONSE_POPUP.TASTYFOOD.NAME"
"CODEX.STORY_TRAITS"	"Mysterious Hermit"	"神祕隱士"	"STRINGS.CODEX.STORY_TRAITS.LONELYMINION.NAME"
"CODEX.STORY_TRAITS"	"Intrigued"	"好奇"	"STRINGS.CODEX.STORY_TRAITS.LONELYMINION.PROGRESSRESPONSE.ACQUAINTANCE.NAME"
"CODEX.STORY_TRAITS"	"Unconvinced"	"猶豫"	"STRINGS.CODEX.STORY_TRAITS.LONELYMINION.PROGRESSRESPONSE.GOODINTRO.NAME"
"CODEX.STORY_TRAITS"	"Appreciative"	"感激"	"STRINGS.CODEX.STORY_TRAITS.LONELYMINION.PROGRESSRESPONSE.GOODNEIGHBOR.NAME"
"CODEX.STORY_TRAITS"	"Cherished"	"珍惜"	"STRINGS.CODEX.STORY_TRAITS.LONELYMINION.PROGRESSRESPONSE.GREATNEIGHBOR.NAME"
"CODEX.STORY_TRAITS"	"Stranger Danger"	"陌生人危機"	"STRINGS.CODEX.STORY_TRAITS.LONELYMINION.PROGRESSRESPONSE.STRANGERDANGER.NAME"
"CODEX.STORY_TRAITS"	"Hermit Recruitment Progress"	"隱士招募進度"	"STRINGS.CODEX.STORY_TRAITS.LONELYMINION.QUESTCOMPLETE_POPUP.NAME"
"CODEX.STORY_TRAITS"	"Story Trait: Somnium Synthesizer"	"故事特質：夢境合成器"	"STRINGS.CODEX.STORY_TRAITS.MEGA_BRAIN_TANK.BEGIN_POPUP.NAME"
"CODEX.STORY_TRAITS"	"Story Trait Complete: Somnium Synthesizer"	"故事特質完成：夢境合成器"	"STRINGS.CODEX.STORY_TRAITS.MEGA_BRAIN_TANK.END_POPUP.NAME"
"CODEX.STORY_TRAITS"	"Story Trait: Biobot Builder"	"故事特質：生機組構儀"	"STRINGS.CODEX.STORY_TRAITS.MORB_ROVER_MAKER.POPUPS.BEGIN.NAME"
"CODEX.STORY_TRAITS"	"Story Trait Complete: Biobot Builder"	"故事特質完成：生機組構儀"	"STRINGS.CODEX.STORY_TRAITS.MORB_ROVER_MAKER.POPUPS.END.NAME"
"CODEX.STORY_TRAITS"	"Being Restored"	"正在修復"	"STRINGS.CODEX.STORY_TRAITS.MORB_ROVER_MAKER.STATUSITEMS.BUILDING_BEING_REVEALED.NAME"
"CODEX.STORY_TRAITS"	"Preparing Biobot"	"正在準備生物機器人"	"STRINGS.CODEX.STORY_TRAITS.MORB_ROVER_MAKER.STATUSITEMS.BUILDING_BEING_WORKED_BY_DOCTOR.NAME"
"CODEX.STORY_TRAITS"	"Restoring Equipment"	"正在修復裝置"	"STRINGS.CODEX.STORY_TRAITS.MORB_ROVER_MAKER.STATUSITEMS.BUILDING_REVEALING.NAME"
"CODEX.STORY_TRAITS"	"Crafting Biobot"	"正在製造生物機器人"	"STRINGS.CODEX.STORY_TRAITS.MORB_ROVER_MAKER.STATUSITEMS.CRAFTING_ROBOT_BODY.NAME"
"CODEX.STORY_TRAITS"	"Awaiting Doctor"	"等待醫生"	"STRINGS.CODEX.STORY_TRAITS.MORB_ROVER_MAKER.STATUSITEMS.DOCTOR_READY.NAME"
"CODEX.STORY_TRAITS"	"Assessing Sporb"	"正在評估孢體"	"STRINGS.CODEX.STORY_TRAITS.MORB_ROVER_MAKER.STATUSITEMS.DOCTOR_WORKING_BUILDING.NAME"
"CODEX.STORY_TRAITS"	"Decommissioned"	"已退役"	"STRINGS.CODEX.STORY_TRAITS.MORB_ROVER_MAKER.STATUSITEMS.DUSTY.NAME"
"CODEX.STORY_TRAITS"	"Incubating Sporb: {0}"	"孵化孢體：{0}"	"STRINGS.CODEX.STORY_TRAITS.MORB_ROVER_MAKER.STATUSITEMS.GERM_COLLECTION_PROGRESS.NAME"
"CODEX.STORY_TRAITS"	"Insufficient Resources: {0}"	"缺乏資源：{0}"	"STRINGS.CODEX.STORY_TRAITS.MORB_ROVER_MAKER.STATUSITEMS.NOGERMSCONSUMEDALERT.NAME"
"COLONY_ACHIEVEMENTS.ACTIVATEGEOTHERMALPLANT"	"Full Steam Ahead"	"全速前進"	"STRINGS.COLONY_ACHIEVEMENTS.ACTIVATEGEOTHERMALPLANT.NAME"
"COLONY_ACHIEVEMENTS.ASTEROID_DESTROYED"	"Blast Line of Defense"	"爆破防線"	"STRINGS.COLONY_ACHIEVEMENTS.ASTEROID_DESTROYED.NAME"
"COLONY_ACHIEVEMENTS.ASTEROID_SURVIVED"	"The Lab: Life Found A Way"	"實驗室：生命總會找到出路"	"STRINGS.COLONY_ACHIEVEMENTS.ASTEROID_SURVIVED.NAME"
"COLONY_ACHIEVEMENTS.DISTANT_PLANET_REACHED"	"The Great Escape"	"大逃亡"	"STRINGS.COLONY_ACHIEVEMENTS.DISTANT_PLANET_REACHED.NAME"
"COLONY_ACHIEVEMENTS.STUDY_ARTIFACTS"	"Cosmic Archaeology"	"宇宙考古"	"STRINGS.COLONY_ACHIEVEMENTS.STUDY_ARTIFACTS.NAME"
"COLONY_ACHIEVEMENTS.THRIVING"	"Home Sweet Home"	"甜蜜的家"	"STRINGS.COLONY_ACHIEVEMENTS.THRIVING.NAME"
"CREATURES.ATTRIBUTES"	"Accu-moo-lation"	"聚集度"	"STRINGS.CREATURES.ATTRIBUTES.BECKONINGDELTA.NAME"
"CREATURES.ATTRIBUTES"	"Reproduction Rate"	"繁殖率"	"STRINGS.CREATURES.ATTRIBUTES.FERTILITYDELTA.NAME"
"CREATURES.ATTRIBUTES"	"Incubation Rate"	"孵化率"	"STRINGS.CREATURES.ATTRIBUTES.INCUBATIONDELTA.NAME"
"CREATURES.ATTRIBUTES"	"Fruiting Speed"	"結果速度"	"STRINGS.CREATURES.ATTRIBUTES.MATURITY2DELTA.NAME"
"CREATURES.ATTRIBUTES"	"Growth Speed"	"成長速度"	"STRINGS.CREATURES.ATTRIBUTES.MATURITYDELTA.NAME"
"CREATURES.ATTRIBUTES"	"Life Cycle"	"生命週期"	"STRINGS.CREATURES.ATTRIBUTES.MATURITYMAX.NAME"
"CREATURES.ATTRIBUTES"	"Brackene Supply"	"鹹乳供給"	"STRINGS.CREATURES.ATTRIBUTES.MILKPRODUCTIONDELTA.NAME"
"CREATURES.ATTRIBUTES"	"Power Charge Loss Rate"	"電量流失速度"	"STRINGS.CREATURES.ATTRIBUTES.POWERCHARGEDELTA.NAME"
"CREATURES.ATTRIBUTES"	"Freshness"	"新鮮度"	"STRINGS.CREATURES.ATTRIBUTES.ROTDELTA.NAME"
"CREATURES.ATTRIBUTES"	"Scale Growth"	"鱗片生長"	"STRINGS.CREATURES.ATTRIBUTES.SCALEGROWTHDELTA.NAME"
"CREATURES.ATTRIBUTES"	"Viability Loss Rate"	"生存力損耗率"	"STRINGS.CREATURES.ATTRIBUTES.VIABILITYDELTA.NAME"
"CREATURES.ATTRIBUTES"	"Wildness"	"野性"	"STRINGS.CREATURES.ATTRIBUTES.WILDNESSDELTA.NAME"
"CREATURES.FERTILITY_MODIFIERS"	"Crop Tending"	"作物照料"	"STRINGS.CREATURES.FERTILITY_MODIFIERS.CROPTENDING.NAME"
"CREATURES.FERTILITY_MODIFIERS"	"Decor"	"裝飾度"	"STRINGS.CREATURES.FERTILITY_MODIFIERS.DECOR.NAME"
"CREATURES.FERTILITY_MODIFIERS"	"Diet"	"飲食"	"STRINGS.CREATURES.FERTILITY_MODIFIERS.DIET.NAME"
"CREATURES.FERTILITY_MODIFIERS"	"Habitat"	"棲息地"	"STRINGS.CREATURES.FERTILITY_MODIFIERS.LIVING_IN_ELEMENT.NAME"
"CREATURES.FERTILITY_MODIFIERS"	"Nearby Critters"	"附近的動物"	"STRINGS.CREATURES.FERTILITY_MODIFIERS.NEARBY_CREATURE.NAME"
"CREATURES.FERTILITY_MODIFIERS"	"No Nearby Critters"	"附近沒有動物"	"STRINGS.CREATURES.FERTILITY_MODIFIERS.NEARBY_CREATURE_NEG.NAME"
"CREATURES.FERTILITY_MODIFIERS"	"Temperature"	"溫度"	"STRINGS.CREATURES.FERTILITY_MODIFIERS.TEMPERATURE.NAME"
"CREATURES.MODIFIERS"	"Aging"	"年老的"	"STRINGS.CREATURES.MODIFIERS.AGE.NAME"
"CREATURES.MODIFIERS"	"Ate From Feeder"	"吃飼料"	"STRINGS.CREATURES.MODIFIERS.ATE_FROM_FEEDER.NAME"
"CREATURES.MODIFIERS"	"Tiny Baby!"	"小寶寶！"	"STRINGS.CREATURES.MODIFIERS.BABY.NAME"
"CREATURES.MODIFIERS"	"Base Reproduction"	"基礎繁殖度"	"STRINGS.CREATURES.MODIFIERS.BASE_FERTILITY.NAME"
"CREATURES.MODIFIERS"	"Base Incubation Rate"	"基礎孵化率"	"STRINGS.CREATURES.MODIFIERS.BASE_INCUBATION_RATE.NAME"
"CREATURES.MODIFIERS"	"Base production rate"	"基礎生產速率"	"STRINGS.CREATURES.MODIFIERS.BASE_PRODUCTION_RATE.NAME"
"CREATURES.MODIFIERS"	"Pollinated: Mimika"	"授粉：擬葉蛾"	"STRINGS.CREATURES.MODIFIERS.BUTTERFLYPOLLINATED.NAME"
"CREATURES.MODIFIERS"	"Gnit Stung"	"匿蚊叮咬"	"STRINGS.CREATURES.MODIFIERS.CRITTER_MOSQUITO_BITE.NAME"
"CREATURES.MODIFIERS"	"Gnit Stung: Immune"	"匿蚊叮咬：免疫"	"STRINGS.CREATURES.MODIFIERS.CRITTER_MOSQUITO_BITE_SUPPRESSED.NAME"
"CREATURES.MODIFIERS"	"Deadly Temperature"	"致命的溫度"	"STRINGS.CREATURES.MODIFIERS.CRITTER_TEMPERATURE_DEADLY.NAME"
"CREATURES.MODIFIERS"	"Uncomfortable Body Temperature"	"不舒服的體溫"	"STRINGS.CREATURES.MODIFIERS.CRITTER_TEMPERATURE_UNCOMFORTABLE.NAME"
"CREATURES.MODIFIERS"	"Cozy"	"舒適"	"STRINGS.CREATURES.MODIFIERS.CRITTERCONDOINTERACTEFFECT.NAME"
"CREATURES.MODIFIERS"	"Just Ate"	"剛剛吃完"	"STRINGS.CREATURES.MODIFIERS.DEERWELLFED.NAME"
"CREATURES.MODIFIERS"	"Pollinated: Sweetle"	"授粉：甜素甲蟲"	"STRINGS.CREATURES.MODIFIERS.DIVERGENTPLANTTENDED.NAME"
"CREATURES.MODIFIERS"	"Pollinated: Grubgrub"	"授粉：蟲果果蟲"	"STRINGS.CREATURES.MODIFIERS.DIVERGENTPLANTTENDEDWORM.NAME"
"CREATURES.MODIFIERS"	"Happiness Decreasing"	"幸福度減少"	"STRINGS.CREATURES.MODIFIERS.DOMESTICATION_DECREASING.NAME"
"CREATURES.MODIFIERS"	"Happiness Increasing"	"幸福度增加"	"STRINGS.CREATURES.MODIFIERS.DOMESTICATION_INCREASING.NAME"
"CREATURES.MODIFIERS"	"Allergy Medication"	"抗過敏藥"	"STRINGS.CREATURES.MODIFIERS.DUPE_MOSQUITO_BITE_SUPPRESSED.NAME"
"CREATURES.MODIFIERS"	"Cuddled"	"抱抱的"	"STRINGS.CREATURES.MODIFIERS.EGGHUG.NAME"
"CREATURES.MODIFIERS"	"Quill Regrowth Rate"	"鱗片重生速度"	"STRINGS.CREATURES.MODIFIERS.ELEMENT_GROWTH_RATE.NAME"
"CREATURES.MODIFIERS"	"Escaped a Predator"	"逃離了捕食者"	"STRINGS.CREATURES.MODIFIERS.EVADED_HUNT.NAME"
"CREATURES.MODIFIERS"	"Mood: Glum"	"悶悶不樂"	"STRINGS.CREATURES.MODIFIERS.GLUM.NAME"
"CREATURES.MODIFIERS"	"Regal Meal"	"帝王餐"	"STRINGS.CREATURES.MODIFIERS.GOLDBELLYWELLFED.NAME"
"CREATURES.MODIFIERS"	"Hydrated"	"補充水分"	"STRINGS.CREATURES.MODIFIERS.GOTMILK.NAME"
"CREATURES.MODIFIERS"	"Mood: Happy"	"快樂"	"STRINGS.CREATURES.MODIFIERS.HAPPY_TAME.NAME"
"CREATURES.MODIFIERS"	"Hugging Spree"	"擁抱狂歡"	"STRINGS.CREATURES.MODIFIERS.HUGGINGFRENZY.NAME"
"CREATURES.MODIFIERS"	"Missed Prey"	"未捕獲獵物"	"STRINGS.CREATURES.MODIFIERS.HUNT_FAILED.NAME"
"CREATURES.MODIFIERS"	"Welcoming Moo'd"	"熱情款待"	"STRINGS.CREATURES.MODIFIERS.HUSKYMOOFED.NAME"
"CREATURES.MODIFIERS"	"Well Fed"	"餵食良好"	"STRINGS.CREATURES.MODIFIERS.HUSKYMOOWELLFED.NAME"
"CREATURES.MODIFIERS"	"Incubating"	"孵化中"	"STRINGS.CREATURES.MODIFIERS.INCUBATING.NAME"
"CREATURES.MODIFIERS"	"Growth Suppressed"	"停止發育"	"STRINGS.CREATURES.MODIFIERS.INCUBATING_SUPPRESSED.NAME"
"CREATURES.MODIFIERS"	"Lullabied"	"搖籃曲"	"STRINGS.CREATURES.MODIFIERS.INCUBATOR_SONG.NAME"
"CREATURES.MODIFIERS"	"Initially Pollinated"	"首次授粉"	"STRINGS.CREATURES.MODIFIERS.INITIALLYPOLLINATED.NAME"
"CREATURES.MODIFIERS"	"Mood: Miserable"	"痛苦難耐"	"STRINGS.CREATURES.MODIFIERS.MISERABLE.NAME"
"CREATURES.MODIFIERS"	"Stung a Target"	"叮咬了目標"	"STRINGS.CREATURES.MODIFIERS.MOSQUITO_FED.NAME"
"CREATURES.MODIFIERS"	"Mood: Satisfied"	"滿足"	"STRINGS.CREATURES.MODIFIERS.NEUTRAL.NAME"
"CREATURES.MODIFIERS"	"Starving"	"挨餓"	"STRINGS.CREATURES.MODIFIERS.OUT_OF_CALORIES.NAME"
"CREATURES.MODIFIERS"	"Confined"	"狹窄"	"STRINGS.CREATURES.MODIFIERS.OVERCROWDED.CONFINED.NAME"
"CREATURES.MODIFIERS"	"Cramped"	"狹窄"	"STRINGS.CREATURES.MODIFIERS.OVERCROWDED.CRAMPED.NAME"
"CREATURES.MODIFIERS"	"Crowded"	"擁擠"	"STRINGS.CREATURES.MODIFIERS.OVERCROWDED.CROWDED.NAME"
"CREATURES.MODIFIERS"	"Groomed"	"香噴噴"	"STRINGS.CREATURES.MODIFIERS.RANCHED.NAME"
"CREATURES.MODIFIERS"	"Scale Regrowth Rate"	"毛髮重生速度"	"STRINGS.CREATURES.MODIFIERS.SCALE_GROWTH_RATE.NAME"
"CREATURES.MODIFIERS"	"Tame"	"馴服"	"STRINGS.CREATURES.MODIFIERS.TAME.NAME"
"CREATURES.MODIFIERS"	"Wild"	"野生"	"STRINGS.CREATURES.MODIFIERS.WILD.NAME"
"CREATURES.PLANT_MUTATIONS"	"Blooming"	"盛開"	"STRINGS.CREATURES.PLANT_MUTATIONS.BLOOMS.NAME"
"CREATURES.PLANT_MUTATIONS"	"Licey"	"多虱"	"STRINGS.CREATURES.PLANT_MUTATIONS.BONUSLICE.NAME"
"CREATURES.PLANT_MUTATIONS"	"Superspecialized"	"超特化"	"STRINGS.CREATURES.PLANT_MUTATIONS.EXTREMELYTIGHT.NAME"
"CREATURES.PLANT_MUTATIONS"	"Juicy Fruits"	"多汁水果"	"STRINGS.CREATURES.PLANT_MUTATIONS.HEAVYFRUIT.NAME"
"CREATURES.PLANT_MUTATIONS"	"Bountiful"	"豐收"	"STRINGS.CREATURES.PLANT_MUTATIONS.LOADEDWITHFRUIT.NAME"
"CREATURES.PLANT_MUTATIONS"	"Easygoing"	"易於生長"	"STRINGS.CREATURES.PLANT_MUTATIONS.MODERATELYLOOSE.NAME"
"CREATURES.PLANT_MUTATIONS"	"Specialized"	"特化"	"STRINGS.CREATURES.PLANT_MUTATIONS.MODERATELYTIGHT.NAME"
"CREATURES.PLANT_MUTATIONS"	"Original"	"原生"	"STRINGS.CREATURES.PLANT_MUTATIONS.NONE.NAME"
"CREATURES.PLANT_MUTATIONS"	"Exuberant"	"快速生長"	"STRINGS.CREATURES.PLANT_MUTATIONS.ROTTENHEAPS.NAME"
"CREATURES.PLANT_MUTATIONS"	"Wildish"	"野性"	"STRINGS.CREATURES.PLANT_MUTATIONS.SLOWBURN.NAME"
"CREATURES.PLANT_MUTATIONS"	"Leafy"	"葉茂"	"STRINGS.CREATURES.PLANT_MUTATIONS.SUNNYSPEED.NAME"
"CREATURES.SPECIES"	"Blumblet"	"藻華豐足劍龍寶寶"	"STRINGS.CREATURES.SPECIES.ALGAE_STEGO.BABY.NAME"
"CREATURES.SPECIES"	"Blum Lumb"	"藻華豐足劍龍"	"STRINGS.CREATURES.SPECIES.ALGAE_STEGO.NAME"
"CREATURES.SPECIES"	"Thimble Reed"	"頂針蘆葦"	"STRINGS.CREATURES.SPECIES.BASICFABRICMATERIALPLANT.NAME"
"CREATURES.SPECIES"	"Buried Muckroot"	"埋住的塊根"	"STRINGS.CREATURES.SPECIES.BASICFORAGEPLANTPLANTED.NAME"
"CREATURES.SPECIES"	"Mealwood"	"米虱木"	"STRINGS.CREATURES.SPECIES.BASICSINGLEHARVESTPLANT.NAME"
"CREATURES.SPECIES"	"Nosh Sprout"	"小吃芽"	"STRINGS.CREATURES.SPECIES.BEAN_PLANT.NAME"
"CREATURES.SPECIES"	"Beetiny"	"輻射蜂寶寶"	"STRINGS.CREATURES.SPECIES.BEE.BABY.NAME"
"CREATURES.SPECIES"	"Beeta"	"輻射蜂"	"STRINGS.CREATURES.SPECIES.BEE.NAME"
"CREATURES.SPECIES"	"Alveo Vera"	"多孔蘆薈"	"STRINGS.CREATURES.SPECIES.BLUE_GRASS.NAME"
"CREATURES.SPECIES"	"Buddy Bud"	"同心芽"	"STRINGS.CREATURES.SPECIES.BULBPLANT.NAME"
"CREATURES.SPECIES"	"Mimika"	"擬葉蛾"	"STRINGS.CREATURES.SPECIES.BUTTERFLY.NAME"
"CREATURES.SPECIES"	"Mimika Bud"	"擬葉蛾芽"	"STRINGS.CREATURES.SPECIES.BUTTERFLYPLANT.NAME"
"CREATURES.SPECIES"	"Jumping Joya"	"雀躍掌"	"STRINGS.CREATURES.SPECIES.CACTUSPLANT.NAME"
"CREATURES.SPECIES"	"Plume Squash Plant"	"羽葉南瓜藤"	"STRINGS.CREATURES.SPECIES.CARROTPLANT.NAME"
"CREATURES.SPECIES"	"Dartlet"	"逸蜥寶寶"	"STRINGS.CREATURES.SPECIES.CHAMELEON.BABY.NAME"
"CREATURES.SPECIES"	"Dartle"	"逸蜥"	"STRINGS.CREATURES.SPECIES.CHAMELEON.NAME"
"CREATURES.SPECIES"	"Chlorine Geyser"	"氯氣噴泉"	"STRINGS.CREATURES.SPECIES.CHLORINEGEYSER.NAME"
"CREATURES.SPECIES"	"Wheezewort"	"冰樹"	"STRINGS.CREATURES.SPECIES.COLDBREATHER.NAME"
"CREATURES.SPECIES"	"Sleet Wheat"	"雪地小麥"	"STRINGS.CREATURES.SPECIES.COLDWHEAT.NAME"
"CREATURES.SPECIES"	"Pokeshell Spawn"	"拋殼蟹寶寶"	"STRINGS.CREATURES.SPECIES.CRAB.BABY.NAME"
"CREATURES.SPECIES"	"Pokeshell"	"拋殼蟹"	"STRINGS.CREATURES.SPECIES.CRAB.NAME"
"CREATURES.SPECIES"	"Sanishell Spawn"	"水生蟹寶寶"	"STRINGS.CREATURES.SPECIES.CRAB.VARIANT_FRESH_WATER.BABY.NAME"
"CREATURES.SPECIES"	"Sanishell"	"水生蟹"	"STRINGS.CREATURES.SPECIES.CRAB.VARIANT_FRESH_WATER.NAME"
"CREATURES.SPECIES"	"Oakshell Spawn"	"木殼蟹寶寶"	"STRINGS.CREATURES.SPECIES.CRAB.VARIANT_WOOD.BABY.NAME"
"CREATURES.SPECIES"	"Oakshell"	"木殼蟹"	"STRINGS.CREATURES.SPECIES.CRAB.VARIANT_WOOD.NAME"
"CREATURES.SPECIES"	"Saturn Critter Trap"	"捕獸草"	"STRINGS.CREATURES.SPECIES.CRITTERTRAPPLANT.NAME"
"CREATURES.SPECIES"	"Bliss Burst"	"天堂草"	"STRINGS.CREATURES.SPECIES.CYLINDRICA.NAME"
"CREATURES.SPECIES"	"Dew Dripper"	"凝露藤"	"STRINGS.CREATURES.SPECIES.DEWDRIPPERPLANT.NAME"
"CREATURES.SPECIES"	"Husky Moo"	"哈烯奇牛"	"STRINGS.CREATURES.SPECIES.DIESELMOO.NAME"
"CREATURES.SPECIES"	"Megafrond"	"巨蕨"	"STRINGS.CREATURES.SPECIES.DINOFERN.NAME"
"CREATURES.SPECIES"	"Sweetle Larva"	"甜素甲蟲寶寶"	"STRINGS.CREATURES.SPECIES.DIVERGENT.VARIANT_BEETLE.BABY.NAME"
"CREATURES.SPECIES"	"Sweetle"	"甜素甲蟲"	"STRINGS.CREATURES.SPECIES.DIVERGENT.VARIANT_BEETLE.NAME"
"CREATURES.SPECIES"	"Grubgrub Wormling"	"蟲果果蟲寶寶"	"STRINGS.CREATURES.SPECIES.DIVERGENT.VARIANT_WORM.BABY.NAME"
"CREATURES.SPECIES"	"Grubgrub"	"蟲果果蟲"	"STRINGS.CREATURES.SPECIES.DIVERGENT.VARIANT_WORM.NAME"
"CREATURES.SPECIES"	"Drecklet"	"龍鱗蜥寶寶"	"STRINGS.CREATURES.SPECIES.DRECKO.BABY.NAME"
"CREATURES.SPECIES"	"Drecko"	"龍鱗蜥"	"STRINGS.CREATURES.SPECIES.DRECKO.NAME"
"CREATURES.SPECIES"	"Glossy Drecklet"	"滑鱗蜥寶寶"	"STRINGS.CREATURES.SPECIES.DRECKO.VARIANT_PLASTIC.BABY.NAME"
"CREATURES.SPECIES"	"Glossy Drecko"	"滑鱗蜥"	"STRINGS.CREATURES.SPECIES.DRECKO.VARIANT_PLASTIC.NAME"
"CREATURES.SPECIES"	"Sporechid"	"惡魔花"	"STRINGS.CREATURES.SPECIES.EVILFLOWER.NAME"
"CREATURES.SPECIES"	"Hydrocactus"	"仙水掌"	"STRINGS.CREATURES.SPECIES.FILTERPLANT.NAME"
"CREATURES.SPECIES"	"Lura Plant"	"誘捕花"	"STRINGS.CREATURES.SPECIES.FLYTRAPPLANT.NAME"
"CREATURES.SPECIES"	"Hexalent"	"蜂巢仙人掌"	"STRINGS.CREATURES.SPECIES.FORESTFORAGEPLANTPLANTED.NAME"
"CREATURES.SPECIES"	"Ring Rosebush"	"環玫叢"	"STRINGS.CREATURES.SPECIES.GARDENDECORPLANT.NAME"
"CREATURES.SPECIES"	"Sweatcorn Stalk"	"津甜玉米稈"	"STRINGS.CREATURES.SPECIES.GARDENFOODPLANT.NAME"
"CREATURES.SPECIES"	"Snactus"	"食仙掌"	"STRINGS.CREATURES.SPECIES.GARDENFORAGEPLANTPLANTED.NAME"
"CREATURES.SPECIES"	"Gas Grass"	"瓦斯草"	"STRINGS.CREATURES.SPECIES.GASGRASS.NAME"
"CREATURES.SPECIES"	"Volcano"	"火山口"	"STRINGS.CREATURES.SPECIES.GEYSER.BIG_VOLCANO.NAME"
"CREATURES.SPECIES"	"Chlorine Gas Vent"	"氯氣噴口"	"STRINGS.CREATURES.SPECIES.GEYSER.CHLORINE_GAS.NAME"
"CREATURES.SPECIES"	"Cool Chlorine Gas Vent"	"低溫氯氣噴口"	"STRINGS.CREATURES.SPECIES.GEYSER.CHLORINE_GAS_COOL.NAME"
"CREATURES.SPECIES"	"Polluted Water Vent"	"汙水噴口"	"STRINGS.CREATURES.SPECIES.GEYSER.FILTHY_WATER.NAME"
"CREATURES.SPECIES"	"Carbon Dioxide Vent"	"二氧化碳噴口"	"STRINGS.CREATURES.SPECIES.GEYSER.HOT_CO2.NAME"
"CREATURES.SPECIES"	"Hydrogen Vent"	"氫氣噴口"	"STRINGS.CREATURES.SPECIES.GEYSER.HOT_HYDROGEN.NAME"
"CREATURES.SPECIES"	"Hot Polluted Oxygen Vent"	"高溫汙氧噴口"	"STRINGS.CREATURES.SPECIES.GEYSER.HOT_PO2.NAME"
"CREATURES.SPECIES"	"Steam Vent"	"蒸氣噴口"	"STRINGS.CREATURES.SPECIES.GEYSER.HOT_STEAM.NAME"
"CREATURES.SPECIES"	"Water Geyser"	"溫泉"	"STRINGS.CREATURES.SPECIES.GEYSER.HOT_WATER.NAME"
"CREATURES.SPECIES"	"Carbon Dioxide Geyser"	"二氧化碳噴泉"	"STRINGS.CREATURES.SPECIES.GEYSER.LIQUID_CO2.NAME"
"CREATURES.SPECIES"	"Liquid Sulfur Geyser"	"液態硫噴泉"	"STRINGS.CREATURES.SPECIES.GEYSER.LIQUID_SULFUR.NAME"
"CREATURES.SPECIES"	"Natural Gas Geyser"	"天然氣噴泉"	"STRINGS.CREATURES.SPECIES.GEYSER.METHANE.NAME"
"CREATURES.SPECIES"	"Aluminum Volcano"	"鋁火山"	"STRINGS.CREATURES.SPECIES.GEYSER.MOLTEN_ALUMINUM.NAME"
"CREATURES.SPECIES"	"Cobalt Volcano"	"鈷火山"	"STRINGS.CREATURES.SPECIES.GEYSER.MOLTEN_COBALT.NAME"
"CREATURES.SPECIES"	"Copper Volcano"	"銅火山"	"STRINGS.CREATURES.SPECIES.GEYSER.MOLTEN_COPPER.NAME"
"CREATURES.SPECIES"	"Gold Volcano"	"金火山"	"STRINGS.CREATURES.SPECIES.GEYSER.MOLTEN_GOLD.NAME"
"CREATURES.SPECIES"	"Iron Volcano"	"鐵火山"	"STRINGS.CREATURES.SPECIES.GEYSER.MOLTEN_IRON.NAME"
"CREATURES.SPECIES"	"Niobium Volcano"	"鈮火山"	"STRINGS.CREATURES.SPECIES.GEYSER.MOLTEN_NIOBIUM.NAME"
"CREATURES.SPECIES"	"Tungsten Volcano"	"鎢火山"	"STRINGS.CREATURES.SPECIES.GEYSER.MOLTEN_TUNGSTEN.NAME"
"CREATURES.SPECIES"	"Steam Geyser"	"蒸氣噴泉"	"STRINGS.CREATURES.SPECIES.GEYSER.NAME"
"CREATURES.SPECIES"	"Leaky Oil Fissure"	"原油裂縫"	"STRINGS.CREATURES.SPECIES.GEYSER.OIL_DRIP.NAME"
"CREATURES.SPECIES"	"Salt Water Geyser"	"鹽水噴泉"	"STRINGS.CREATURES.SPECIES.GEYSER.SALT_WATER.NAME"
"CREATURES.SPECIES"	"Infectious Polluted Oxygen Vent"	"帶菌汙氧噴口"	"STRINGS.CREATURES.SPECIES.GEYSER.SLIMY_PO2.NAME"
"CREATURES.SPECIES"	"Cool Salt Slush Geyser"	"低溫鹽水噴泉"	"STRINGS.CREATURES.SPECIES.GEYSER.SLUSH_SALT_WATER.NAME"
"CREATURES.SPECIES"	"Cool Slush Geyser"	"低溫汙水噴泉"	"STRINGS.CREATURES.SPECIES.GEYSER.SLUSH_WATER.NAME"
"CREATURES.SPECIES"	"Minor Volcano"	"小火山口"	"STRINGS.CREATURES.SPECIES.GEYSER.SMALL_VOLCANO.NAME"
"CREATURES.SPECIES"	"Cool Steam Vent"	"低溫蒸氣噴口"	"STRINGS.CREATURES.SPECIES.GEYSER.STEAM.NAME"
"CREATURES.SPECIES"	"Shatter Flox Fawn"	"碎狐鹿克斯寶寶"	"STRINGS.CREATURES.SPECIES.GLASSDEER.BABY.NAME"
"CREATURES.SPECIES"	"Shatter Flox"	"碎狐鹿克斯"	"STRINGS.CREATURES.SPECIES.GLASSDEER.NAME"
"CREATURES.SPECIES"	"Morb"	"莫布"	"STRINGS.CREATURES.SPECIES.GLOM.NAME"
"CREATURES.SPECIES"	"Avari Vine"	"阿瓦里藤"	"STRINGS.CREATURES.SPECIES.GREEDYGREEN.NAME"
"CREATURES.SPECIES"	"Pikeapple Bush"	"刺殼果灌木"	"STRINGS.CREATURES.SPECIES.HARDSKINBERRYPLANT.NAME"
"CREATURES.SPECIES"	"Hatchling"	"哈奇寶寶"	"STRINGS.CREATURES.SPECIES.HATCH.BABY.NAME"
"CREATURES.SPECIES"	"Hatch"	"哈奇"	"STRINGS.CREATURES.SPECIES.HATCH.NAME"
"CREATURES.SPECIES"	"Stone Hatchling"	"石頭哈奇寶寶"	"STRINGS.CREATURES.SPECIES.HATCH.VARIANT_HARD.BABY.NAME"
"CREATURES.SPECIES"	"Stone Hatch"	"石頭哈奇"	"STRINGS.CREATURES.SPECIES.HATCH.VARIANT_HARD.NAME"
"CREATURES.SPECIES"	"Smooth Hatchling"	"金屬哈奇寶寶"	"STRINGS.CREATURES.SPECIES.HATCH.VARIANT_METAL.BABY.NAME"
"CREATURES.SPECIES"	"Smooth Hatch"	"金屬哈奇"	"STRINGS.CREATURES.SPECIES.HATCH.VARIANT_METAL.NAME"
"CREATURES.SPECIES"	"Sage Hatchling"	"草食哈奇寶寶"	"STRINGS.CREATURES.SPECIES.HATCH.VARIANT_VEGGIE.BABY.NAME"
"CREATURES.SPECIES"	"Sage Hatch"	"草食哈奇"	"STRINGS.CREATURES.SPECIES.HATCH.VARIANT_VEGGIE.NAME"
"CREATURES.SPECIES"	"Fervine"	"熱帶藤蔓"	"STRINGS.CREATURES.SPECIES.HEATBULB.NAME"
"CREATURES.SPECIES"	"Fervine Bulb"	"熱帶藤蔓種子"	"STRINGS.CREATURES.SPECIES.HEATBULBSEED.NAME"
"CREATURES.SPECIES"	"Bammini"	"猛瑪絨兔寶寶"	"STRINGS.CREATURES.SPECIES.ICEBELLY.BABY.NAME"
"CREATURES.SPECIES"	"Bammoth"	"猛瑪絨兔"	"STRINGS.CREATURES.SPECIES.ICEBELLY.NAME"
"CREATURES.SPECIES"	"Regal Bammini"	"帝王絨兔寶寶"	"STRINGS.CREATURES.SPECIES.ICEBELLY.VARIANT_GOLD.BABY.NAME"
"CREATURES.SPECIES"	"Regal Bammoth"	"帝王絨兔"	"STRINGS.CREATURES.SPECIES.ICEBELLY.VARIANT_GOLD.NAME"
"CREATURES.SPECIES"	"Sherberry Plant"	"雪漿果藤"	"STRINGS.CREATURES.SPECIES.ICECAVESFORAGEPLANTPLANTED.NAME"
"CREATURES.SPECIES"	"Idylla Flower"	"恬靜花"	"STRINGS.CREATURES.SPECIES.ICEFLOWER.NAME"
"CREATURES.SPECIES"	"Palmera Tree"	"棕櫚樹"	"STRINGS.CREATURES.SPECIES.JUNGLEGASPLANT.NAME"
"CREATURES.SPECIES"	"Seakomb"	"海梳蕨"	"STRINGS.CREATURES.SPECIES.KELPPLANT.NAME"
"CREATURES.SPECIES"	"Mirth Leaf"	"合歡葉"	"STRINGS.CREATURES.SPECIES.LEAFYPLANT.NAME"
"CREATURES.SPECIES"	"Shine Nymph"	"發光蟲寶寶"	"STRINGS.CREATURES.SPECIES.LIGHTBUG.BABY.NAME"
"CREATURES.SPECIES"	"Shine Bug"	"發光蟲"	"STRINGS.CREATURES.SPECIES.LIGHTBUG.NAME"
"CREATURES.SPECIES"	"Abyss Nymph"	"深淵發光蟲寶寶"	"STRINGS.CREATURES.SPECIES.LIGHTBUG.VARIANT_BLACK.BABY.NAME"
"CREATURES.SPECIES"	"Abyss Bug"	"深淵發光蟲"	"STRINGS.CREATURES.SPECIES.LIGHTBUG.VARIANT_BLACK.NAME"
"CREATURES.SPECIES"	"Azure Nymph"	"溫和發光蟲寶寶"	"STRINGS.CREATURES.SPECIES.LIGHTBUG.VARIANT_BLUE.BABY.NAME"
"CREATURES.SPECIES"	"Azure Bug"	"溫和發光蟲"	"STRINGS.CREATURES.SPECIES.LIGHTBUG.VARIANT_BLUE.NAME"
"CREATURES.SPECIES"	"Radiant Nymph"	"水晶發光蟲寶寶"	"STRINGS.CREATURES.SPECIES.LIGHTBUG.VARIANT_CRYSTAL.BABY.NAME"
"CREATURES.SPECIES"	"Radiant Bug"	"水晶發光蟲"	"STRINGS.CREATURES.SPECIES.LIGHTBUG.VARIANT_CRYSTAL.NAME"
"CREATURES.SPECIES"	"Sun Nymph"	"陽光發光蟲寶寶"	"STRINGS.CREATURES.SPECIES.LIGHTBUG.VARIANT_ORANGE.BABY.NAME"
"CREATURES.SPECIES"	"Sun Bug"	"陽光發光蟲"	"STRINGS.CREATURES.SPECIES.LIGHTBUG.VARIANT_ORANGE.NAME"
"CREATURES.SPECIES"	"Coral Nymph"	"活力發光蟲寶寶"	"STRINGS.CREATURES.SPECIES.LIGHTBUG.VARIANT_PINK.BABY.NAME"
"CREATURES.SPECIES"	"Coral Bug"	"活力發光蟲"	"STRINGS.CREATURES.SPECIES.LIGHTBUG.VARIANT_PINK.NAME"
"CREATURES.SPECIES"	"Royal Nymph"	"王室發光蟲寶寶"	"STRINGS.CREATURES.SPECIES.LIGHTBUG.VARIANT_PURPLE.BABY.NAME"
"CREATURES.SPECIES"	"Royal Bug"	"王室發光蟲"	"STRINGS.CREATURES.SPECIES.LIGHTBUG.VARIANT_PURPLE.NAME"
"CREATURES.SPECIES"	"Ionizing Nymph"	"電離發光蟲"	"STRINGS.CREATURES.SPECIES.LIGHTBUG.VARIANT_RADIOACTIVE.BABY.NAME"
"CREATURES.SPECIES"	"Ionizing Bug"	"電離發光蟲"	"STRINGS.CREATURES.SPECIES.LIGHTBUG.VARIANT_RADIOACTIVE.NAME"
"CREATURES.SPECIES"	"Vole Pup"	"鑽地田鼠寶寶"	"STRINGS.CREATURES.SPECIES.MOLE.BABY.NAME"
"CREATURES.SPECIES"	"Shove Vole"	"鑽地田鼠"	"STRINGS.CREATURES.SPECIES.MOLE.NAME"
"CREATURES.SPECIES"	"Delecta Vole Pup"	"辛香田鼠寶寶"	"STRINGS.CREATURES.SPECIES.MOLE.VARIANT_DELICACY.BABY.NAME"
"CREATURES.SPECIES"	"Delecta Vole"	"辛香田鼠"	"STRINGS.CREATURES.SPECIES.MOLE.VARIANT_DELICACY.NAME"
"CREATURES.SPECIES"	"Gassy Moo"	"瓦斯牛"	"STRINGS.CREATURES.SPECIES.MOO.NAME"
"CREATURES.SPECIES"	"Gnit Larva"	"匿蚊幼蟲"	"STRINGS.CREATURES.SPECIES.MOSQUITO.BABY.NAME"
"CREATURES.SPECIES"	"Gnit"	"匿蚊"	"STRINGS.CREATURES.SPECIES.MOSQUITO.NAME"
"CREATURES.SPECIES"	"Dusk Cap"	"黃昏蘑菇"	"STRINGS.CREATURES.SPECIES.MUSHROOMPLANT.NAME"
"CREATURES.SPECIES"	"Mysterious Egg"	"神祕的蛋"	"STRINGS.CREATURES.SPECIES.MYSTERYEGG.NAME"
"CREATURES.SPECIES"	"Oil Reservoir"	"油田"	"STRINGS.CREATURES.SPECIES.OIL_WELL.NAME"
"CREATURES.SPECIES"	"Slickster Larva"	"小油怪寶寶"	"STRINGS.CREATURES.SPECIES.OILFLOATER.BABY.NAME"
"CREATURES.SPECIES"	"Slickster"	"小油怪"	"STRINGS.CREATURES.SPECIES.OILFLOATER.NAME"
"CREATURES.SPECIES"	"Longhair Larva"	"長髮小油怪寶寶"	"STRINGS.CREATURES.SPECIES.OILFLOATER.VARIANT_DECOR.BABY.NAME"
"CREATURES.SPECIES"	"Longhair Slickster"	"長髮小油怪"	"STRINGS.CREATURES.SPECIES.OILFLOATER.VARIANT_DECOR.NAME"
"CREATURES.SPECIES"	"Molten Larva"	"熔岩小油怪寶寶"	"STRINGS.CREATURES.SPECIES.OILFLOATER.VARIANT_HIGHTEMP.BABY.NAME"
"CREATURES.SPECIES"	"Molten Slickster"	"熔岩小油怪"	"STRINGS.CREATURES.SPECIES.OILFLOATER.VARIANT_HIGHTEMP.NAME"
"CREATURES.SPECIES"	"Oil Spout"	"原油噴口"	"STRINGS.CREATURES.SPECIES.OILSPOUT.NAME"
"CREATURES.SPECIES"	"Oxyfern"	"氧氣蕨"	"STRINGS.CREATURES.SPECIES.OXYFERN.NAME"
"CREATURES.SPECIES"	"Pacu Fry"	"帕庫魚苗"	"STRINGS.CREATURES.SPECIES.PACU.BABY.NAME"
"CREATURES.SPECIES"	"Pacu"	"帕庫"	"STRINGS.CREATURES.SPECIES.PACU.NAME"
"CREATURES.SPECIES"	"Gulp Fry"	"寒帶帕庫寶寶"	"STRINGS.CREATURES.SPECIES.PACU.VARIANT_CLEANER.BABY.NAME"
"CREATURES.SPECIES"	"Gulp Fish"	"寒帶帕庫"	"STRINGS.CREATURES.SPECIES.PACU.VARIANT_CLEANER.NAME"
"CREATURES.SPECIES"	"Tropical Fry"	"熱帶帕庫寶寶"	"STRINGS.CREATURES.SPECIES.PACU.VARIANT_TROPICAL.BABY.NAME"
"CREATURES.SPECIES"	"Tropical Pacu"	"熱帶帕庫"	"STRINGS.CREATURES.SPECIES.PACU.VARIANT_TROPICAL.NAME"
"CREATURES.SPECIES"	"Pacu Egg"	"帕庫蛋"	"STRINGS.CREATURES.SPECIES.PACUEGG.NAME"
"CREATURES.SPECIES"	"Lumen Quartz"	"輝亮石英"	"STRINGS.CREATURES.SPECIES.PINKROCK.NAME"
"CREATURES.SPECIES"	"Carved Lumen Quartz"	"精雕輝石"	"STRINGS.CREATURES.SPECIES.PINKROCKCARVED.NAME"
"CREATURES.SPECIES"	"Jawbo Fry"	"顎魚苗"	"STRINGS.CREATURES.SPECIES.PREHISTORICPACU.BABY.NAME"
"CREATURES.SPECIES"	"Jawbo"	"顎魚"	"STRINGS.CREATURES.SPECIES.PREHISTORICPACU.NAME"
"CREATURES.SPECIES"	"Bristle Blossom"	"鬃花"	"STRINGS.CREATURES.SPECIES.PRICKLEFLOWER.NAME"
"CREATURES.SPECIES"	"Bluff Briar"	"魅惑棘"	"STRINGS.CREATURES.SPECIES.PRICKLEGRASS.NAME"
"CREATURES.SPECIES"	"Propane Spout"	"丙烷噴口"	"STRINGS.CREATURES.SPECIES.PROPANESPOUT.NAME"
"CREATURES.SPECIES"	"Puftlet"	"帕夫寶寶"	"STRINGS.CREATURES.SPECIES.PUFT.BABY.NAME"
"CREATURES.SPECIES"	"Puft"	"帕夫"	"STRINGS.CREATURES.SPECIES.PUFT.NAME"
"CREATURES.SPECIES"	"Puftlet Prince"	"帕夫王子寶寶"	"STRINGS.CREATURES.SPECIES.PUFT.VARIANT_ALPHA.BABY.NAME"
"CREATURES.SPECIES"	"Puft Prince"	"帕夫王子"	"STRINGS.CREATURES.SPECIES.PUFT.VARIANT_ALPHA.NAME"
"CREATURES.SPECIES"	"Squeaky Puftlet"	"氯氣帕夫寶寶"	"STRINGS.CREATURES.SPECIES.PUFT.VARIANT_BLEACHSTONE.BABY.NAME"
"CREATURES.SPECIES"	"Squeaky Puft"	"氯氣帕夫"	"STRINGS.CREATURES.SPECIES.PUFT.VARIANT_BLEACHSTONE.NAME"
"CREATURES.SPECIES"	"Dense Puftlet"	"氧氣帕夫寶寶"	"STRINGS.CREATURES.SPECIES.PUFT.VARIANT_OXYLITE.BABY.NAME"
"CREATURES.SPECIES"	"Dense Puft"	"氧氣帕夫"	"STRINGS.CREATURES.SPECIES.PUFT.VARIANT_OXYLITE.NAME"
"CREATURES.SPECIES"	"Rhex Baby"	"霸王鸚寶寶"	"STRINGS.CREATURES.SPECIES.RAPTOR.BABY.NAME"
"CREATURES.SPECIES"	"Rhex"	"霸王鸚"	"STRINGS.CREATURES.SPECIES.RAPTOR.NAME"
"CREATURES.SPECIES"	"Dasha Saltvine"	"沙鹽藤"	"STRINGS.CREATURES.SPECIES.SALTPLANT.NAME"
"CREATURES.SPECIES"	"Experiment 52B"	"實驗體 52B"	"STRINGS.CREATURES.SPECIES.SAPTREE.NAME"
"CREATURES.SPECIES"	"Spigot Pup"	"栓角海豹寶寶"	"STRINGS.CREATURES.SPECIES.SEAL.BABY.NAME"
"CREATURES.SPECIES"	"Spigot Seal"	"栓角海豹"	"STRINGS.CREATURES.SPECIES.SEAL.NAME"
"CREATURES.SPECIES"	"Waterweed"	"水草"	"STRINGS.CREATURES.SPECIES.SEALETTUCE.NAME"
"CREATURES.SPECIES"	"Thimble Reed Seed"	"頂針蘆葦種子"	"STRINGS.CREATURES.SPECIES.SEEDS.BASICFABRICMATERIALPLANT.NAME"
"CREATURES.SPECIES"	"Mealwood Seed"	"米虱木種子"	"STRINGS.CREATURES.SPECIES.SEEDS.BASICSINGLEHARVESTPLANT.NAME"
"CREATURES.SPECIES"	"Nosh Bean"	"小吃豆"	"STRINGS.CREATURES.SPECIES.SEEDS.BEAN_PLANT.NAME"
"CREATURES.SPECIES"	"Alveo Vera Seed"	"多孔蘆薈種子"	"STRINGS.CREATURES.SPECIES.SEEDS.BLUE_GRASS.NAME"
"CREATURES.SPECIES"	"Buddy Bud Seed"	"同心芽種子"	"STRINGS.CREATURES.SPECIES.SEEDS.BULBPLANT.NAME"
"CREATURES.SPECIES"	"Mimillet"	"擬葉種"	"STRINGS.CREATURES.SPECIES.SEEDS.BUTTERFLYPLANTSEED.NAME"
"CREATURES.SPECIES"	"Joya Seed"	"雀躍掌種子"	"STRINGS.CREATURES.SPECIES.SEEDS.CACTUSPLANT.NAME"
"CREATURES.SPECIES"	"Plume Squash Seed"	"羽葉南瓜種子"	"STRINGS.CREATURES.SPECIES.SEEDS.CARROTPLANT.NAME"
"CREATURES.SPECIES"	"Wort Seed"	"冰樹種子"	"STRINGS.CREATURES.SPECIES.SEEDS.COLDBREATHER.NAME"
"CREATURES.SPECIES"	"Sleet Wheat Grain"	"雪麥穀粒"	"STRINGS.CREATURES.SPECIES.SEEDS.COLDWHEAT.NAME"
"CREATURES.SPECIES"	"Saturn Critter Trap Seed"	"捕獸草種子"	"STRINGS.CREATURES.SPECIES.SEEDS.CRITTERTRAPPLANT.NAME"
"CREATURES.SPECIES"	"Bliss Burst Seed"	"天堂草種子"	"STRINGS.CREATURES.SPECIES.SEEDS.CYLINDRICA.NAME"
"CREATURES.SPECIES"	"Dew Seed"	"凝露藤種子"	"STRINGS.CREATURES.SPECIES.SEEDS.DEWDRIPPERPLANT.NAME"
"CREATURES.SPECIES"	"Megafrond Spore"	"巨蕨孢子"	"STRINGS.CREATURES.SPECIES.SEEDS.DINOFERN.NAME"
"CREATURES.SPECIES"	"Sporechid Seed"	"惡魔花種子"	"STRINGS.CREATURES.SPECIES.SEEDS.EVILFLOWER.NAME"
"CREATURES.SPECIES"	"Hydrocactus Seed"	"仙水掌種子"	"STRINGS.CREATURES.SPECIES.SEEDS.FILTERPLANT.NAME"
"CREATURES.SPECIES"	"Lura Seed"	"誘捕花種子"	"STRINGS.CREATURES.SPECIES.SEEDS.FLYTRAPPLANT.NAME"
"CREATURES.SPECIES"	"Rosebush Seed"	"環玫叢種子"	"STRINGS.CREATURES.SPECIES.SEEDS.GARDENDECORPLANT.NAME"
"CREATURES.SPECIES"	"Sweatcorn Seed"	"津甜玉米種子"	"STRINGS.CREATURES.SPECIES.SEEDS.GARDENFOODPLANT.NAME"
"CREATURES.SPECIES"	"Gas Grass Seed"	"瓦斯草種子"	"STRINGS.CREATURES.SPECIES.SEEDS.GASGRASS.NAME"
"CREATURES.SPECIES"	"Pikeapple Bush Seed"	"刺殼果灌木種子"	"STRINGS.CREATURES.SPECIES.SEEDS.HARDSKINBERRYPLANT.NAME"
"CREATURES.SPECIES"	"Idylla Seed"	"恬靜花種子"	"STRINGS.CREATURES.SPECIES.SEEDS.ICEFLOWER.NAME"
"CREATURES.SPECIES"	"Seakomb Seed"	"海梳蕨種子"	"STRINGS.CREATURES.SPECIES.SEEDS.KELPPLANT.NAME"
"CREATURES.SPECIES"	"Mirth Leaf Seed"	"合歡葉種子"	"STRINGS.CREATURES.SPECIES.SEEDS.LEAFYPLANT.NAME"
"CREATURES.SPECIES"	"Fungal Spore"	"真菌孢子"	"STRINGS.CREATURES.SPECIES.SEEDS.MUSHROOMPLANT.NAME"
"CREATURES.SPECIES"	"Ink Bloom Seed"	"墨花種子"	"STRINGS.CREATURES.SPECIES.SEEDS.OILEATER.NAME"
"CREATURES.SPECIES"	"Oxyfern Seed"	"氧氣蕨種子"	"STRINGS.CREATURES.SPECIES.SEEDS.OXYFERN.NAME"
"CREATURES.SPECIES"	"Blossom Seed"	"鬃花種子"	"STRINGS.CREATURES.SPECIES.SEEDS.PRICKLEFLOWER.NAME"
"CREATURES.SPECIES"	"Briar Seed"	"魅惑棘種子"	"STRINGS.CREATURES.SPECIES.SEEDS.PRICKLEGRASS.NAME"
"CREATURES.SPECIES"	"Dasha Saltvine Seed"	"沙鹽藤種子"	"STRINGS.CREATURES.SPECIES.SEEDS.SALTPLANT.NAME"
"CREATURES.SPECIES"	"Waterweed Seed"	"水草種子"	"STRINGS.CREATURES.SPECIES.SEEDS.SEALETTUCE.NAME"
"CREATURES.SPECIES"	"Bonbon Tree Seed"	"糖心樹種子"	"STRINGS.CREATURES.SPECIES.SEEDS.SPACETREE.NAME"
"CREATURES.SPECIES"	"Pincha Pepper Seed"	"胡椒藤種子"	"STRINGS.CREATURES.SPECIES.SEEDS.SPICE_VINE.NAME"
"CREATURES.SPECIES"	"Bog Bucket Seed"	"沼澤豬籠草種子"	"STRINGS.CREATURES.SPECIES.SEEDS.SWAMPHARVESTPLANT.NAME"
"CREATURES.SPECIES"	"Balm Lily Seed"	"香水百合種子"	"STRINGS.CREATURES.SPECIES.SEEDS.SWAMPLILY.NAME"
"CREATURES.SPECIES"	"Tranquil Toe Seed"	"安寧芷種子"	"STRINGS.CREATURES.SPECIES.SEEDS.TOEPLANT.NAME"
"CREATURES.SPECIES"	"Ovagro Node Seed"	"蔓殖母藤種子"	"STRINGS.CREATURES.SPECIES.SEEDS.VINEMOTHER.NAME"
"CREATURES.SPECIES"	"Mallow Seed"	"錦醇菇種子"	"STRINGS.CREATURES.SPECIES.SEEDS.WINECUPS.NAME"
"CREATURES.SPECIES"	"Arbor Acorn"	"喬木橡實"	"STRINGS.CREATURES.SPECIES.SEEDS.WOOD_TREE.NAME"
"CREATURES.SPECIES"	"Grubfruit Seed"	"蟲蜜草種子"	"STRINGS.CREATURES.SPECIES.SEEDS.WORMPLANT.NAME"
"CREATURES.SPECIES"	"Shockworm"	"電飛蟲"	"STRINGS.CREATURES.SPECIES.SHOCKWORM.NAME"
"CREATURES.SPECIES"	"Bonbon Tree"	"糖心樹"	"STRINGS.CREATURES.SPECIES.SPACETREE.NAME"
"CREATURES.SPECIES"	"Pincha Pepperplant"	"胡椒藤"	"STRINGS.CREATURES.SPECIES.SPICE_VINE.NAME"
"CREATURES.SPECIES"	"Pipsqueak"	"樹鼠寶寶"	"STRINGS.CREATURES.SPECIES.SQUIRREL.BABY.NAME"
"CREATURES.SPECIES"	"Pip"	"樹鼠"	"STRINGS.CREATURES.SPECIES.SQUIRREL.NAME"
"CREATURES.SPECIES"	"Cuddle Pipsqueak"	"抱抱樹鼠寶寶"	"STRINGS.CREATURES.SPECIES.SQUIRREL.VARIANT_HUG.BABY.NAME"
"CREATURES.SPECIES"	"Cuddle Pip"	"抱抱樹鼠"	"STRINGS.CREATURES.SPECIES.SQUIRREL.VARIANT_HUG.NAME"
"CREATURES.SPECIES"	"Plug Sluglet"	"電氣蛞蝓寶寶"	"STRINGS.CREATURES.SPECIES.STATERPILLAR.BABY.NAME"
"CREATURES.SPECIES"	"Smog Sluglet"	"煙霧蛞蝓寶寶"	"STRINGS.CREATURES.SPECIES.STATERPILLAR.VARIANT_GAS.BABY.NAME"
"CREATURES.SPECIES"	"Smog Slug"	"煙霧蛞蝓"	"STRINGS.CREATURES.SPECIES.STATERPILLAR.VARIANT_GAS.NAME"
"CREATURES.SPECIES"	"Sponge Sluglet"	"海綿蛞蝓寶寶"	"STRINGS.CREATURES.SPECIES.STATERPILLAR.VARIANT_LIQUID.BABY.NAME"
"CREATURES.SPECIES"	"Sponge Slug"	"海綿蛞蝓"	"STRINGS.CREATURES.SPECIES.STATERPILLAR.VARIANT_LIQUID.NAME"
"CREATURES.SPECIES"	"Steam Spout"	"蒸氣噴口"	"STRINGS.CREATURES.SPECIES.STEAMSPOUT.NAME"
"CREATURES.SPECIES"	"Lumblet"	"豐足劍龍寶寶"	"STRINGS.CREATURES.SPECIES.STEGO.BABY.NAME"
"CREATURES.SPECIES"	"Lumb"	"豐足劍龍"	"STRINGS.CREATURES.SPECIES.STEGO.NAME"
"CREATURES.SPECIES"	"Grubfruit Plant"	"蟲蜜草"	"STRINGS.CREATURES.SPECIES.SUPERWORMPLANT.NAME"
"CREATURES.SPECIES"	"Swamp Chard"	"沼澤甜菜"	"STRINGS.CREATURES.SPECIES.SWAMPFORAGEPLANTPLANTED.NAME"
"CREATURES.SPECIES"	"Bog Bucket"	"沼澤豬籠草"	"STRINGS.CREATURES.SPECIES.SWAMPHARVESTPLANT.NAME"
"CREATURES.SPECIES"	"Balm Lily"	"香水百合"	"STRINGS.CREATURES.SPECIES.SWAMPLILY.NAME"
"CREATURES.SPECIES"	"Tranquil Toes"	"安寧芷"	"STRINGS.CREATURES.SPECIES.TOEPLANT.NAME"
"CREATURES.SPECIES"	"Ovagro Vine"	"蔓殖藤"	"STRINGS.CREATURES.SPECIES.VINEBRANCH.NAME"
"CREATURES.SPECIES"	"Ovagro Node"	"蔓殖母藤"	"STRINGS.CREATURES.SPECIES.VINEMOTHER.NAME"
"CREATURES.SPECIES"	"Mellow Mallow"	"錦醇菇"	"STRINGS.CREATURES.SPECIES.WINECUPS.NAME"
"CREATURES.SPECIES"	"Arbor Tree"	"喬木樹"	"STRINGS.CREATURES.SPECIES.WOOD_TREE.NAME"
"CREATURES.SPECIES"	"Arbor Tree Branch"	"喬木樹枝"	"STRINGS.CREATURES.SPECIES.WOOD_TREE_BRANCH.NAME"
"CREATURES.SPECIES"	"Flox Fawn"	"狐鹿克斯寶寶"	"STRINGS.CREATURES.SPECIES.WOODDEER.BABY.NAME"
"CREATURES.SPECIES"	"Flox"	"狐鹿克斯"	"STRINGS.CREATURES.SPECIES.WOODDEER.NAME"
"CREATURES.SPECIES"	"Spindly Grubfruit Plant"	"蕪弱蟲蜜草"	"STRINGS.CREATURES.SPECIES.WORMPLANT.NAME"
"CREATURES.STATS"	"Age"	"年齡"	"STRINGS.CREATURES.STATS.AGE.NAME"
"CREATURES.STATS"	"Air Pressure"	"氣壓"	"STRINGS.CREATURES.STATS.AIRPRESSURE.NAME"
"CREATURES.STATS"	"Body Temperature"	"體溫"	"STRINGS.CREATURES.STATS.CRITTERTEMPERATURE.NAME"
"CREATURES.STATS"	"Domestication"	"馴化"	"STRINGS.CREATURES.STATS.DOMESTICATION.NAME"
"CREATURES.STATS"	"Quill Growth"	"毛髮成長"	"STRINGS.CREATURES.STATS.ELEMENTGROWTH.NAME"
"CREATURES.STATS"	"Reproduction"	"繁殖"	"STRINGS.CREATURES.STATS.FERTILITY.NAME"
"CREATURES.STATS"	"Fertilization"	"施肥"	"STRINGS.CREATURES.STATS.FERTILIZATION.NAME"
"CREATURES.STATS"	"Happiness"	"幸福度"	"STRINGS.CREATURES.STATS.HAPPINESS.NAME"
"CREATURES.STATS"	"Health"	"生命值"	"STRINGS.CREATURES.STATS.HEALTH.NAME"
"CREATURES.STATS"	"Illumination"	"照明"	"STRINGS.CREATURES.STATS.ILLUMINATION.NAME"
"CREATURES.STATS"	"Incubation"	"孵化"	"STRINGS.CREATURES.STATS.INCUBATION.NAME"
"CREATURES.STATS"	"Irrigation"	"灌溉"	"STRINGS.CREATURES.STATS.IRRIGATION.NAME"
"CREATURES.STATS"	"Growth Progress"	"成長狀況"	"STRINGS.CREATURES.STATS.MATURITY.NAME"
"CREATURES.STATS"	"Thermal Conductivity Barrier"	"絕緣厚度"	"STRINGS.CREATURES.STATS.THERMALCONDUCTIVITYBARRIER.NAME"
"CREATURES.STATS"	"Viability"	"發育"	"STRINGS.CREATURES.STATS.VIABILITY.NAME"
"CREATURES.STATUSITEMS"	"Getting Cozy"	"感到舒適"	"STRINGS.CREATURES.STATUSITEMS.AIRBORNECRITTERCONDO.INTERACTING.NAME"
"CREATURES.STATUSITEMS"	"Heading for Airborne Critter Condo"	"前往飛行小動物公寓"	"STRINGS.CREATURES.STATUSITEMS.AIRBORNECRITTERCONDO.MOVINGTO.NAME"
"CREATURES.STATUSITEMS"	"Suffocating"	"窒息"	"STRINGS.CREATURES.STATUSITEMS.AQUATICCREATURESUFFOCATING.NAME"
"CREATURES.STATUSITEMS"	"    • Pressure"	"    • 壓力"	"STRINGS.CREATURES.STATUSITEMS.ATMOSPHERICPRESSURETOOHIGH.NAME"
"CREATURES.STATUSITEMS"	"Combat!"	"戰鬥！"	"STRINGS.CREATURES.STATUSITEMS.ATTACK.NAME"
"CREATURES.STATUSITEMS"	"Stalking Target"	"跟蹤目標"	"STRINGS.CREATURES.STATUSITEMS.ATTACK_APPROACH.NAME"
"CREATURES.STATUSITEMS"	"Attacking"	"攻擊"	"STRINGS.CREATURES.STATUSITEMS.ATTACKINGENTITY.NAME"
"CREATURES.STATUSITEMS"	"Trussed"	"已捕捉"	"STRINGS.CREATURES.STATUSITEMS.BAGGED.NAME"
"CREATURES.STATUSITEMS"	"Barren"	"荒蕪"	"STRINGS.CREATURES.STATUSITEMS.BARREN.NAME"
"CREATURES.STATUSITEMS"	"Mooing"	"哞叫"	"STRINGS.CREATURES.STATUSITEMS.BECKONING.NAME"
"CREATURES.STATUSITEMS"	"Moo-ted"	"沉默"	"STRINGS.CREATURES.STATUSITEMS.BECKONINGBLOCKED.NAME"
"CREATURES.STATUSITEMS"	"Burrowed"	"躲藏"	"STRINGS.CREATURES.STATUSITEMS.BURROWED.NAME"
"CREATURES.STATUSITEMS"	"Burrowing"	"躲藏"	"STRINGS.CREATURES.STATUSITEMS.BURROWING.NAME"
"CREATURES.STATUSITEMS"	"Calling Adult"	"呼喚成年同類"	"STRINGS.CREATURES.STATUSITEMS.CALL_ADULT.NAME"
"CREATURES.STATUSITEMS"	"    • Fertilization"	"    • 施肥"	"STRINGS.CREATURES.STATUSITEMS.CANTACCEPTFERTILIZER.NAME"
"CREATURES.STATUSITEMS"	"    • Irrigation"	"    • 灌溉"	"STRINGS.CREATURES.STATUSITEMS.CANTACCEPTIRRIGATION.NAME"
"CREATURES.STATUSITEMS"	"Awaiting Prey"	"等待獵物"	"STRINGS.CREATURES.STATUSITEMS.CARNIVOROUSPLANTAWAITINGVICTIM.NAME"
"CREATURES.STATUSITEMS"	"Cleaning"	"清理中"	"STRINGS.CREATURES.STATUSITEMS.CLEANING.NAME"
"CREATURES.STATUSITEMS"	"Chilly surroundings"	"周圍環境太冷"	"STRINGS.CREATURES.STATUSITEMS.COLD.NAME"
"CREATURES.STATUSITEMS"	"    • Body Temperature"	"    • 體溫"	"STRINGS.CREATURES.STATUSITEMS.COLD_CROP.NAME"
"CREATURES.STATUSITEMS"	"Piqued"	"引誘"	"STRINGS.CREATURES.STATUSITEMS.CONSIDERINGLURE.NAME"
"CREATURES.STATUSITEMS"	"Pollution Exposure"	"汙染環境"	"STRINGS.CREATURES.STATUSITEMS.CONTAMINATEDATMOSPHERE.NAME"
"CREATURES.STATUSITEMS"	"Chilly Breath"	"冰冷的氣息"	"STRINGS.CREATURES.STATUSITEMS.COOLING.NAME"
"CREATURES.STATUSITEMS"	"Heading for Critter Condo"	"前往小動物公寓"	"STRINGS.CREATURES.STATUSITEMS.CRITTERCONDO.MOVINGTO.NAME"
"CREATURES.STATUSITEMS"	"    • Blighted"	"    • 枯萎"	"STRINGS.CREATURES.STATUSITEMS.CROP_BLIGHTED.NAME"
"CREATURES.STATUSITEMS"	"Sleeping [{REASON}]"	"睡覺 [{REASON}]"	"STRINGS.CREATURES.STATUSITEMS.CROP_SLEEPING.NAME"
"CREATURES.STATUSITEMS"	"    • Illumination"	"    • 光照"	"STRINGS.CREATURES.STATUSITEMS.CROP_TOO_BRIGHT.NAME"
"CREATURES.STATUSITEMS"	"    • Low Radiation Levels"	"    • 低輻射等級"	"STRINGS.CREATURES.STATUSITEMS.CROP_TOO_NONRADIATED.NAME"
"CREATURES.STATUSITEMS"	"    • High Radiation Levels"	"    • 高輻射等級"	"STRINGS.CREATURES.STATUSITEMS.CROP_TOO_RADIATED.NAME"
"CREATURES.STATUSITEMS"	"Dead"	"死亡"	"STRINGS.CREATURES.STATUSITEMS.DEAD.NAME"
"CREATURES.STATUSITEMS"	"Moving to debug location"	"移動到除錯位置"	"STRINGS.CREATURES.STATUSITEMS.DEBUGGOTO.NAME"
"CREATURES.STATUSITEMS"	"Digesting"	"消化中"	"STRINGS.CREATURES.STATUSITEMS.DIGESTING.NAME"
"CREATURES.STATUSITEMS"	"Disabled"	"停用"	"STRINGS.CREATURES.STATUSITEMS.DISABLED.NAME"
"CREATURES.STATUSITEMS"	"Plant Tending"	"植物耕作"	"STRINGS.CREATURES.STATUSITEMS.DIVERGENT_TENDING.NAME"
"CREATURES.STATUSITEMS"	"Moving to Plant"	"向植物移動"	"STRINGS.CREATURES.STATUSITEMS.DIVERGENT_WILL_TEND.NAME"
"CREATURES.STATUSITEMS"	"Domestication Level: {LevelName}"	"馴化等級：{LevelName}"	"STRINGS.CREATURES.STATUSITEMS.DOMESTICATION.NAME"
"CREATURES.STATUSITEMS"	"Drinking"	"飲用"	"STRINGS.CREATURES.STATUSITEMS.DRINKINGMILK.NAME"
"CREATURES.STATUSITEMS"	"Drowning"	"溺水"	"STRINGS.CREATURES.STATUSITEMS.DROWNING.NAME"
"CREATURES.STATUSITEMS"	"Drowsy"	"昏昏欲睡"	"STRINGS.CREATURES.STATUSITEMS.DROWSY.NAME"
"CREATURES.STATUSITEMS"	"    • Beached"	"    • 擱淺"	"STRINGS.CREATURES.STATUSITEMS.DRYINGOUT.NAME"
"CREATURES.STATUSITEMS"	"Eating"	"食用"	"STRINGS.CREATURES.STATUSITEMS.EATING.NAME"
"CREATURES.STATUSITEMS"	"Picky Eater: All Done"	"挑食：全部滿足"	"STRINGS.CREATURES.STATUSITEMS.ELEMENT_GROWTH_COMPLETE.NAME"
"CREATURES.STATUSITEMS"	"Picky Eater: Just Right"	"挑食：恰到好處"	"STRINGS.CREATURES.STATUSITEMS.ELEMENT_GROWTH_GROWING.NAME"
"CREATURES.STATUSITEMS"	"Picky Eater: Hungry"	"挑食：飢餓難耐"	"STRINGS.CREATURES.STATUSITEMS.ELEMENT_GROWTH_HALTED.NAME"
"CREATURES.STATUSITEMS"	"Picky Eater: {reason}"	"挑食：{reason}"	"STRINGS.CREATURES.STATUSITEMS.ELEMENT_GROWTH_STUNTED.NAME"
"CREATURES.STATUSITEMS"	"Emerging"	"離開"	"STRINGS.CREATURES.STATUSITEMS.EMERGING.NAME"
"CREATURES.STATUSITEMS"	"Consuming {ConsumeElement} at {ConsumeRate}"	"以 {ConsumeRate} 的速度消耗{ConsumeElement}"	"STRINGS.CREATURES.STATUSITEMS.EXCHANGINGELEMENTCONSUME.NAME"
"CREATURES.STATUSITEMS"	"Outputting {OutputElement} at {OutputRate}"	"以 {OutputRate} 的速度排放 {OutputElement}"	"STRINGS.CREATURES.STATUSITEMS.EXCHANGINGELEMENTOUTPUT.NAME"
"CREATURES.STATUSITEMS"	"Freshly Groomed"	"剛洗香香"	"STRINGS.CREATURES.STATUSITEMS.EXCITED_TO_BE_RANCHED.NAME"
"CREATURES.STATUSITEMS"	"Excited"	"興奮"	"STRINGS.CREATURES.STATUSITEMS.EXCITED_TO_GET_RANCHED.NAME"
"CREATURES.STATUSITEMS"	"Exhaling"	"呼氣"	"STRINGS.CREATURES.STATUSITEMS.EXHALING.NAME"
"CREATURES.STATUSITEMS"	"Passing Gas"	"釋放氣體"	"STRINGS.CREATURES.STATUSITEMS.EXPELLING_GAS.NAME"
"CREATURES.STATUSITEMS"	"Expelling Waste"	"排出廢物"	"STRINGS.CREATURES.STATUSITEMS.EXPELLING_LIQUID.NAME"
"CREATURES.STATUSITEMS"	"External Temperature"	"外部溫度"	"STRINGS.CREATURES.STATUSITEMS.EXTERNALTEMPERATURE.NAME"
"CREATURES.STATUSITEMS"	"Falling"	"墜落中"	"STRINGS.CREATURES.STATUSITEMS.FALLING.NAME"
"CREATURES.STATUSITEMS"	"Fleeing"	"逃跑中"	"STRINGS.CREATURES.STATUSITEMS.FLEEING.NAME"
"CREATURES.STATUSITEMS"	"Flopping"	"翻倒中"	"STRINGS.CREATURES.STATUSITEMS.FLOPPING.NAME"
"CREATURES.STATUSITEMS"	"Foraging for Materials"	"正在覓食材料"	"STRINGS.CREATURES.STATUSITEMS.FORAGINGMATERIAL.NAME"
"CREATURES.STATUSITEMS"	"Fresh {RotPercentage}"	"新鮮度 {RotPercentage}"	"STRINGS.CREATURES.STATUSITEMS.FRESH.NAME"
"CREATURES.STATUSITEMS"	"Being Milked"	"被擠乳"	"STRINGS.CREATURES.STATUSITEMS.GETTING_MILKED.NAME"
"CREATURES.STATUSITEMS"	"Being Groomed"	"被梳理"	"STRINGS.CREATURES.STATUSITEMS.GETTING_RANCHED.NAME"
"CREATURES.STATUSITEMS"	"Being Wrangled"	"被捕捉"	"STRINGS.CREATURES.STATUSITEMS.GETTING_WRANGLED.NAME"
"CREATURES.STATUSITEMS"	"Going to harvest"	"前去收成"	"STRINGS.CREATURES.STATUSITEMS.GOING_TO_HARVEST.NAME"
"CREATURES.STATUSITEMS"	"Going to Stomp"	"大腳丫蠢蠢欲動"	"STRINGS.CREATURES.STATUSITEMS.GOING_TO_STOMP.NAME"
"CREATURES.STATUSITEMS"	"Processing Sample: {percent}"	"處理樣本：{percent}"	"STRINGS.CREATURES.STATUSITEMS.GRAVITAS_CREATURE_MANIPULATOR_COOLDOWN.NAME"
"CREATURES.STATUSITEMS"	"Growing [{PercentGrow}%]"	"成長中 [{PercentGrow}%]"	"STRINGS.CREATURES.STATUSITEMS.GROWING.NAME"
"CREATURES.STATUSITEMS"	"Digesting [{PercentGrow}%]"	"消化中 [{PercentGrow}%]"	"STRINGS.CREATURES.STATUSITEMS.GROWING_CARNIVOROUSPLANT.NAME"
"CREATURES.STATUSITEMS"	"Growing Fruit [{PercentGrow}%]"	"果實生長中 [{PercentGrow}%]"	"STRINGS.CREATURES.STATUSITEMS.GROWINGFRUIT.NAME"
"CREATURES.STATUSITEMS"	"Maturing"	"成熟中"	"STRINGS.CREATURES.STATUSITEMS.GROWINGUP.NAME"
"CREATURES.STATUSITEMS"	"Harvesting"	"收成中"	"STRINGS.CREATURES.STATUSITEMS.HARVESTING.NAME"
"CREATURES.STATUSITEMS"	"Hatching"	"孵化中"	"STRINGS.CREATURES.STATUSITEMS.HATCHING.NAME"
"CREATURES.STATUSITEMS"	"Injuries: {healthState}"	"受傷：{healthState}"	"STRINGS.CREATURES.STATUSITEMS.HEALTHSTATUS.NAME"
"CREATURES.STATUSITEMS"	"Excellent Yield"	"產量極佳"	"STRINGS.CREATURES.STATUSITEMS.HIGH_YIELD.NAME"
"CREATURES.STATUSITEMS"	"Food Supply Low"	"食物供應不足"	"STRINGS.CREATURES.STATUSITEMS.HIVEHUNGRY.NAME"
"CREATURES.STATUSITEMS"	"Toasty surroundings"	"周圍環境太熱"	"STRINGS.CREATURES.STATUSITEMS.HOT.NAME"
"CREATURES.STATUSITEMS"	"Hugging Eggs"	"擁抱蛋中"	"STRINGS.CREATURES.STATUSITEMS.HUGEGG.NAME"
"CREATURES.STATUSITEMS"	"Hugging"	"抱抱中"	"STRINGS.CREATURES.STATUSITEMS.HUGMINION.NAME"
"CREATURES.STATUSITEMS"	"Hoping for hugs"	"想要擁抱"	"STRINGS.CREATURES.STATUSITEMS.HUGMINIONWAITING.NAME"
"CREATURES.STATUSITEMS"	"Looking for Food"	"尋找食物"	"STRINGS.CREATURES.STATUSITEMS.HUNGRY.NAME"
"CREATURES.STATUSITEMS"	"Hunting"	"捕獵中"	"STRINGS.CREATURES.STATUSITEMS.HUNTING.NAME"
"CREATURES.STATUSITEMS"	"Body Temperature High"	"體溫過高"	"STRINGS.CREATURES.STATUSITEMS.HYPERTHERMIA.NAME"
"CREATURES.STATUSITEMS"	"Body Temperature Low"	"體溫過低"	"STRINGS.CREATURES.STATUSITEMS.HYPOTHERMIA.NAME"
"CREATURES.STATUSITEMS"	"Incubation Complete"	"孵化完成"	"STRINGS.CREATURES.STATUSITEMS.IN_INCUBATOR.NAME"
"CREATURES.STATUSITEMS"	"Inhaling"	"吸入中"	"STRINGS.CREATURES.STATUSITEMS.INHALING.NAME"
"CREATURES.STATUSITEMS"	"Laying egg"	"下蛋中"	"STRINGS.CREATURES.STATUSITEMS.LAYINGANEGG.NAME"
"CREATURES.STATUSITEMS"	"Seeking Gas"	"尋找氣體中"	"STRINGS.CREATURES.STATUSITEMS.LOOKINGFORGAS.NAME"
"CREATURES.STATUSITEMS"	"Parched"	"乾渴"	"STRINGS.CREATURES.STATUSITEMS.LOOKINGFORLIQUID.NAME"
"CREATURES.STATUSITEMS"	"Seeking Brackene"	"尋找鹹乳"	"STRINGS.CREATURES.STATUSITEMS.LOOKINGFORMILK.NAME"
"CREATURES.STATUSITEMS"	"Standard Yield"	"產量一般"	"STRINGS.CREATURES.STATUSITEMS.LOW_YIELD.NAME"
"CREATURES.STATUSITEMS"	"Udderly Full"	"鹹乳充盈"	"STRINGS.CREATURES.STATUSITEMS.MILKFULL.NAME"
"CREATURES.STATUSITEMS"	"Producing Brackene {amount}"	"產生鹹乳 {amount}"	"STRINGS.CREATURES.STATUSITEMS.MILKPRODUCER.NAME"
"CREATURES.STATUSITEMS"	"Molting"	"蛻皮中"	"STRINGS.CREATURES.STATUSITEMS.MOLTING.NAME"
"CREATURES.STATUSITEMS"	"Going to Sting"	"準備叮咬"	"STRINGS.CREATURES.STATUSITEMS.MOSQUITO_GOING_FOR_FOOD.NAME"
"CREATURES.STATUSITEMS"	"Good Yield"	"產量良好"	"STRINGS.CREATURES.STATUSITEMS.NORMAL_YIELD.NAME"
"CREATURES.STATUSITEMS"	"Nowhere To Sleep"	"沒有地方睡覺"	"STRINGS.CREATURES.STATUSITEMS.NOSLEEPSPOT.NAME"
"CREATURES.STATUSITEMS"	"Pollination"	"授粉"	"STRINGS.CREATURES.STATUSITEMS.NOT_POLLINATED.NAME"
"CREATURES.STATUSITEMS"	"Elderly"	"老年"	"STRINGS.CREATURES.STATUSITEMS.OLD.NAME"
"CREATURES.STATUSITEMS"	"Original Plant"	"原生植物"	"STRINGS.CREATURES.STATUSITEMS.ORIGINALPLANTMUTATION.NAME"
"CREATURES.STATUSITEMS"	"Ideal Air Pressure"	"理想的氣壓"	"STRINGS.CREATURES.STATUSITEMS.PERFECTATMOSPHERICPRESSURE.NAME"
"CREATURES.STATUSITEMS"	"Ideal Temperature"	"理想的溫度"	"STRINGS.CREATURES.STATUSITEMS.PERFECTTEMPERATURE.NAME"
"CREATURES.STATUSITEMS"	"Planting Seed"	"播種"	"STRINGS.CREATURES.STATUSITEMS.PLANTINGSEED.NAME"
"CREATURES.STATUSITEMS"	"Going to Pollinate"	"前去授粉"	"STRINGS.CREATURES.STATUSITEMS.POLLINATING.MOVINGTO.NAME"
"CREATURES.STATUSITEMS"	"Producing Nectar ({0})"	"產生花蜜（{0}）"	"STRINGS.CREATURES.STATUSITEMS.PRODUCINGSUGARWATER.NAME"
"CREATURES.STATUSITEMS"	"Protecting"	"保護"	"STRINGS.CREATURES.STATUSITEMS.PROTECTINGENTITY.NAME"
"CREATURES.STATUSITEMS"	"Harvest Ready"	"準備收成"	"STRINGS.CREATURES.STATUSITEMS.READYFORHARVEST.NAME"
"CREATURES.STATUSITEMS"	"    • Farm plot inoperable"	"    • 種植區沒有運作"	"STRINGS.CREATURES.STATUSITEMS.RECEPTACLEINOPERATIONAL.NAME"
"CREATURES.STATUSITEMS"	"Farm plot operational"	"種植區正常"	"STRINGS.CREATURES.STATUSITEMS.RECEPTACLEOPERATIONAL.NAME"
"CREATURES.STATUSITEMS"	"Refrigerated"	"冷藏"	"STRINGS.CREATURES.STATUSITEMS.REFRIGERATED.NAME"
"CREATURES.STATUSITEMS"	"Deep Freeze"	"深度冷凍"	"STRINGS.CREATURES.STATUSITEMS.REFRIGERATEDFROZEN.NAME"
"CREATURES.STATUSITEMS"	"Rummaging for seeds"	"尋找種子"	"STRINGS.CREATURES.STATUSITEMS.RUMMAGINGSEED.NAME"
"CREATURES.STATUSITEMS"	"Too Wet!"	"太溼！"	"STRINGS.CREATURES.STATUSITEMS.SATURATED.NAME"
"CREATURES.STATUSITEMS"	"Scalding"	"滾燙的"	"STRINGS.CREATURES.STATUSITEMS.SCALDING.NAME"
"CREATURES.STATUSITEMS"	"Frostbite"	"凍傷"	"STRINGS.CREATURES.STATUSITEMS.SCOLDING.NAME"
"CREATURES.STATUSITEMS"	"Sleeping"	"睡覺"	"STRINGS.CREATURES.STATUSITEMS.SLEEPING.NAME"
"CREATURES.STATUSITEMS"	"Branch Productivity: {0}"	"分枝生產力：{0}"	"STRINGS.CREATURES.STATUSITEMS.SPACETREEBRANCHLIGHTSTATUS.NAME"
"CREATURES.STATUSITEMS"	"Mutant Plant: {MutationName}"	"變異植物：{MutationName}"	"STRINGS.CREATURES.STATUSITEMS.SPECIFICPLANTMUTATION.NAME"
"CREATURES.STATUSITEMS"	"Rotten"	"腐爛的"	"STRINGS.CREATURES.STATUSITEMS.SPOILED.NAME"
"CREATURES.STATUSITEMS"	"Stale {RotPercentage}"	"不新鮮 {RotPercentage}"	"STRINGS.CREATURES.STATUSITEMS.STALE.NAME"
"CREATURES.STATUSITEMS"	"Starving\nTime until death: {TimeUntilDeath}\n"	"飢餓\n死亡倒數：{TimeUntilDeath}\n"	"STRINGS.CREATURES.STATUSITEMS.STARVING.NAME"
"CREATURES.STATUSITEMS"	"Sterile Atmosphere"	"無菌環境"	"STRINGS.CREATURES.STATUSITEMS.STERILIZINGATMOSPHERE.NAME"
"CREATURES.STATUSITEMS"	"Stomping"	"跺腳"	"STRINGS.CREATURES.STATUSITEMS.STOMPING.NAME"
"CREATURES.STATUSITEMS"	"Struggling"	"掙扎"	"STRINGS.CREATURES.STATUSITEMS.STRUGGLING.NAME"
"CREATURES.STATUSITEMS"	"Stunted Scales"	"鱗片發育不良"	"STRINGS.CREATURES.STATUSITEMS.STUNTED_SCALE_GROWTH.NAME"
"CREATURES.STATUSITEMS"	"Nectar Production Halted: {0}"	"花蜜生產停止: {0}"	"STRINGS.CREATURES.STATUSITEMS.SUGARWATERPRODUCTIONPAUSED.NAME"
"CREATURES.STATUSITEMS"	"Freezing"	"凍傷"	"STRINGS.CREATURES.STATUSITEMS.TEMPERATURE_COLD_DEADLY.NAME"
"CREATURES.STATUSITEMS"	"Tending egg"	"照顧動物蛋"	"STRINGS.CREATURES.STATUSITEMS.TENDINGANEGG.NAME"
"CREATURES.STATUSITEMS"	"Fatigued"	"疲勞的"	"STRINGS.CREATURES.STATUSITEMS.TIRED.NAME"
"CREATURES.STATUSITEMS"	"Trapped"	"受困"	"STRINGS.CREATURES.STATUSITEMS.TRAPPED.NAME"
"CREATURES.STATUSITEMS"	"Heading for Water Fort"	"前往水中城堡"	"STRINGS.CREATURES.STATUSITEMS.UNDERWATERCRITTERCONDO.MOVINGTO.NAME"
"CREATURES.STATUSITEMS"	"Unknown Mutation"	"未知變異"	"STRINGS.CREATURES.STATUSITEMS.UNKNOWNMUTATION.NAME"
"CREATURES.STATUSITEMS"	"Unrefrigerated"	"未冷藏"	"STRINGS.CREATURES.STATUSITEMS.UNREFRIGERATED.NAME"
"CREATURES.STATUSITEMS"	"Growth Halted{Reasons}"	"生長停滯{Reasons}"	"STRINGS.CREATURES.STATUSITEMS.WILTING.NAME"
"CREATURES.STATUSITEMS"	"    • Atmosphere"	"    • 大氣"	"STRINGS.CREATURES.STATUSITEMS.WRONGATMOSPHERE.NAME"
"CREATURES.STATUSITEMS"	"    • Irrigation (Stored)"	"    • 灌溉（儲存）"	"STRINGS.CREATURES.STATUSITEMS.WRONGIRRIGATIONMAJOR.NAME"
"DUPLICANTS.ATTRIBUTES"	"Air Consumption Rate"	"空氣消耗率"	"STRINGS.DUPLICANTS.ATTRIBUTES.AIRCONSUMPTIONRATE.NAME"
"DUPLICANTS.ATTRIBUTES"	"Creativity"	"創意"	"STRINGS.DUPLICANTS.ATTRIBUTES.ART.NAME"
"DUPLICANTS.ATTRIBUTES"	"Athletics"	"體能"	"STRINGS.DUPLICANTS.ATTRIBUTES.ATHLETICS.NAME"
"DUPLICANTS.ATTRIBUTES"	"Power Banks"	"行動電源"	"STRINGS.DUPLICANTS.ATTRIBUTES.BIONICBATTERYCOUNTCAPACITY.NAME"
"DUPLICANTS.ATTRIBUTES"	"Booster Slots"	"加速器插槽"	"STRINGS.DUPLICANTS.ATTRIBUTES.BIONICBOOSTERSLOTS.NAME"
"DUPLICANTS.ATTRIBUTES"	"Gear Oil"	"齒輪油"	"STRINGS.DUPLICANTS.ATTRIBUTES.BIONICOILDELTA.NAME"
"DUPLICANTS.ATTRIBUTES"	"Bladder"	"膀胱"	"STRINGS.DUPLICANTS.ATTRIBUTES.BLADDERDELTA.NAME"
"DUPLICANTS.ATTRIBUTES"	"Agriculture"	"農業"	"STRINGS.DUPLICANTS.ATTRIBUTES.BOTANIST.NAME"
"DUPLICANTS.ATTRIBUTES"	"Breath"	"呼吸"	"STRINGS.DUPLICANTS.ATTRIBUTES.BREATHDELTA.NAME"
"DUPLICANTS.ATTRIBUTES"	"Calories"	"卡路里"	"STRINGS.DUPLICANTS.ATTRIBUTES.CALORIESDELTA.NAME"
"DUPLICANTS.ATTRIBUTES"	"Medicine"	"醫療"	"STRINGS.DUPLICANTS.ATTRIBUTES.CARING.NAME"
"DUPLICANTS.ATTRIBUTES"	"Carrying Capacity"	"負重"	"STRINGS.DUPLICANTS.ATTRIBUTES.CARRYAMOUNT.NAME"
"DUPLICANTS.ATTRIBUTES"	"Construction"	"建築"	"STRINGS.DUPLICANTS.ATTRIBUTES.CONSTRUCTION.NAME"
"DUPLICANTS.ATTRIBUTES"	"Cuisine"	"料理"	"STRINGS.DUPLICANTS.ATTRIBUTES.COOKING.NAME"
"DUPLICANTS.ATTRIBUTES"	"Decor Bonus"	"裝飾加成"	"STRINGS.DUPLICANTS.ATTRIBUTES.DECORBONUS.NAME"
"DUPLICANTS.ATTRIBUTES"	"Decor Morale Bonus"	"裝飾士氣加成"	"STRINGS.DUPLICANTS.ATTRIBUTES.DECOREXPECTATION.NAME"
"DUPLICANTS.ATTRIBUTES"	"Decor Radius"	"裝飾範圍"	"STRINGS.DUPLICANTS.ATTRIBUTES.DECORRADIUS.NAME"
"DUPLICANTS.ATTRIBUTES"	"Excavation"	"挖掘"	"STRINGS.DUPLICANTS.ATTRIBUTES.DIGGING.NAME"
"DUPLICANTS.ATTRIBUTES"	"Disease Recovery Speed Bonus"	"疾病恢復速度加成"	"STRINGS.DUPLICANTS.ATTRIBUTES.DISEASECURESPEED.NAME"
"DUPLICANTS.ATTRIBUTES"	"Treatment Received Effect"	"接受治療效果"	"STRINGS.DUPLICANTS.ATTRIBUTES.DOCTOREDLEVEL.NAME"
"DUPLICANTS.ATTRIBUTES"	"Break Down Temperature"	"崩潰溫度"	"STRINGS.DUPLICANTS.ATTRIBUTES.FATALTEMPERATURE.NAME"
"DUPLICANTS.ATTRIBUTES"	"Fertilizer Usage"	"肥料用量"	"STRINGS.DUPLICANTS.ATTRIBUTES.FERTILIZERUSAGEMOD.NAME"
"DUPLICANTS.ATTRIBUTES"	"Food Morale Bonus"	"食物士氣加成"	"STRINGS.DUPLICANTS.ATTRIBUTES.FOODEXPECTATION.NAME"
"DUPLICANTS.ATTRIBUTES"	"Range"	"距離"	"STRINGS.DUPLICANTS.ATTRIBUTES.FUELRANGEPERKILOGRAM.NAME"
"DUPLICANTS.ATTRIBUTES"	"Power Output"	"電力輸出"	"STRINGS.DUPLICANTS.ATTRIBUTES.GENERATOROUTPUT.NAME"
"DUPLICANTS.ATTRIBUTES"	"Germ Resistance"	"病菌抗性"	"STRINGS.DUPLICANTS.ATTRIBUTES.GERMRESISTANCE.NAME"
"DUPLICANTS.ATTRIBUTES"	"Harvest Duration"	"收成持續時間"	"STRINGS.DUPLICANTS.ATTRIBUTES.HARVESTTIME.NAME"
"DUPLICANTS.ATTRIBUTES"	"Height"	"高"	"STRINGS.DUPLICANTS.ATTRIBUTES.HEIGHT.NAME"
"DUPLICANTS.ATTRIBUTES"	"Hygiene"	"衛生"	"STRINGS.DUPLICANTS.ATTRIBUTES.HYGIENE.NAME"
"DUPLICANTS.ATTRIBUTES"	"Immunity"	"免疫力"	"STRINGS.DUPLICANTS.ATTRIBUTES.IMMUNELEVELDELTA.NAME"
"DUPLICANTS.ATTRIBUTES"	"Insulation"	"隔熱"	"STRINGS.DUPLICANTS.ATTRIBUTES.INSULATION.NAME"
"DUPLICANTS.ATTRIBUTES"	"Science"	"科學"	"STRINGS.DUPLICANTS.ATTRIBUTES.LEARNING.NAME"
"DUPLICANTS.ATTRIBUTES"	"Life Support"	"生存"	"STRINGS.DUPLICANTS.ATTRIBUTES.LIFESUPPORT.NAME"
"DUPLICANTS.ATTRIBUTES"	"Luminescence"	"發光"	"STRINGS.DUPLICANTS.ATTRIBUTES.LUMINESCENCE.NAME"
"DUPLICANTS.ATTRIBUTES"	"Machinery"	"機械"	"STRINGS.DUPLICANTS.ATTRIBUTES.MACHINERY.NAME"
"DUPLICANTS.ATTRIBUTES"	"Machinery Speed"	"機械速度"	"STRINGS.DUPLICANTS.ATTRIBUTES.MACHINERYSPEED.NAME"
"DUPLICANTS.ATTRIBUTES"	"Maximum Radiation"	"最大輻射"	"STRINGS.DUPLICANTS.ATTRIBUTES.MAXRADIATIONTHRESHOLD.NAME"
"DUPLICANTS.ATTRIBUTES"	"Underwater Movement"	"水下移動"	"STRINGS.DUPLICANTS.ATTRIBUTES.MAXUNDERWATERTRAVELCOST.NAME"
"DUPLICANTS.ATTRIBUTES"	"Critter Metabolism"	"新陳代謝"	"STRINGS.DUPLICANTS.ATTRIBUTES.METABOLISM.NAME"
"DUPLICANTS.ATTRIBUTES"	"Light"	"照明"	"STRINGS.DUPLICANTS.ATTRIBUTES.MINLIGHTLUX.NAME"
"DUPLICANTS.ATTRIBUTES"	"Minimum Radiation"	"最低輻射"	"STRINGS.DUPLICANTS.ATTRIBUTES.MINRADIATIONTHRESHOLD.NAME"
"DUPLICANTS.ATTRIBUTES"	"Overheat Temperature"	"過熱溫度"	"STRINGS.DUPLICANTS.ATTRIBUTES.OVERHEATTEMPERATURE.NAME"
"DUPLICANTS.ATTRIBUTES"	"Morale"	"士氣"	"STRINGS.DUPLICANTS.ATTRIBUTES.QUALITYOFLIFE.NAME"
"DUPLICANTS.ATTRIBUTES"	"Morale Need"	"士氣需求"	"STRINGS.DUPLICANTS.ATTRIBUTES.QUALITYOFLIFEEXPECTATION.NAME"
"DUPLICANTS.ATTRIBUTES"	"Absorbed Radiation Dose"	"吸收輻射劑量"	"STRINGS.DUPLICANTS.ATTRIBUTES.RADIATIONBALANCEDELTA.NAME"
"DUPLICANTS.ATTRIBUTES"	"Radiation Absorption"	"輻射吸收"	"STRINGS.DUPLICANTS.ATTRIBUTES.RADIATIONRECOVERY.NAME"
"DUPLICANTS.ATTRIBUTES"	"Radiation Resistance"	"輻射抗性"	"STRINGS.DUPLICANTS.ATTRIBUTES.RADIATIONRESISTANCE.NAME"
"DUPLICANTS.ATTRIBUTES"	"Husbandry"	"畜牧"	"STRINGS.DUPLICANTS.ATTRIBUTES.RANCHING.NAME"
"DUPLICANTS.ATTRIBUTES"	"Burden"	"載重"	"STRINGS.DUPLICANTS.ATTRIBUTES.ROCKETBURDEN.NAME"
"DUPLICANTS.ATTRIBUTES"	"Engine Power"	"引擎功率"	"STRINGS.DUPLICANTS.ATTRIBUTES.ROCKETENGINEPOWER.NAME"
"DUPLICANTS.ATTRIBUTES"	"Temperature Preference"	"溫度偏好"	"STRINGS.DUPLICANTS.ATTRIBUTES.ROOMTEMPERATUREPREFERENCE.NAME"
"DUPLICANTS.ATTRIBUTES"	"Scalding Threshold"	"燙傷臨界值"	"STRINGS.DUPLICANTS.ATTRIBUTES.SCALDINGTHRESHOLD.NAME"
"DUPLICANTS.ATTRIBUTES"	"Frostbite Threshold"	"凍傷臨界值"	"STRINGS.DUPLICANTS.ATTRIBUTES.SCOLDINGTHRESHOLD.NAME"
"DUPLICANTS.ATTRIBUTES"	"Sneeziness"	"噴嚏"	"STRINGS.DUPLICANTS.ATTRIBUTES.SNEEZYNESS.NAME"
"DUPLICANTS.ATTRIBUTES"	"Piloting"	"駕駛"	"STRINGS.DUPLICANTS.ATTRIBUTES.SPACENAVIGATION.NAME"
"DUPLICANTS.ATTRIBUTES"	"Stamina"	"耐力"	"STRINGS.DUPLICANTS.ATTRIBUTES.STAMINADELTA.NAME"
"DUPLICANTS.ATTRIBUTES"	"Strength"	"力量"	"STRINGS.DUPLICANTS.ATTRIBUTES.STRENGTH.NAME"
"DUPLICANTS.ATTRIBUTES"	"Stress"	"壓力"	"STRINGS.DUPLICANTS.ATTRIBUTES.STRESSDELTA.NAME"
"DUPLICANTS.ATTRIBUTES"	"Insulation Thickness"	"絕緣厚度"	"STRINGS.DUPLICANTS.ATTRIBUTES.THERMALCONDUCTIVITYBARRIER.NAME"
"DUPLICANTS.ATTRIBUTES"	"Toggle"	"切換"	"STRINGS.DUPLICANTS.ATTRIBUTES.TOGGLE.NAME"
"DUPLICANTS.ATTRIBUTES"	"Bathroom Use Speed"	"如廁速度"	"STRINGS.DUPLICANTS.ATTRIBUTES.TOILETEFFICIENCY.NAME"
"DUPLICANTS.ATTRIBUTES"	"Toxicity"	"有毒的"	"STRINGS.DUPLICANTS.ATTRIBUTES.TOXICITYDELTA.NAME"
"DUPLICANTS.ATTRIBUTES"	"Transit Speed"	"運載速度"	"STRINGS.DUPLICANTS.ATTRIBUTES.TRANSITTUBETRAVELSPEED.NAME"
"DUPLICANTS.ATTRIBUTES"	"Viable Temperature Range"	"生長溫度範圍"	"STRINGS.DUPLICANTS.ATTRIBUTES.WILTTEMPRANGEMOD.NAME"
"DUPLICANTS.ATTRIBUTES"	"Yield Amount"	"產量"	"STRINGS.DUPLICANTS.ATTRIBUTES.YIELDAMOUNT.NAME"
"DUPLICANTS.CHOREGROUPS"	"Decorating"	"裝飾"	"STRINGS.DUPLICANTS.CHOREGROUPS.ART.NAME"
"DUPLICANTS.CHOREGROUPS"	"Tidying"	"清潔"	"STRINGS.DUPLICANTS.CHOREGROUPS.BASEKEEPING.NAME"
"DUPLICANTS.CHOREGROUPS"	"Building"	"建造"	"STRINGS.DUPLICANTS.CHOREGROUPS.BUILD.NAME"
"DUPLICANTS.CHOREGROUPS"	"Cooking"	"料理"	"STRINGS.DUPLICANTS.CHOREGROUPS.COOK.NAME"
"DUPLICANTS.CHOREGROUPS"	"Digging"	"挖掘"	"STRINGS.DUPLICANTS.CHOREGROUPS.DIG.NAME"
"DUPLICANTS.CHOREGROUPS"	"Farming"	"耕種"	"STRINGS.DUPLICANTS.CHOREGROUPS.FARMING.NAME"
"DUPLICANTS.CHOREGROUPS"	"Supplying"	"供應"	"STRINGS.DUPLICANTS.CHOREGROUPS.HAULING.NAME"
"DUPLICANTS.CHOREGROUPS"	"Operating"	"操作"	"STRINGS.DUPLICANTS.CHOREGROUPS.MACHINEOPERATING.NAME"
"DUPLICANTS.CHOREGROUPS"	"Relaxing"	"放鬆"	"STRINGS.DUPLICANTS.CHOREGROUPS.MASSAGE.NAME"
"DUPLICANTS.CHOREGROUPS"	"Doctoring"	"治療"	"STRINGS.DUPLICANTS.CHOREGROUPS.MEDICALAID.NAME"
"DUPLICANTS.CHOREGROUPS"	"Ranching"	"畜牧"	"STRINGS.DUPLICANTS.CHOREGROUPS.RANCHING.NAME"
"DUPLICANTS.CHOREGROUPS"	"Repairing"	"修理"	"STRINGS.DUPLICANTS.CHOREGROUPS.REPAIR.NAME"
"DUPLICANTS.CHOREGROUPS"	"Researching"	"研究"	"STRINGS.DUPLICANTS.CHOREGROUPS.RESEARCH.NAME"
"DUPLICANTS.CHOREGROUPS"	"Rocketry"	"火箭"	"STRINGS.DUPLICANTS.CHOREGROUPS.ROCKETRY.NAME"
"DUPLICANTS.CHOREGROUPS"	"Storing"	"儲存"	"STRINGS.DUPLICANTS.CHOREGROUPS.STORAGE.NAME"
"DUPLICANTS.CHOREGROUPS"	"Toggling"	"設定"	"STRINGS.DUPLICANTS.CHOREGROUPS.TOGGLE.NAME"
"DUPLICANTS.CHORES"	"Artifact Analysis"	"文物分析"	"STRINGS.DUPLICANTS.CHORES.ANALYZEARTIFACT.NAME"
"DUPLICANTS.CHORES"	"Seed Analysis"	"種子分析"	"STRINGS.DUPLICANTS.CHORES.ANALYZESEED.NAME"
"DUPLICANTS.CHORES"	"Arm Trap"	"佈置陷阱"	"STRINGS.DUPLICANTS.CHORES.ARMTRAP.NAME"
"DUPLICANTS.CHORES"	"Decorate"	"裝飾"	"STRINGS.DUPLICANTS.CHORES.ART.NAME"
"DUPLICANTS.CHORES"	"Space Mission"	"太空任務"	"STRINGS.DUPLICANTS.CHORES.ASTRONAUT.NAME"
"DUPLICANTS.CHORES"	"Attack"	"攻擊"	"STRINGS.DUPLICANTS.CHORES.ATTACK.NAME"
"DUPLICANTS.CHORES"	"Banshee Wail"	"女妖哀嚎"	"STRINGS.DUPLICANTS.CHORES.BANSHEE_WAIL.NAME"
"DUPLICANTS.CHORES"	"Incapacitated"	"喪失工作能力"	"STRINGS.DUPLICANTS.CHORES.BEINCAPACITATED.NAME"
"DUPLICANTS.CHORES"	"Powerless"	"電力不足"	"STRINGS.DUPLICANTS.CHORES.BEOFFLINE.NAME"
"DUPLICANTS.CHORES"	"Binge Eat"	"暴食"	"STRINGS.DUPLICANTS.CHORES.BINGE_EAT.NAME"
"DUPLICANTS.CHORES"	"Refill Oxygen Tank"	"補充氧氣罐"	"STRINGS.DUPLICANTS.CHORES.BIONICABSORBOXYGEN.NAME"
"DUPLICANTS.CHORES"	"Urgent Oxygen Refill"	"緊急氧氣補充"	"STRINGS.DUPLICANTS.CHORES.BIONICABSORBOXYGENCRITICAL.NAME"
"DUPLICANTS.CHORES"	"Defragment"	"重組"	"STRINGS.DUPLICANTS.CHORES.BIONICBEDTIMEMODE.NAME"
"DUPLICANTS.CHORES"	"Downtime: Use Toilet"	"休息時間：使用廁所"	"STRINGS.DUPLICANTS.CHORES.BREAK_PEE.NAME"
"DUPLICANTS.CHORES"	"Build"	"建造"	"STRINGS.DUPLICANTS.CHORES.BUILD.NAME"
"DUPLICANTS.CHORES"	"Construction Dig"	"建造挖掘"	"STRINGS.DUPLICANTS.CHORES.BUILDDIG.NAME"
"DUPLICANTS.CHORES"	"Construction Supply"	"建造支援"	"STRINGS.DUPLICANTS.CHORES.BUILDFETCH.NAME"
"DUPLICANTS.CHORES"	"Construction Uproot"	"整地剷除"	"STRINGS.DUPLICANTS.CHORES.BUILDUPROOT.NAME"
"DUPLICANTS.CHORES"	"Wrangle"	"捕捉"	"STRINGS.DUPLICANTS.CHORES.CAPTURE.NAME"
"DUPLICANTS.CHORES"	"Wait at Checkpoint"	"在檢查點等待"	"STRINGS.DUPLICANTS.CHORES.CHECKPOINT.NAME"
"DUPLICANTS.CHORES"	"Clean Outhouse"	"清理茅廁"	"STRINGS.DUPLICANTS.CHORES.CLEANTOILET.NAME"
"DUPLICANTS.CHORES"	"Compound Medicine"	"配藥"	"STRINGS.DUPLICANTS.CHORES.COMPOUND.NAME"
"DUPLICANTS.CHORES"	"Cook"	"料理"	"STRINGS.DUPLICANTS.CHORES.COOK.NAME"
"DUPLICANTS.CHORES"	"Cook Supply"	"料理支援"	"STRINGS.DUPLICANTS.CHORES.COOKFETCH.NAME"
"DUPLICANTS.CHORES"	"Cool Off"	"降溫"	"STRINGS.DUPLICANTS.CHORES.COOLDOWN.NAME"
"DUPLICANTS.CHORES"	"Cough"	"咳嗽"	"STRINGS.DUPLICANTS.CHORES.COUGH.NAME"
"DUPLICANTS.CHORES"	"Tend"	"照料"	"STRINGS.DUPLICANTS.CHORES.CROP_TEND.NAME"
"DUPLICANTS.CHORES"	"DebugGoTo"	"[除錯] 移動到"	"STRINGS.DUPLICANTS.CHORES.DEBUGGOTO.NAME"
"DUPLICANTS.CHORES"	"Deconstruct"	"拆除"	"STRINGS.DUPLICANTS.CHORES.DECONSTRUCT.NAME"
"DUPLICANTS.CHORES"	"Deliver Food"	"運送食物"	"STRINGS.DUPLICANTS.CHORES.DELIVERFOOD.NAME"
"DUPLICANTS.CHORES"	"Demolish"	"拆毀遺跡"	"STRINGS.DUPLICANTS.CHORES.DEMOLISH.NAME"
"DUPLICANTS.CHORES"	"Depressurize Well"	"舒壓油井"	"STRINGS.DUPLICANTS.CHORES.DEPRESSURIZE.NAME"
"DUPLICANTS.CHORES"	"Die"	"死亡"	"STRINGS.DUPLICANTS.CHORES.DIE.NAME"
"DUPLICANTS.CHORES"	"Dig"	"挖掘"	"STRINGS.DUPLICANTS.CHORES.DIG.NAME"
"DUPLICANTS.CHORES"	"Treat Patient"	"治療病人"	"STRINGS.DUPLICANTS.CHORES.DOCTOR.NAME"
"DUPLICANTS.CHORES"	"Medical Supply"	"醫療補給"	"STRINGS.DUPLICANTS.CHORES.DOCTORFETCH.NAME"
"DUPLICANTS.CHORES"	"Drop Inventory"	"丟棄物品"	"STRINGS.DUPLICANTS.CHORES.DROPUNUSEDINVENTORY.NAME"
"DUPLICANTS.CHORES"	"Eat"	"用餐"	"STRINGS.DUPLICANTS.CHORES.EAT.NAME"
"DUPLICANTS.CHORES"	"Express Themselves"	"表達自我"	"STRINGS.DUPLICANTS.CHORES.EMOTEHIGHPRIORITY.NAME"
"DUPLICANTS.CHORES"	"Empty Desalinator"	"清空海水淡化機"	"STRINGS.DUPLICANTS.CHORES.EMPTYDESALINATOR.NAME"
"DUPLICANTS.CHORES"	"Empty Storage"	"清空儲存"	"STRINGS.DUPLICANTS.CHORES.EMPTYSTORAGE.NAME"
"DUPLICANTS.CHORES"	"Equip"	"裝備"	"STRINGS.DUPLICANTS.CHORES.EQUIP.NAME"
"DUPLICANTS.CHORES"	"Store Equipment"	"儲存裝備"	"STRINGS.DUPLICANTS.CHORES.EQUIPMENTFETCH.NAME"
"DUPLICANTS.CHORES"	"Equip Exosuit"	"裝備太空衣"	"STRINGS.DUPLICANTS.CHORES.EQUIPPINGSUIT.NAME"
"DUPLICANTS.CHORES"	"Excavate Fossil"	"發掘化石"	"STRINGS.DUPLICANTS.CHORES.EXCAVATEFOSSIL.NAME"
"DUPLICANTS.CHORES"	"Expel Gunk"	"排出黏渣"	"STRINGS.DUPLICANTS.CHORES.EXPELLGUNK.NAME"
"DUPLICANTS.CHORES"	"Fabricate"	"製作"	"STRINGS.DUPLICANTS.CHORES.FABRICATE.NAME"
"DUPLICANTS.CHORES"	"Fabrication Supply"	"製造供應"	"STRINGS.DUPLICANTS.CHORES.FABRICATEFETCH.NAME"
"DUPLICANTS.CHORES"	"Farming Supply"	"耕種供應"	"STRINGS.DUPLICANTS.CHORES.FARMFETCH.NAME"
"DUPLICANTS.CHORES"	"Deliver"	"運送"	"STRINGS.DUPLICANTS.CHORES.FETCH.NAME"
"DUPLICANTS.CHORES"	"Relocate Critter"	"移動小動物"	"STRINGS.DUPLICANTS.CHORES.FETCHCREATURE.NAME"
"DUPLICANTS.CHORES"	"Life Support Supply"	"維生供應"	"STRINGS.DUPLICANTS.CHORES.FETCHCRITICAL.NAME"
"DUPLICANTS.CHORES"	"Ranching Supply"	"畜牧供應"	"STRINGS.DUPLICANTS.CHORES.FETCHRANCHING.NAME"
"DUPLICANTS.CHORES"	"Seek Oxygen Refill"	"尋找氧氣補充"	"STRINGS.DUPLICANTS.CHORES.FINDOXYGENSOURCEITEM.NAME"
"DUPLICANTS.CHORES"	"Flee"	"逃離"	"STRINGS.DUPLICANTS.CHORES.FLEE.NAME"
"DUPLICANTS.CHORES"	"Flip"	"翻動堆肥"	"STRINGS.DUPLICANTS.CHORES.FLIPCOMPOST.NAME"
"DUPLICANTS.CHORES"	"Sleep on Floor"	"睡在地板上"	"STRINGS.DUPLICANTS.CHORES.FLOORSLEEP.NAME"
"DUPLICANTS.CHORES"	"Store Food"	"儲存食物"	"STRINGS.DUPLICANTS.CHORES.FOODFETCH.NAME"
"DUPLICANTS.CHORES"	"Generate Power"	"發電"	"STRINGS.DUPLICANTS.CHORES.GENERATEPOWER.NAME"
"DUPLICANTS.CHORES"	"Use Neural Vacillator"	"使用神經振盪器"	"STRINGS.DUPLICANTS.CHORES.GENESHUFFLE.NAME"
"DUPLICANTS.CHORES"	"Visit Doctor"	"看醫生"	"STRINGS.DUPLICANTS.CHORES.GETDOCTORED.NAME"
"DUPLICANTS.CHORES"	"Harvest"	"收成"	"STRINGS.DUPLICANTS.CHORES.HARVEST.NAME"
"DUPLICANTS.CHORES"	"Heal"	"治療"	"STRINGS.DUPLICANTS.CHORES.HEAL.NAME"
"DUPLICANTS.CHORES"	"Hug"	"擁抱"	"STRINGS.DUPLICANTS.CHORES.HUG.NAME"
"DUPLICANTS.CHORES"	"Use Fan"	"使用風扇"	"STRINGS.DUPLICANTS.CHORES.ICECOOLEDFAN.NAME"
"DUPLICANTS.CHORES"	"Joy Reaction"	"喜悅反應"	"STRINGS.DUPLICANTS.CHORES.JOYREACTION.NAME"
"DUPLICANTS.CHORES"	"Learn Skill"	"學習技能"	"STRINGS.DUPLICANTS.CHORES.LEARNSKILL.NAME"
"DUPLICANTS.CHORES"	"Operational Supply"	"操作供應"	"STRINGS.DUPLICANTS.CHORES.MACHINEFETCH.NAME"
"DUPLICANTS.CHORES"	"Use Teleporter"	"使用傳送門"	"STRINGS.DUPLICANTS.CHORES.MIGRATE.NAME"
"DUPLICANTS.CHORES"	"Mop"	"擦地"	"STRINGS.DUPLICANTS.CHORES.MOP.NAME"
"DUPLICANTS.CHORES"	"Mourn"	"哀悼"	"STRINGS.DUPLICANTS.CHORES.MOURN.NAME"
"DUPLICANTS.CHORES"	"Move to"	"移動到"	"STRINGS.DUPLICANTS.CHORES.MOVETO.NAME"
"DUPLICANTS.CHORES"	"Move to Quarantine"	"移動到隔離區"	"STRINGS.DUPLICANTS.CHORES.MOVETOQUARANTINE.NAME"
"DUPLICANTS.CHORES"	"Find Safe Area"	"尋找安全區"	"STRINGS.DUPLICANTS.CHORES.MOVETOSAFETY.NAME"
"DUPLICANTS.CHORES"	"Mush"	"壓製"	"STRINGS.DUPLICANTS.CHORES.MUSH.NAME"
"DUPLICANTS.CHORES"	"Narcoleptic Nap"	"嗜睡性小睡"	"STRINGS.DUPLICANTS.CHORES.NARCOLEPSY.NAME"
"DUPLICANTS.CHORES"	"Refill Oil"	"補充油"	"STRINGS.DUPLICANTS.CHORES.OILCHANGE.NAME"
"DUPLICANTS.CHORES"	"Party"	"派對"	"STRINGS.DUPLICANTS.CHORES.PARTY.NAME"
"DUPLICANTS.CHORES"	"Relieve Self"	"解放自我"	"STRINGS.DUPLICANTS.CHORES.PEE.NAME"
"DUPLICANTS.CHORES"	"Tinker"	"微調"	"STRINGS.DUPLICANTS.CHORES.POWER_TINKER.NAME"
"DUPLICANTS.CHORES"	"Power Supply"	"發電供應"	"STRINGS.DUPLICANTS.CHORES.POWERFETCH.NAME"
"DUPLICANTS.CHORES"	"Process Critter"	"處理小動物"	"STRINGS.DUPLICANTS.CHORES.PROCESSCRITTER.NAME"
"DUPLICANTS.CHORES"	"Radiation Aches"	"輻射痛"	"STRINGS.DUPLICANTS.CHORES.RADIATIONPAIN.NAME"
"DUPLICANTS.CHORES"	"Ranch"	"畜牧"	"STRINGS.DUPLICANTS.CHORES.RANCH.NAME"
"DUPLICANTS.CHORES"	"Recharge Equipment"	"補充裝備"	"STRINGS.DUPLICANTS.CHORES.RECHARGE.NAME"
"DUPLICANTS.CHORES"	"Recover Breath"	"恢復呼吸"	"STRINGS.DUPLICANTS.CHORES.RECOVERBREATH.NAME"
"DUPLICANTS.CHORES"	"Recover from Heat"	"從過熱中恢復"	"STRINGS.DUPLICANTS.CHORES.RECOVERFROMHEAT.NAME"
"DUPLICANTS.CHORES"	"Recover from Cold"	"從過冷中恢復"	"STRINGS.DUPLICANTS.CHORES.RECOVERWARMTH.NAME"
"DUPLICANTS.CHORES"	"Relax"	"放鬆"	"STRINGS.DUPLICANTS.CHORES.RELAX.NAME"
"DUPLICANTS.CHORES"	"Power Up"	"充電"	"STRINGS.DUPLICANTS.CHORES.RELOADELECTROBANK.NAME"
"DUPLICANTS.CHORES"	"Relocate"	"移動"	"STRINGS.DUPLICANTS.CHORES.RELOCATE.NAME"
"DUPLICANTS.CHORES"	"Remote Work"	"遠距作業"	"STRINGS.DUPLICANTS.CHORES.REMOTEWORK.NAME"
"DUPLICANTS.CHORES"	"Repair"	"修理"	"STRINGS.DUPLICANTS.CHORES.REPAIR.NAME"
"DUPLICANTS.CHORES"	"Repair Supply"	"修理供應"	"STRINGS.DUPLICANTS.CHORES.REPAIRFETCH.NAME"
"DUPLICANTS.CHORES"	"Rescue Friend"	"搶救朋友"	"STRINGS.DUPLICANTS.CHORES.RESCUEINCAPACITATED.NAME"
"DUPLICANTS.CHORES"	"Research"	"研究"	"STRINGS.DUPLICANTS.CHORES.RESEARCH.NAME"
"DUPLICANTS.CHORES"	"Research Supply"	"研究供應"	"STRINGS.DUPLICANTS.CHORES.RESEARCHFETCH.NAME"
"DUPLICANTS.CHORES"	"Rest"	"休息"	"STRINGS.DUPLICANTS.CHORES.RESTDUETODISEASE.NAME"
"DUPLICANTS.CHORES"	"Dock Exosuit"	"存放太空衣"	"STRINGS.DUPLICANTS.CHORES.RETURNSUIT.NAME"
"DUPLICANTS.CHORES"	"Rocket Control"	"火箭控制"	"STRINGS.DUPLICANTS.CHORES.ROCKETCONTROL.NAME"
"DUPLICANTS.CHORES"	"Rocket Recrewing"	"火箭招募"	"STRINGS.DUPLICANTS.CHORES.ROCKETENTEREXIT.NAME"
"DUPLICANTS.CHORES"	"Scrub Ore"	"洗礦"	"STRINGS.DUPLICANTS.CHORES.SCRUBORE.NAME"
"DUPLICANTS.CHORES"	"Retrieve Booster"	"取用加速器"	"STRINGS.DUPLICANTS.CHORES.SEEKANDINSTALLUPGRADE.NAME"
"DUPLICANTS.CHORES"	"Sigh"	"嘆氣"	"STRINGS.DUPLICANTS.CHORES.SIGH.NAME"
"DUPLICANTS.CHORES"	"Sing To Egg"	"唱歌給蛋聽"	"STRINGS.DUPLICANTS.CHORES.SINGTOEGG.NAME"
"DUPLICANTS.CHORES"	"Sleep"	"睡覺"	"STRINGS.DUPLICANTS.CHORES.SLEEP.NAME"
"DUPLICANTS.CHORES"	"Slip"	"失足"	"STRINGS.DUPLICANTS.CHORES.SLIP.NAME"
"DUPLICANTS.CHORES"	"Store Materials"	"儲存材料"	"STRINGS.DUPLICANTS.CHORES.STORAGEFETCH.NAME"
"DUPLICANTS.CHORES"	"Lash Out"	"壓力爆發"	"STRINGS.DUPLICANTS.CHORES.STRESSACTINGOUT.NAME"
"DUPLICANTS.CHORES"	"De-Stress"	"壓力降低"	"STRINGS.DUPLICANTS.CHORES.STRESSHEAL.NAME"
"DUPLICANTS.CHORES"	"Antsy"	"坐立不安"	"STRINGS.DUPLICANTS.CHORES.STRESSIDLE.NAME"
"DUPLICANTS.CHORES"	"Shock"	"漏電"	"STRINGS.DUPLICANTS.CHORES.STRESSSHOCK.NAME"
"DUPLICANTS.CHORES"	"Stress Vomit"	"嘔吐"	"STRINGS.DUPLICANTS.CHORES.STRESSVOMIT.NAME"
"DUPLICANTS.CHORES"	"Take Medicine"	"吃藥"	"STRINGS.DUPLICANTS.CHORES.TAKEMEDICINE.NAME"
"DUPLICANTS.CHORES"	"Ponder"	"思考"	"STRINGS.DUPLICANTS.CHORES.THINKING.NAME"
"DUPLICANTS.CHORES"	"Change Setting"	"改變設定"	"STRINGS.DUPLICANTS.CHORES.TOGGLE.NAME"
"DUPLICANTS.CHORES"	"Train"	"培訓"	"STRINGS.DUPLICANTS.CHORES.TRAIN.NAME"
"DUPLICANTS.CHORES"	"Sweep"	"打掃"	"STRINGS.DUPLICANTS.CHORES.TRANSPORT.NAME"
"DUPLICANTS.CHORES"	"Enter Transit Tube"	"進入運輸管道"	"STRINGS.DUPLICANTS.CHORES.TRAVELTUBEENTRANCE.NAME"
"DUPLICANTS.CHORES"	"Ugly Cry"	"哭泣"	"STRINGS.DUPLICANTS.CHORES.UGLY_CRY.NAME"
"DUPLICANTS.CHORES"	"Unequip"	"解除裝備"	"STRINGS.DUPLICANTS.CHORES.UNEQUIP.NAME"
"DUPLICANTS.CHORES"	"Unlearn Skills"	"忘記技能"	"STRINGS.DUPLICANTS.CHORES.UNLEARNSKILL.NAME"
"DUPLICANTS.CHORES"	"Offload"	"解除安裝"	"STRINGS.DUPLICANTS.CHORES.UNLOADELECTROBANK.NAME"
"DUPLICANTS.CHORES"	"Uproot"	"剷除"	"STRINGS.DUPLICANTS.CHORES.UPROOT.NAME"
"DUPLICANTS.CHORES"	"Use Toilet"	"使用廁所"	"STRINGS.DUPLICANTS.CHORES.USETOILET.NAME"
"DUPLICANTS.CHORES"	"Vomit"	"嘔吐"	"STRINGS.DUPLICANTS.CHORES.VOMIT.NAME"
"DUPLICANTS.CHORES"	"Warm Up"	"暖身"	"STRINGS.DUPLICANTS.CHORES.WARMUP.NAME"
"DUPLICANTS.CHORES"	"Wash Hands"	"洗手"	"STRINGS.DUPLICANTS.CHORES.WASHHANDS.NAME"
"DUPLICANTS.CHORES"	"Glitch"	"故障"	"STRINGS.DUPLICANTS.CHORES.WATERDAMAGEZAP.NAME"
"DUPLICANTS.CONGENITALTRAITS"	"Fastidious"	"挑剔的"	"STRINGS.DUPLICANTS.CONGENITALTRAITS.ELLIE.NAME"
"DUPLICANTS.CONGENITALTRAITS"	"Cheery Disposition"	"性格開朗"	"STRINGS.DUPLICANTS.CONGENITALTRAITS.JOSHUA.NAME"
"DUPLICANTS.CONGENITALTRAITS"	"Germaphobe"	"病菌恐慌"	"STRINGS.DUPLICANTS.CONGENITALTRAITS.LIAM.NAME"
"DUPLICANTS.CONGENITALTRAITS"	"None"	"無"	"STRINGS.DUPLICANTS.CONGENITALTRAITS.NONE.NAME"
"DUPLICANTS.CONGENITALTRAITS"	"Stinkiness"	"體味重"	"STRINGS.DUPLICANTS.CONGENITALTRAITS.STINKY.NAME"
"DUPLICANTS.DEATHS"	"Slain"	"被殺死的"	"STRINGS.DUPLICANTS.DEATHS.COMBAT.NAME"
"DUPLICANTS.DEATHS"	"Drowned"	"淹死的"	"STRINGS.DUPLICANTS.DEATHS.DROWNED.NAME"
"DUPLICANTS.DEATHS"	"Explosion"	"炸死的"	"STRINGS.DUPLICANTS.DEATHS.EXPLOSION.NAME"
"DUPLICANTS.DEATHS"	"Succumbed to Disease"	"病死的"	"STRINGS.DUPLICANTS.DEATHS.FATALDISEASE.NAME"
"DUPLICANTS.DEATHS"	"Frozen"	"凍死的"	"STRINGS.DUPLICANTS.DEATHS.FROZEN.NAME"
"DUPLICANTS.DEATHS"	"Death"	"死亡的"	"STRINGS.DUPLICANTS.DEATHS.GENERIC.NAME"
"DUPLICANTS.DEATHS"	"Struck by Radbolt"	"被輻射粒子擊中"	"STRINGS.DUPLICANTS.DEATHS.HITBYHIGHENERGYPARTICLE.NAME"
"DUPLICANTS.DEATHS"	"Overheated"	"熱死的"	"STRINGS.DUPLICANTS.DEATHS.OVERHEATING.NAME"
"DUPLICANTS.DEATHS"	"Irradiated"	"輻射致死"	"STRINGS.DUPLICANTS.DEATHS.RADIATION.NAME"
"DUPLICANTS.DEATHS"	"Starvation"	"餓死的"	"STRINGS.DUPLICANTS.DEATHS.STARVATION.NAME"
"DUPLICANTS.DEATHS"	"Suffocation"	"窒息死的"	"STRINGS.DUPLICANTS.DEATHS.SUFFOCATION.NAME"
"DUPLICANTS.DISEASES"	"All Diseases"	"所有疾病"	"STRINGS.DUPLICANTS.DISEASES.ALLDISEASES.NAME"
"DUPLICANTS.DISEASES"	"Allergic Reaction"	"過敏反應"	"STRINGS.DUPLICANTS.DISEASES.ALLERGIES.NAME"
"DUPLICANTS.DISEASES"	"Food Poisoning"	"腸病毒"	"STRINGS.DUPLICANTS.DISEASES.FOODPOISONING.NAME"
"DUPLICANTS.DISEASES"	"NO"	"無"	"STRINGS.DUPLICANTS.DISEASES.NODISEASES.NAME"
"DUPLICANTS.DISEASES"	"Floral Scent"	"花粉症"	"STRINGS.DUPLICANTS.DISEASES.POLLENGERMS.NAME"
"DUPLICANTS.DISEASES"	"Trench Stench"	"臭水溝"	"STRINGS.DUPLICANTS.DISEASES.PUTRIDODOUR.NAME"
"DUPLICANTS.DISEASES"	"Radioactive Contamination"	"輻射汙染"	"STRINGS.DUPLICANTS.DISEASES.RADIATIONPOISONING.NAME"
"DUPLICANTS.DISEASES"	"Radioactive Contaminants"	"輻射汙染"	"STRINGS.DUPLICANTS.DISEASES.RADIATIONSICKNESS.NAME"
"DUPLICANTS.DISEASES"	"Slimelung"	"黏液肺"	"STRINGS.DUPLICANTS.DISEASES.SLIMELUNG.NAME"
"DUPLICANTS.DISEASES"	"Sunburn"	"曬傷"	"STRINGS.DUPLICANTS.DISEASES.SUNBURNSICKNESS.NAME"
"DUPLICANTS.DISEASES"	"Zombie Spores"	"殭屍孢子"	"STRINGS.DUPLICANTS.DISEASES.ZOMBIESICKNESS.NAME"
"DUPLICANTS.GENDER"	"F"	"女性"	"STRINGS.DUPLICANTS.GENDER.FEMALE.NAME"
"DUPLICANTS.GENDER"	"M"	"男性"	"STRINGS.DUPLICANTS.GENDER.MALE.NAME"
"DUPLICANTS.GENDER"	"X"	"中性"	"STRINGS.DUPLICANTS.GENDER.NB.NAME"
"DUPLICANTS.MODEL"	"Bionic Duplicant"	"仿生複製人"	"STRINGS.DUPLICANTS.MODEL.BIONIC.NAME"
"DUPLICANTS.MODEL"	"Remote Worker"	"遙控機器人"	"STRINGS.DUPLICANTS.MODEL.REMOTEWORKER.NAME"
"DUPLICANTS.MODEL"	"Standard Duplicant"	"標準複製人"	"STRINGS.DUPLICANTS.MODEL.STANDARD.NAME"
"DUPLICANTS.MODIFIERS"	"New Hope"	"新的希望"	"STRINGS.DUPLICANTS.MODIFIERS.ANEWHOPE.NAME"
"DUPLICANTS.MODIFIERS"	"Gaming"	"遊戲中"	"STRINGS.DUPLICANTS.MODIFIERS.ARCADEPLAYING.NAME"
"DUPLICANTS.MODIFIERS"	"Ate frozen food"	"吃了冷凍的食物"	"STRINGS.DUPLICANTS.MODIFIERS.ATEFROZENFOOD.NAME"
"DUPLICANTS.MODIFIERS"	"Unrested: Too Bright"	"睡不著：太亮"	"STRINGS.DUPLICANTS.MODIFIERS.BADSLEEP.NAME"
"DUPLICANTS.MODIFIERS"	"Unrested: Afraid of Dark"	"睡不著：害怕黑暗"	"STRINGS.DUPLICANTS.MODIFIERS.BADSLEEPAFRAIDOFDARK.NAME"
"DUPLICANTS.MODIFIERS"	"Unrested: Cold Bedroom"	"睡不著：寒冷臥室"	"STRINGS.DUPLICANTS.MODIFIERS.BADSLEEPCOLD.NAME"
"DUPLICANTS.MODIFIERS"	"Unrested: Bed Jostling"	"睡不著：床在晃動"	"STRINGS.DUPLICANTS.MODIFIERS.BADSLEEPMOVEMENT.NAME"
"DUPLICANTS.MODIFIERS"	"Deafening Shriek"	"震耳欲聾的尖叫"	"STRINGS.DUPLICANTS.MODIFIERS.BANSHEE_WAILING.NAME"
"DUPLICANTS.MODIFIERS"	"Guzzling Air"	"尖嘯的空氣"	"STRINGS.DUPLICANTS.MODIFIERS.BANSHEE_WAILING_RECOVERY.NAME"
"DUPLICANTS.MODIFIERS"	"Barracks"	"臥室"	"STRINGS.DUPLICANTS.MODIFIERS.BARRACKSSTAMINA.NAME"
"DUPLICANTS.MODIFIERS"	"Base Decay Rate"	"基礎腐敗率"	"STRINGS.DUPLICANTS.MODIFIERS.BASEROT.NAME"
"DUPLICANTS.MODIFIERS"	"Sun Kissed"	"日光浴"	"STRINGS.DUPLICANTS.MODIFIERS.BEACHCHAIRLIT.NAME"
"DUPLICANTS.MODIFIERS"	"Totally Chill"	"完全放鬆"	"STRINGS.DUPLICANTS.MODIFIERS.BEACHCHAIRRELAXING.NAME"
"DUPLICANTS.MODIFIERS"	"Passably Relaxed"	"相當放鬆"	"STRINGS.DUPLICANTS.MODIFIERS.BEACHCHAIRUNLIT.NAME"
"DUPLICANTS.MODIFIERS"	"Bed Rest"	"床上休息"	"STRINGS.DUPLICANTS.MODIFIERS.BEDHEALTH.NAME"
"DUPLICANTS.MODIFIERS"	"Private Bedroom"	"私人臥室"	"STRINGS.DUPLICANTS.MODIFIERS.BEDROOMSTAMINA.NAME"
"DUPLICANTS.MODIFIERS"	"Sleeping in a cot"	"睡在簡易床上"	"STRINGS.DUPLICANTS.MODIFIERS.BEDSTAMINA.NAME"
"DUPLICANTS.MODIFIERS"	"Insatiable Hunger"	"無法滿足的飢餓"	"STRINGS.DUPLICANTS.MODIFIERS.BINGE_EATING.NAME"
"DUPLICANTS.MODIFIERS"	"Wattage"	"功率"	"STRINGS.DUPLICANTS.MODIFIERS.BIONIC_WATTS.NAME"
"DUPLICANTS.MODIFIERS"	"Defragmenting"	"重組中"	"STRINGS.DUPLICANTS.MODIFIERS.BIONICBEDTIMEEFFECT.NAME"
"DUPLICANTS.MODIFIERS"	"Deadly Radiation Sickness"	"致命輻射病"	"STRINGS.DUPLICANTS.MODIFIERS.BIONICRADIATIONEXPOSUREDEADLY.NAME"
"DUPLICANTS.MODIFIERS"	"Extreme Radiation Sickness"	"極端輻射病"	"STRINGS.DUPLICANTS.MODIFIERS.BIONICRADIATIONEXPOSUREEXTREME.NAME"
"DUPLICANTS.MODIFIERS"	"Major Radiation Sickness"	"嚴重輻射病"	"STRINGS.DUPLICANTS.MODIFIERS.BIONICRADIATIONEXPOSUREMAJOR.NAME"
"DUPLICANTS.MODIFIERS"	"Minor Radiation Sickness"	"輕微輻射病"	"STRINGS.DUPLICANTS.MODIFIERS.BIONICRADIATIONEXPOSUREMINOR.NAME"
"DUPLICANTS.MODIFIERS"	"Liquid Exposure"	"暴露在液體中"	"STRINGS.DUPLICANTS.MODIFIERS.BIONICWATERSTRESS.NAME"
"DUPLICANTS.MODIFIERS"	"Accomplished Builder"	"熟練的建築師"	"STRINGS.DUPLICANTS.MODIFIERS.BONUSBUILDER.NAME"
"DUPLICANTS.MODIFIERS"	"Hot Diggity!"	"熱鑽頭！"	"STRINGS.DUPLICANTS.MODIFIERS.BONUSDIGGING1.NAME"
"DUPLICANTS.MODIFIERS"	"Open and Shut"	"打開和關閉"	"STRINGS.DUPLICANTS.MODIFIERS.BONUSDOOR.NAME"
"DUPLICANTS.MODIFIERS"	"Good Dream"	"美好的夢想"	"STRINGS.DUPLICANTS.MODIFIERS.BONUSDREAM1.NAME"
"DUPLICANTS.MODIFIERS"	"Really Good Dream"	"真實的美夢"	"STRINGS.DUPLICANTS.MODIFIERS.BONUSDREAM2.NAME"
"DUPLICANTS.MODIFIERS"	"Great Dream"	"偉大的夢想"	"STRINGS.DUPLICANTS.MODIFIERS.BONUSDREAM3.NAME"
"DUPLICANTS.MODIFIERS"	"Dream Inspired"	"夢想啟發"	"STRINGS.DUPLICANTS.MODIFIERS.BONUSDREAM4.NAME"
"DUPLICANTS.MODIFIERS"	"Exercised"	"運動"	"STRINGS.DUPLICANTS.MODIFIERS.BONUSGENERATOR.NAME"
"DUPLICANTS.MODIFIERS"	"Hit the Books"	"用功讀書"	"STRINGS.DUPLICANTS.MODIFIERS.BONUSHITTHEBOOKS.NAME"
"DUPLICANTS.MODIFIERS"	"Lit"	"明亮"	"STRINGS.DUPLICANTS.MODIFIERS.BONUSLITWORKSPACE.NAME"
"DUPLICANTS.MODIFIERS"	"Fresh Air"	"新鮮空氣"	"STRINGS.DUPLICANTS.MODIFIERS.BONUSOXYGEN.NAME"
"DUPLICANTS.MODIFIERS"	"Inspired Learner"	"好學不倦者"	"STRINGS.DUPLICANTS.MODIFIERS.BONUSRESEARCH.NAME"
"DUPLICANTS.MODIFIERS"	"Something in Store"	"庫存物品"	"STRINGS.DUPLICANTS.MODIFIERS.BONUSSTORAGE.NAME"
"DUPLICANTS.MODIFIERS"	"Talker"	"聊天"	"STRINGS.DUPLICANTS.MODIFIERS.BONUSTALKER.NAME"
"DUPLICANTS.MODIFIERS"	"Small Comforts"	"小又舒適"	"STRINGS.DUPLICANTS.MODIFIERS.BONUSTOILET1.NAME"
"DUPLICANTS.MODIFIERS"	"Greater Comforts"	"非常舒適"	"STRINGS.DUPLICANTS.MODIFIERS.BONUSTOILET2.NAME"
"DUPLICANTS.MODIFIERS"	"Small Luxury"	"小又奢華"	"STRINGS.DUPLICANTS.MODIFIERS.BONUSTOILET3.NAME"
"DUPLICANTS.MODIFIERS"	"Luxurious"	"非常奢華"	"STRINGS.DUPLICANTS.MODIFIERS.BONUSTOILET4.NAME"
"DUPLICANTS.MODIFIERS"	"Mopping"	"擦地中"	"STRINGS.DUPLICANTS.MODIFIERS.BOTMOPPING.NAME"
"DUPLICANTS.MODIFIERS"	"Sweeping"	"打掃中"	"STRINGS.DUPLICANTS.MODIFIERS.BOTSWEEPING.NAME"
"DUPLICANTS.MODIFIERS"	"Downtime Bonus"	"休息時間加成"	"STRINGS.DUPLICANTS.MODIFIERS.BREAK_BONUS.NAME"
"DUPLICANTS.MODIFIERS"	"{0} Shift Break"	"{0} 輪值休息"	"STRINGS.DUPLICANTS.MODIFIERS.BREAKX.NAME"
"DUPLICANTS.MODIFIERS"	"{0} Shift Break (Bionic)"	"{0} 輪值休息（仿生）"	"STRINGS.DUPLICANTS.MODIFIERS.BREAKX_BIONIC.NAME"
"DUPLICANTS.MODIFIERS"	"Breathing"	"呼吸"	"STRINGS.DUPLICANTS.MODIFIERS.BREATHING.NAME"
"DUPLICANTS.MODIFIERS"	"Scalded"	"燙傷"	"STRINGS.DUPLICANTS.MODIFIERS.BURNED_BY_SCALDING_WATER.NAME"
"DUPLICANTS.MODIFIERS"	"Homeostasis"	"體內平衡"	"STRINGS.DUPLICANTS.MODIFIERS.BURNINGCALORIES.NAME"
"DUPLICANTS.MODIFIERS"	"Tickled Tootsies"	"腳底發癢"	"STRINGS.DUPLICANTS.MODIFIERS.CARPETFEET.NAME"
"DUPLICANTS.MODIFIERS"	"Catheterized"	"插管"	"STRINGS.DUPLICANTS.MODIFIERS.CATHETERIZED.NAME"
"DUPLICANTS.MODIFIERS"	"Center of Attention"	"全場焦點"	"STRINGS.DUPLICANTS.MODIFIERS.CENTEROFATTENTION.NAME"
"DUPLICANTS.MODIFIERS"	"Charging"	"充電"	"STRINGS.DUPLICANTS.MODIFIERS.CHARGING.NAME"
"DUPLICANTS.MODIFIERS"	"Claustrophobic"	"幽閉恐懼症"	"STRINGS.DUPLICANTS.MODIFIERS.CLAUSTROPHOBIC.NAME"
"DUPLICANTS.MODIFIERS"	"Clothing"	"服裝"	"STRINGS.DUPLICANTS.MODIFIERS.CLOTHING.NAME"
"DUPLICANTS.MODIFIERS"	"Cold"	"寒冷"	"STRINGS.DUPLICANTS.MODIFIERS.COLD.NAME"
"DUPLICANTS.MODIFIERS"	"Communal Dining"	"集體用餐"	"STRINGS.DUPLICANTS.MODIFIERS.COMMUNALDINING.NAME"
"DUPLICANTS.MODIFIERS"	"Yucky Lungs"	"肺部不適"	"STRINGS.DUPLICANTS.MODIFIERS.CONTAMINATEDLUNGS.NAME"
"DUPLICANTS.MODIFIERS"	"Cooling Down"	"降溫"	"STRINGS.DUPLICANTS.MODIFIERS.COOLINGDOWN.NAME"
"DUPLICANTS.MODIFIERS"	"Cry Face"	"哭泣的表情"	"STRINGS.DUPLICANTS.MODIFIERS.CRYFACE.NAME"
"DUPLICANTS.MODIFIERS"	"Motivated By Friend"	"受朋友啟發"	"STRINGS.DUPLICANTS.MODIFIERS.CRYOFRIEND.NAME"
"DUPLICANTS.MODIFIERS"	"Recently Danced"	"剛剛跳完舞"	"STRINGS.DUPLICANTS.MODIFIERS.DANCED.NAME"
"DUPLICANTS.MODIFIERS"	"Dancing"	"跳舞"	"STRINGS.DUPLICANTS.MODIFIERS.DANCING.NAME"
"DUPLICANTS.MODIFIERS"	"Darkness"	"黑暗"	"STRINGS.DUPLICANTS.MODIFIERS.DARKNESS.NAME"
"DUPLICANTS.MODIFIERS"	"Last Cycle's Decor: Poor"	"上周裝飾：乏味"	"STRINGS.DUPLICANTS.MODIFIERS.DECOR0.NAME"
"DUPLICANTS.MODIFIERS"	"Last Cycle's Decor: Mediocre"	"上周裝飾：一般"	"STRINGS.DUPLICANTS.MODIFIERS.DECOR1.NAME"
"DUPLICANTS.MODIFIERS"	"Last Cycle's Decor: Average"	"上周裝飾：略好"	"STRINGS.DUPLICANTS.MODIFIERS.DECOR2.NAME"
"DUPLICANTS.MODIFIERS"	"Last Cycle's Decor: Nice"	"上周裝飾：不錯"	"STRINGS.DUPLICANTS.MODIFIERS.DECOR3.NAME"
"DUPLICANTS.MODIFIERS"	"Last Cycle's Decor: Charming"	"上周裝飾：迷人"	"STRINGS.DUPLICANTS.MODIFIERS.DECOR4.NAME"
"DUPLICANTS.MODIFIERS"	"Last Cycle's Decor: Gorgeous"	"上周裝飾：夢幻"	"STRINGS.DUPLICANTS.MODIFIERS.DECOR5.NAME"
"DUPLICANTS.MODIFIERS"	"Last Cycle's Decor: Ugly"	"上周裝飾：難看"	"STRINGS.DUPLICANTS.MODIFIERS.DECORMINUS1.NAME"
"DUPLICANTS.MODIFIERS"	"Diarrhea"	"腹瀉"	"STRINGS.DUPLICANTS.MODIFIERS.DIARRHEA.NAME"
"DUPLICANTS.MODIFIERS"	"Runaway Patient"	"失控的病人"	"STRINGS.DUPLICANTS.MODIFIERS.DOCTOREDOFFCOTEFFECT.NAME"
"DUPLICANTS.MODIFIERS"	"Extra Hydrated"	"額外補水"	"STRINGS.DUPLICANTS.MODIFIERS.DUPLICANTGOTMILK.NAME"
"DUPLICANTS.MODIFIERS"	"Standard Meal"	"普通的一餐"	"STRINGS.DUPLICANTS.MODIFIERS.EDIBLE0.NAME"
"DUPLICANTS.MODIFIERS"	"Good Meal"	"好吃的一餐"	"STRINGS.DUPLICANTS.MODIFIERS.EDIBLE1.NAME"
"DUPLICANTS.MODIFIERS"	"Great Meal"	"豐盛的一餐"	"STRINGS.DUPLICANTS.MODIFIERS.EDIBLE2.NAME"
"DUPLICANTS.MODIFIERS"	"Superb Meal"	"美味的一餐"	"STRINGS.DUPLICANTS.MODIFIERS.EDIBLE3.NAME"
"DUPLICANTS.MODIFIERS"	"Ambrosial Meal"	"特別美味的一餐"	"STRINGS.DUPLICANTS.MODIFIERS.EDIBLE4.NAME"
"DUPLICANTS.MODIFIERS"	"Poor Meal"	"難吃的一餐"	"STRINGS.DUPLICANTS.MODIFIERS.EDIBLEMINUS1.NAME"
"DUPLICANTS.MODIFIERS"	"Terrible Meal"	"可怕的一餐"	"STRINGS.DUPLICANTS.MODIFIERS.EDIBLEMINUS2.NAME"
"DUPLICANTS.MODIFIERS"	"Grisly Meal"	"恐怖的一餐"	"STRINGS.DUPLICANTS.MODIFIERS.EDIBLEMINUS3.NAME"
"DUPLICANTS.MODIFIERS"	"Entitlement"	"權利"	"STRINGS.DUPLICANTS.MODIFIERS.ENTITLEMENT.NAME"
"DUPLICANTS.MODIFIERS"	"Drank Espresso"	"喝濃縮咖啡"	"STRINGS.DUPLICANTS.MODIFIERS.ESPRESSO.NAME"
"DUPLICANTS.MODIFIERS"	"Making a mess"	"製造髒亂"	"STRINGS.DUPLICANTS.MODIFIERS.EXPELLINGGUNK.NAME"
"DUPLICANTS.MODIFIERS"	"Food Poisoning Exposure"	"腸病毒風險"	"STRINGS.DUPLICANTS.MODIFIERS.EXPOSEDTOFOODGERMS.NAME"
"DUPLICANTS.MODIFIERS"	"Slimelung Exposure"	"黏液肺風險"	"STRINGS.DUPLICANTS.MODIFIERS.EXPOSEDTOSLIMEGERMS.NAME"
"DUPLICANTS.MODIFIERS"	"Zombie Spores Exposure"	"殭屍孢子風險"	"STRINGS.DUPLICANTS.MODIFIERS.EXPOSEDTOZOMBIESPORES.NAME"
"DUPLICANTS.MODIFIERS"	"Farmer's Touch"	"農夫耕作"	"STRINGS.DUPLICANTS.MODIFIERS.FARMTINKER.NAME"
"DUPLICANTS.MODIFIERS"	"Contracted: Food Poisoning"	"感染：腸病毒"	"STRINGS.DUPLICANTS.MODIFIERS.FEELINGSICKFOODGERMS.NAME"
"DUPLICANTS.MODIFIERS"	"Contracted: Slimelung"	"感染：黏液肺"	"STRINGS.DUPLICANTS.MODIFIERS.FEELINGSICKSLIMEGERMS.NAME"
"DUPLICANTS.MODIFIERS"	"Contracted: Zombie Spores"	"感染：殭屍孢子"	"STRINGS.DUPLICANTS.MODIFIERS.FEELINGSICKZOMBIESPORES.NAME"
"DUPLICANTS.MODIFIERS"	"Sleeping On Floor"	"睡在地板上"	"STRINGS.DUPLICANTS.MODIFIERS.FLOORSLEEP.NAME"
"DUPLICANTS.MODIFIERS"	"Food Poisoning Antibodies"	"腸病毒抗體"	"STRINGS.DUPLICANTS.MODIFIERS.FOODSICKNESSRECOVERY.NAME"
"DUPLICANTS.MODIFIERS"	"Refreshingly Clean"	"清爽乾淨"	"STRINGS.DUPLICANTS.MODIFIERS.FRESH_AND_CLEAN.NAME"
"DUPLICANTS.MODIFIERS"	"Fresh Oil"	"新鮮潤滑油"	"STRINGS.DUPLICANTS.MODIFIERS.FRESHOIL.NAME"
"DUPLICANTS.MODIFIERS"	"Full Bladder"	"想噓噓"	"STRINGS.DUPLICANTS.MODIFIERS.FULLBLADDER.NAME"
"DUPLICANTS.MODIFIERS"	"Fussy"	"挑剔的"	"STRINGS.DUPLICANTS.MODIFIERS.FUSSY.NAME"
"DUPLICANTS.MODIFIERS"	"Pleasant Chitchat"	"愉快的閒聊"	"STRINGS.DUPLICANTS.MODIFIERS.GOODCONVERSATION.NAME"
"DUPLICANTS.MODIFIERS"	"Soul Food"	"靈魂食物"	"STRINGS.DUPLICANTS.MODIFIERS.GOODEATS.NAME"
"DUPLICANTS.MODIFIERS"	"Saw Friend"	"遇見朋友"	"STRINGS.DUPLICANTS.MODIFIERS.GREETING.NAME"
"DUPLICANTS.MODIFIERS"	"Gunk Mouth"	"滿嘴黏渣"	"STRINGS.DUPLICANTS.MODIFIERS.GUNKHUNGOVER.NAME"
"DUPLICANTS.MODIFIERS"	"Gunk Extraction Required"	"需要提取黏渣"	"STRINGS.DUPLICANTS.MODIFIERS.GUNKSICK.NAME"
"DUPLICANTS.MODIFIERS"	"Balloon Buddy"	"氣球夥伴"	"STRINGS.DUPLICANTS.MODIFIERS.HASBALLOON.NAME"
"DUPLICANTS.MODIFIERS"	"Serenaded"	"小夜曲"	"STRINGS.DUPLICANTS.MODIFIERS.HEARDJOYSINGER.NAME"
"DUPLICANTS.MODIFIERS"	"Antihistamines"	"抗過敏藥物"	"STRINGS.DUPLICANTS.MODIFIERS.HISTAMINESUPPRESSION.NAME"
"DUPLICANTS.MODIFIERS"	"Holding breath"	"閉氣"	"STRINGS.DUPLICANTS.MODIFIERS.HOLDINGBREATH.NAME"
"DUPLICANTS.MODIFIERS"	"Hot"	"好熱"	"STRINGS.DUPLICANTS.MODIFIERS.HOT.NAME"
"DUPLICANTS.MODIFIERS"	"Hot Stuff"	"辛辣"	"STRINGS.DUPLICANTS.MODIFIERS.HOTSTUFF.NAME"
"DUPLICANTS.MODIFIERS"	"Hot Tubbed"	"泡熱水澡"	"STRINGS.DUPLICANTS.MODIFIERS.HOTTUB.NAME"
"DUPLICANTS.MODIFIERS"	"Hugged"	"擁抱"	"STRINGS.DUPLICANTS.MODIFIERS.HUGGED.NAME"
"DUPLICANTS.MODIFIERS"	"Hungry"	"飢餓"	"STRINGS.DUPLICANTS.MODIFIERS.HUNGRY.NAME"
"DUPLICANTS.MODIFIERS"	"Immune System Overwhelmed"	"免疫系統超過負荷"	"STRINGS.DUPLICANTS.MODIFIERS.IMMUNESYSTEMOVERWHELMED.NAME"
"DUPLICANTS.MODIFIERS"	"Inspired"	"得到靈感"	"STRINGS.DUPLICANTS.MODIFIERS.INSPIRED.NAME"
"DUPLICANTS.MODIFIERS"	"Intravenous Feeding"	"靜脈注射"	"STRINGS.DUPLICANTS.MODIFIERS.INTRAVENOUS_NUTRITION.NAME"
"DUPLICANTS.MODIFIERS"	"Yodeling"	"輕曲哼唱"	"STRINGS.DUPLICANTS.MODIFIERS.ISJOYSINGER.NAME"
"DUPLICANTS.MODIFIERS"	"Doing the Robot"	"機械舞"	"STRINGS.DUPLICANTS.MODIFIERS.ISROBODANCER.NAME"
"DUPLICANTS.MODIFIERS"	"Sparkle Streaking"	"閃閃發光"	"STRINGS.DUPLICANTS.MODIFIERS.ISSPARKLESTREAKER.NAME"
"DUPLICANTS.MODIFIERS"	"Sticker Bombing"	"貼貼紙"	"STRINGS.DUPLICANTS.MODIFIERS.ISSTICKERBOMBING.NAME"
"DUPLICANTS.MODIFIERS"	"Drank Juice"	"喝果汁"	"STRINGS.DUPLICANTS.MODIFIERS.JUICER.NAME"
"DUPLICANTS.MODIFIERS"	"Sleeping in a ladder bed"	"睡在梯床上"	"STRINGS.DUPLICANTS.MODIFIERS.LADDERBEDSTAMINA.NAME"
"DUPLICANTS.MODIFIERS"	"Light Wounds"	"輕微創傷"	"STRINGS.DUPLICANTS.MODIFIERS.LIGHTWOUNDS.NAME"
"DUPLICANTS.MODIFIERS"	"Alone"	"獨處"	"STRINGS.DUPLICANTS.MODIFIERS.LONER.NAME"
"DUPLICANTS.MODIFIERS"	"Low Oxygen"	"氧氣含量低"	"STRINGS.DUPLICANTS.MODIFIERS.LOWOXYGEN.NAME"
"DUPLICANTS.MODIFIERS"	"Low Oxygen Tank"	"氧氣罐含量低"	"STRINGS.DUPLICANTS.MODIFIERS.LOWOXYGENBIONIC.NAME"
"DUPLICANTS.MODIFIERS"	"Sleeping in a comfy bed"	"睡在舒適床上"	"STRINGS.DUPLICANTS.MODIFIERS.LUXURYBEDSTAMINA.NAME"
"DUPLICANTS.MODIFIERS"	"Engie's Jerry Rig"	"工程師檢修"	"STRINGS.DUPLICANTS.MODIFIERS.MACHINETINKER.NAME"
"DUPLICANTS.MODIFIERS"	"Major Eye Irritation"	"重度眼睛刺激"	"STRINGS.DUPLICANTS.MODIFIERS.MAJORIRRITATION.NAME"
"DUPLICANTS.MODIFIERS"	"Managed Colony"	"管理殖民地"	"STRINGS.DUPLICANTS.MODIFIERS.MANAGEDCOLONY.NAME"
"DUPLICANTS.MODIFIERS"	"Managerial Duties"	"管理職責"	"STRINGS.DUPLICANTS.MODIFIERS.MANAGERIALDUTIES.NAME"
"DUPLICANTS.MODIFIERS"	"Stoked"	"刺激"	"STRINGS.DUPLICANTS.MODIFIERS.MECHANICALSURFBOARD.NAME"
"DUPLICANTS.MODIFIERS"	"Surfin'"	"衝浪"	"STRINGS.DUPLICANTS.MODIFIERS.MECHANICALSURFING.NAME"
"DUPLICANTS.MODIFIERS"	"Triage Cot Rest"	"醫療床休息"	"STRINGS.DUPLICANTS.MODIFIERS.MEDICALCOT.NAME"
"DUPLICANTS.MODIFIERS"	"Receiving treatment"	"接受治療"	"STRINGS.DUPLICANTS.MODIFIERS.MEDICALCOTDOCTORED.NAME"
"DUPLICANTS.MODIFIERS"	"Vitamin Chews"	"維生素咀嚼錠"	"STRINGS.DUPLICANTS.MODIFIERS.MEDICINE_BASICBOOSTER.NAME"
"DUPLICANTS.MODIFIERS"	"Basic Rad Pill"	"基本輻射藥片"	"STRINGS.DUPLICANTS.MODIFIERS.MEDICINE_BASICRADPILL.NAME"
"DUPLICANTS.MODIFIERS"	"Placebo"	"安慰劑"	"STRINGS.DUPLICANTS.MODIFIERS.MEDICINE_GENERICPILL.NAME"
"DUPLICANTS.MODIFIERS"	"Immuno Booster"	"免疫增強劑"	"STRINGS.DUPLICANTS.MODIFIERS.MEDICINE_INTERMEDIATEBOOSTER.NAME"
"DUPLICANTS.MODIFIERS"	"Intermediate Rad Pill"	"中級輻射藥片"	"STRINGS.DUPLICANTS.MODIFIERS.MEDICINE_INTERMEDIATERADPILL.NAME"
"DUPLICANTS.MODIFIERS"	"Maximum Aptitude"	"極限潛能激發"	"STRINGS.DUPLICANTS.MODIFIERS.MEGABRAINTANKBONUS.NAME"
"DUPLICANTS.MODIFIERS"	"Salted Food"	"鹹食"	"STRINGS.DUPLICANTS.MODIFIERS.MESSTABLESALT.NAME"
"DUPLICANTS.MODIFIERS"	"Metabolism"	"代謝"	"STRINGS.DUPLICANTS.MODIFIERS.METABOLISM_CALORIE_MODIFIER.NAME"
"DUPLICANTS.MODIFIERS"	"Minor Eye Irritation"	"輕微眼睛刺激"	"STRINGS.DUPLICANTS.MODIFIERS.MINORIRRITATION.NAME"
"DUPLICANTS.MODIFIERS"	"Moderate Wounds"	"中度創傷"	"STRINGS.DUPLICANTS.MODIFIERS.MODERATEWOUNDS.NAME"
"DUPLICANTS.MODIFIERS"	"Mourning"	"哀悼"	"STRINGS.DUPLICANTS.MODIFIERS.MOURNING.NAME"
"DUPLICANTS.MODIFIERS"	"New Friend"	"新朋友"	"STRINGS.DUPLICANTS.MODIFIERS.NEWCREWARRIVAL.NAME"
"DUPLICANTS.MODIFIERS"	"Nightmares"	"暗夜惡夢"	"STRINGS.DUPLICANTS.MODIFIERS.NIGHTMARES.NAME"
"DUPLICANTS.MODIFIERS"	"Fun Interrupted"	"開心中斷"	"STRINGS.DUPLICANTS.MODIFIERS.NOFUNALLOWED.NAME"
"DUPLICANTS.MODIFIERS"	"Cacophony!"	"刺耳的聲音！"	"STRINGS.DUPLICANTS.MODIFIERS.NOISEMAJOR.NAME"
"DUPLICANTS.MODIFIERS"	"Loud Noises"	"大聲的噪音"	"STRINGS.DUPLICANTS.MODIFIERS.NOISEMINOR.NAME"
"DUPLICANTS.MODIFIERS"	"Peace and Quiet"	"和平與安靜"	"STRINGS.DUPLICANTS.MODIFIERS.NOISEPEACEFUL.NAME"
"DUPLICANTS.MODIFIERS"	"Grinding Gears"	"齒輪磨損"	"STRINGS.DUPLICANTS.MODIFIERS.NOLUBRICATIONMAJOR.NAME"
"DUPLICANTS.MODIFIERS"	"Grinding Gears (Reduced)"	"齒輪磨損（減少）"	"STRINGS.DUPLICANTS.MODIFIERS.NOLUBRICATIONMINOR.NAME"
"DUPLICANTS.MODIFIERS"	"No Oxygen"	"沒有氧氣"	"STRINGS.DUPLICANTS.MODIFIERS.NOOXYGEN.NAME"
"DUPLICANTS.MODIFIERS"	"Exhausted"	"精疲力竭"	"STRINGS.DUPLICANTS.MODIFIERS.PASSEDOUTSLEEP.NAME"
"DUPLICANTS.MODIFIERS"	"Well Rested"	"睡眠良好"	"STRINGS.DUPLICANTS.MODIFIERS.PEACEFULSLEEP.NAME"
"DUPLICANTS.MODIFIERS"	"Personal Bubble Burst"	"個人美夢破碎"	"STRINGS.DUPLICANTS.MODIFIERS.PEOPLETOOCLOSEWHILESLEEPING.NAME"
"DUPLICANTS.MODIFIERS"	"Played Video Games"	"玩電子遊戲"	"STRINGS.DUPLICANTS.MODIFIERS.PLAYEDARCADE.NAME"
"DUPLICANTS.MODIFIERS"	"Popped Eardrums"	"耳膜炸裂"	"STRINGS.DUPLICANTS.MODIFIERS.POPPEDEARDRUMS.NAME"
"DUPLICANTS.MODIFIERS"	"Feeling better"	"感覺好一點"	"STRINGS.DUPLICANTS.MODIFIERS.POSTDISEASERECOVERY.NAME"
"DUPLICANTS.MODIFIERS"	"Engie's Tune-Up"	"優化調整"	"STRINGS.DUPLICANTS.MODIFIERS.POWERTINKER.NAME"
"DUPLICANTS.MODIFIERS"	"Ouch!"	"哎喲！"	"STRINGS.DUPLICANTS.MODIFIERS.PRICKLEFRUITDAMAGE.NAME"
"DUPLICANTS.MODIFIERS"	"Partied Hard"	"派對狂歡"	"STRINGS.DUPLICANTS.MODIFIERS.RECENTLYPARTIED.NAME"
"DUPLICANTS.MODIFIERS"	"Recovering breath"	"恢復呼吸"	"STRINGS.DUPLICANTS.MODIFIERS.RECOVERINGBREATH.NAME"
"DUPLICANTS.MODIFIERS"	"Red Alert!"	"紅色警報！"	"STRINGS.DUPLICANTS.MODIFIERS.REDALERT.NAME"
"DUPLICANTS.MODIFIERS"	"Heat Resistant"	"炎熱抗性"	"STRINGS.DUPLICANTS.MODIFIERS.REFRESHINGTOUCH.NAME"
"DUPLICANTS.MODIFIERS"	"Sleeping Peacefully"	"睡眠安穩"	"STRINGS.DUPLICANTS.MODIFIERS.RESTFULSLEEP.NAME"
"DUPLICANTS.MODIFIERS"	"Resting"	"休息"	"STRINGS.DUPLICANTS.MODIFIERS.RESTING.NAME"
"DUPLICANTS.MODIFIERS"	"Restless"	"不安"	"STRINGS.DUPLICANTS.MODIFIERS.RESTLESS.NAME"
"DUPLICANTS.MODIFIERS"	"Banquet Hall"	"宴會廳"	"STRINGS.DUPLICANTS.MODIFIERS.ROOMBANQUETHALL.NAME"
"DUPLICANTS.MODIFIERS"	"Washroom"	"洗手間"	"STRINGS.DUPLICANTS.MODIFIERS.ROOMBATHROOM.NAME"
"DUPLICANTS.MODIFIERS"	"Luxury Barracks"	"高級臥室"	"STRINGS.DUPLICANTS.MODIFIERS.ROOMBEDROOM.NAME"
"DUPLICANTS.MODIFIERS"	"Great Hall"	"高級餐廳"	"STRINGS.DUPLICANTS.MODIFIERS.ROOMGREATHALL.NAME"
"DUPLICANTS.MODIFIERS"	"Latrine"	"廁間"	"STRINGS.DUPLICANTS.MODIFIERS.ROOMLATRINE.NAME"
"DUPLICANTS.MODIFIERS"	"Mess Hall"	"餐廳"	"STRINGS.DUPLICANTS.MODIFIERS.ROOMMESSHALL.NAME"
"DUPLICANTS.MODIFIERS"	"Nature Reserve"	"自然保護區"	"STRINGS.DUPLICANTS.MODIFIERS.ROOMNATURERESERVE.NAME"
"DUPLICANTS.MODIFIERS"	"Park"	"公園"	"STRINGS.DUPLICANTS.MODIFIERS.ROOMPARK.NAME"
"DUPLICANTS.MODIFIERS"	"Rotting"	"腐壞"	"STRINGS.DUPLICANTS.MODIFIERS.ROTTING.NAME"
"DUPLICANTS.MODIFIERS"	"Sandbox Morale Adjustment"	"[沙盒] 士氣調整"	"STRINGS.DUPLICANTS.MODIFIERS.SANDBOXMORALEADJUSTMENT.NAME"
"DUPLICANTS.MODIFIERS"	"Steam Powered"	"蒸氣浴"	"STRINGS.DUPLICANTS.MODIFIERS.SAUNA.NAME"
"DUPLICANTS.MODIFIERS"	"Hyped"	"興奮"	"STRINGS.DUPLICANTS.MODIFIERS.SAWROBODANCER.NAME"
"DUPLICANTS.MODIFIERS"	"Sparkle Flattered"	"看見亮光"	"STRINGS.DUPLICANTS.MODIFIERS.SAWSPARKLESTREAKER.NAME"
"DUPLICANTS.MODIFIERS"	"Radiation Resistant: Aquatic Diet"	"輻射抗性：食用海鮮"	"STRINGS.DUPLICANTS.MODIFIERS.SEAFOODRADIATIONRESISTANCE.NAME"
"DUPLICANTS.MODIFIERS"	"Severe Wounds"	"重度創傷"	"STRINGS.DUPLICANTS.MODIFIERS.SEVEREWOUNDS.NAME"
"DUPLICANTS.MODIFIERS"	"Showered"	"洗香香"	"STRINGS.DUPLICANTS.MODIFIERS.SHOWERED.NAME"
"DUPLICANTS.MODIFIERS"	"Attribute Level"	"屬性等級"	"STRINGS.DUPLICANTS.MODIFIERS.SKILLLEVEL.NAME"
"DUPLICANTS.MODIFIERS"	"Nodding Off"	"打盹"	"STRINGS.DUPLICANTS.MODIFIERS.SLEEPCLINIC.NAME"
"DUPLICANTS.MODIFIERS"	"Sleepy"	"昏昏欲睡"	"STRINGS.DUPLICANTS.MODIFIERS.SLEEPY.NAME"
"DUPLICANTS.MODIFIERS"	"Slimelung Antibodies"	"黏液肺抗體"	"STRINGS.DUPLICANTS.MODIFIERS.SLIMESICKNESSRECOVERY.NAME"
"DUPLICANTS.MODIFIERS"	"Slipped"	"滑倒了"	"STRINGS.DUPLICANTS.MODIFIERS.SLIPPED.NAME"
"DUPLICANTS.MODIFIERS"	"Smelled Flowers"	"聞到花香"	"STRINGS.DUPLICANTS.MODIFIERS.SMELLEDFLOWERS.NAME"
"DUPLICANTS.MODIFIERS"	"Smelled a putrid odor"	"聞到惡臭"	"STRINGS.DUPLICANTS.MODIFIERS.SMELLEDPUTRIDODOUR.NAME"
"DUPLICANTS.MODIFIERS"	"Smelled Stinky"	"聞到臭味"	"STRINGS.DUPLICANTS.MODIFIERS.SMELLEDSTINKY.NAME"
"DUPLICANTS.MODIFIERS"	"Sopping Wet"	"全身溼透"	"STRINGS.DUPLICANTS.MODIFIERS.SOAKINGWET.NAME"
"DUPLICANTS.MODIFIERS"	"Socialized"	"交際"	"STRINGS.DUPLICANTS.MODIFIERS.SOCIALIZED.NAME"
"DUPLICANTS.MODIFIERS"	"Soda Filled"	"喝汽水"	"STRINGS.DUPLICANTS.MODIFIERS.SODAFOUNTAIN.NAME"
"DUPLICANTS.MODIFIERS"	"Soiled Suit"	"骯髒的太空衣"	"STRINGS.DUPLICANTS.MODIFIERS.SOILEDSUIT.NAME"
"DUPLICANTS.MODIFIERS"	"Sore Back"	"背部疼痛"	"STRINGS.DUPLICANTS.MODIFIERS.SOREBACK.NAME"
"DUPLICANTS.MODIFIERS"	"Thrilling Flight"	"驚險飛行"	"STRINGS.DUPLICANTS.MODIFIERS.SPACEBUZZ.NAME"
"DUPLICANTS.MODIFIERS"	"Visited Space"	"太空觀光"	"STRINGS.DUPLICANTS.MODIFIERS.SPACETOURIST.NAME"
"DUPLICANTS.MODIFIERS"	"Bad leftovers"	"不新鮮的食物"	"STRINGS.DUPLICANTS.MODIFIERS.STALEFOOD.NAME"
"DUPLICANTS.MODIFIERS"	"Starry Eyed"	"星光閃閃"	"STRINGS.DUPLICANTS.MODIFIERS.STARRYEYED.NAME"
"DUPLICANTS.MODIFIERS"	"Stepped in polluted water"	"踩進汙水中"	"STRINGS.DUPLICANTS.MODIFIERS.STEPPEDINCONTAMINATEDWATER.NAME"
"DUPLICANTS.MODIFIERS"	"Numb"	"發抖"	"STRINGS.DUPLICANTS.MODIFIERS.STRESSED_BY_COLD_WATER.NAME"
"DUPLICANTS.MODIFIERS"	"Receiving Massage"	"按摩"	"STRINGS.DUPLICANTS.MODIFIERS.STRESSREDUCTION.NAME"
"DUPLICANTS.MODIFIERS"	"Receiving Clinic Massage"	"在按摩中心舒壓"	"STRINGS.DUPLICANTS.MODIFIERS.STRESSREDUCTION_CLINIC.NAME"
"DUPLICANTS.MODIFIERS"	"Shocking Temper"	"脾氣暴躁"	"STRINGS.DUPLICANTS.MODIFIERS.STRESSSHOCKER.NAME"
"DUPLICANTS.MODIFIERS"	"Morale Upgrade Helper"	"士氣升級小幫手"	"STRINGS.DUPLICANTS.MODIFIERS.SUDDENMORALEHELPER.NAME"
"DUPLICANTS.MODIFIERS"	"Intensely Bright"	"非常明亮"	"STRINGS.DUPLICANTS.MODIFIERS.SUNLIGHT_BURNING.NAME"
"DUPLICANTS.MODIFIERS"	"Bright and Cheerful"	"明亮和開朗"	"STRINGS.DUPLICANTS.MODIFIERS.SUNLIGHT_PLEASANT.NAME"
"DUPLICANTS.MODIFIERS"	"Less Anxious"	"減少焦慮"	"STRINGS.DUPLICANTS.MODIFIERS.TELEPHONEBABBLE.NAME"
"DUPLICANTS.MODIFIERS"	"Full of Gossip"	"閒談"	"STRINGS.DUPLICANTS.MODIFIERS.TELEPHONECHAT.NAME"
"DUPLICANTS.MODIFIERS"	"Sociable"	"交際"	"STRINGS.DUPLICANTS.MODIFIERS.TELEPHONELONGDISTANCE.NAME"
"DUPLICANTS.MODIFIERS"	"Environmental Exchange"	"環境變化"	"STRINGS.DUPLICANTS.MODIFIERS.TEMPEXCHANGE.NAME"
"DUPLICANTS.MODIFIERS"	"Dead Tired: Snoring Friend"	"筋疲力竭：朋友的打呼聲"	"STRINGS.DUPLICANTS.MODIFIERS.TERRIBLESLEEP.NAME"
"DUPLICANTS.MODIFIERS"	"Clutchy"	"受迫"	"STRINGS.DUPLICANTS.MODIFIERS.THRIVER.NAME"
"DUPLICANTS.MODIFIERS"	"Downtime"	"休息時間"	"STRINGS.DUPLICANTS.MODIFIERS.TOOKABREAK.NAME"
"DUPLICANTS.MODIFIERS"	"Toxic environment"	"有毒環境"	"STRINGS.DUPLICANTS.MODIFIERS.TOXICENVIRONMENT.NAME"
"DUPLICANTS.MODIFIERS"	"Ugly Crying"	"大哭"	"STRINGS.DUPLICANTS.MODIFIERS.UGLY_CRYING.NAME"
"DUPLICANTS.MODIFIERS"	"Aching Feet"	"腳部疼痛"	"STRINGS.DUPLICANTS.MODIFIERS.UNCOMFORTABLEFEET.NAME"
"DUPLICANTS.MODIFIERS"	"Sleeping Uncomfortably"	"睡不安穩"	"STRINGS.DUPLICANTS.MODIFIERS.UNCOMFORTABLESLEEP.NAME"
"DUPLICANTS.MODIFIERS"	"Underwater"	"在水下"	"STRINGS.DUPLICANTS.MODIFIERS.UNDERWATER.NAME"
"DUPLICANTS.MODIFIERS"	"Fashion Crime"	"時尚犯罪"	"STRINGS.DUPLICANTS.MODIFIERS.UNFASHIONABLECLOTHING.NAME"
"DUPLICANTS.MODIFIERS"	"Wind Swept"	"強風掃過"	"STRINGS.DUPLICANTS.MODIFIERS.VERTICALWINDTUNNEL.NAME"
"DUPLICANTS.MODIFIERS"	"Airborne"	"空降"	"STRINGS.DUPLICANTS.MODIFIERS.VERTICALWINDTUNNELFLYING.NAME"
"DUPLICANTS.MODIFIERS"	"Vertigo"	"懼高"	"STRINGS.DUPLICANTS.MODIFIERS.VERTIGO.NAME"
"DUPLICANTS.MODIFIERS"	"Vomiting"	"嘔吐"	"STRINGS.DUPLICANTS.MODIFIERS.VOMITING.NAME"
"DUPLICANTS.MODIFIERS"	"Disturbed by Wailing"	"因為哀嚎感到不安"	"STRINGS.DUPLICANTS.MODIFIERS.WAILEDAT.NAME"
"DUPLICANTS.MODIFIERS"	"Warming Up"	"暖身"	"STRINGS.DUPLICANTS.MODIFIERS.WARMINGUP.NAME"
"DUPLICANTS.MODIFIERS"	"Frost Resistant"	"嚴寒抗性"	"STRINGS.DUPLICANTS.MODIFIERS.WARMTOUCH.NAME"
"DUPLICANTS.MODIFIERS"	"Frost Resistant: Spicy Diet"	"寒冷抗性：辣辣的食物"	"STRINGS.DUPLICANTS.MODIFIERS.WARMTOUCHFOOD.NAME"
"DUPLICANTS.MODIFIERS"	"Recently assailed"	"最近被攻擊"	"STRINGS.DUPLICANTS.MODIFIERS.WASATTACKED.NAME"
"DUPLICANTS.MODIFIERS"	"Soggy Feet"	"腳溼了"	"STRINGS.DUPLICANTS.MODIFIERS.WETFEET.NAME"
"DUPLICANTS.MODIFIERS"	"Appreciated"	"讚美"	"STRINGS.DUPLICANTS.MODIFIERS.WORKENCOURAGED.NAME"
"DUPLICANTS.MODIFIERS"	"Working"	"工作中"	"STRINGS.DUPLICANTS.MODIFIERS.WORKING.NAME"
"DUPLICANTS.MODIFIERS"	"Zombie Spores Antibodies"	"殭屍孢子抗體"	"STRINGS.DUPLICANTS.MODIFIERS.ZOMBIESICKNESSRECOVERY.NAME"
"DUPLICANTS.NEEDS"	"Decor Expectation"	"裝飾期望"	"STRINGS.DUPLICANTS.NEEDS.DECOR.NAME"
"DUPLICANTS.NEEDS"	"Food Quality"	"食物品質"	"STRINGS.DUPLICANTS.NEEDS.FOOD_QUALITY.NAME"
"DUPLICANTS.NEEDS"	"Noise Expectation"	"噪音期望"	"STRINGS.DUPLICANTS.NEEDS.NOISE.NAME"
"DUPLICANTS.NEEDS"	"Morale Requirements"	"士氣要求"	"STRINGS.DUPLICANTS.NEEDS.QUALITYOFLIFE.NAME"
"DUPLICANTS.ROLES"	"Aesthetic Design"	"美學設計"	"STRINGS.DUPLICANTS.ROLES.ARTIST.NAME"
"DUPLICANTS.ROLES"	"Rocket Navigation"	"火箭導航"	"STRINGS.DUPLICANTS.ROLES.ASTRONAUT.NAME"
"DUPLICANTS.ROLES"	"Rocket Piloting"	"火箭駕駛"	"STRINGS.DUPLICANTS.ROLES.ASTRONAUTTRAINEE.NAME"
"DUPLICANTS.ROLES"	"Booster Processing I"	"加速器處理 I"	"STRINGS.DUPLICANTS.ROLES.BIONICS_A1.NAME"
"DUPLICANTS.ROLES"	"Booster Processing II"	"加速器處理 II"	"STRINGS.DUPLICANTS.ROLES.BIONICS_A2.NAME"
"DUPLICANTS.ROLES"	"Complex Processing"	"複雜處理"	"STRINGS.DUPLICANTS.ROLES.BIONICS_A3.NAME"
"DUPLICANTS.ROLES"	"Improved Gears I"	"改良齒輪 I"	"STRINGS.DUPLICANTS.ROLES.BIONICS_B1.NAME"
"DUPLICANTS.ROLES"	"Improved Gears II"	"改良齒輪 II"	"STRINGS.DUPLICANTS.ROLES.BIONICS_B2.NAME"
"DUPLICANTS.ROLES"	"Top Gear"	"頂級齒輪"	"STRINGS.DUPLICANTS.ROLES.BIONICS_B3.NAME"
"DUPLICANTS.ROLES"	"Schematics"	"原理示意"	"STRINGS.DUPLICANTS.ROLES.BIONICS_C1.NAME"
"DUPLICANTS.ROLES"	"Advanced Schematics"	"進階原理"	"STRINGS.DUPLICANTS.ROLES.BIONICS_C2.NAME"
"DUPLICANTS.ROLES"	"Power Banking"	"電力強化"	"STRINGS.DUPLICANTS.ROLES.BIONICS_C3.NAME"
"DUPLICANTS.ROLES"	"Improved Hardware"	"改良硬體"	"STRINGS.DUPLICANTS.ROLES.BIONICS_D1.NAME"
"DUPLICANTS.ROLES"	"Climate Control"	"氣候控制"	"STRINGS.DUPLICANTS.ROLES.BIONICS_D2.NAME"
"DUPLICANTS.ROLES"	"Improved Construction II"	"建造技術改良 II"	"STRINGS.DUPLICANTS.ROLES.BUILDER.NAME"
"DUPLICANTS.ROLES"	"Grilling II"	"燒烤 II"	"STRINGS.DUPLICANTS.ROLES.COOK.NAME"
"DUPLICANTS.ROLES"	"Improved Strength"	"力量強化"	"STRINGS.DUPLICANTS.ROLES.HANDYMAN.NAME"
"DUPLICANTS.ROLES"	"Improved Carrying I"	"負重強化 I"	"STRINGS.DUPLICANTS.ROLES.HAULER.NAME"
"DUPLICANTS.ROLES"	"Art Fundamentals"	"藝術基礎"	"STRINGS.DUPLICANTS.ROLES.JUNIOR_ARTIST.NAME"
"DUPLICANTS.ROLES"	"Improved Construction I"	"建造技術改良 I"	"STRINGS.DUPLICANTS.ROLES.JUNIOR_BUILDER.NAME"
"DUPLICANTS.ROLES"	"Grilling"	"燒烤 I"	"STRINGS.DUPLICANTS.ROLES.JUNIOR_COOK.NAME"
"DUPLICANTS.ROLES"	"Improved Farming I"	"耕種技術改良 I"	"STRINGS.DUPLICANTS.ROLES.JUNIOR_FARMER.NAME"
"DUPLICANTS.ROLES"	"Medicine Compounding"	"藥物配製"	"STRINGS.DUPLICANTS.ROLES.JUNIOR_MEDIC.NAME"
"DUPLICANTS.ROLES"	"Hard Digging"	"硬物挖掘"	"STRINGS.DUPLICANTS.ROLES.JUNIOR_MINER.NAME"
"DUPLICANTS.ROLES"	"Advanced Research"	"進階研究"	"STRINGS.DUPLICANTS.ROLES.JUNIOR_RESEARCHER.NAME"
"DUPLICANTS.ROLES"	"Improved Tinkering"	"精進調整"	"STRINGS.DUPLICANTS.ROLES.MACHINE_TECHNICIAN.NAME"
"DUPLICANTS.ROLES"	"Masterworks"	"大師作品"	"STRINGS.DUPLICANTS.ROLES.MASTER_ARTIST.NAME"
"DUPLICANTS.ROLES"	"Hazmat Digging"	"危險品挖掘"	"STRINGS.DUPLICANTS.ROLES.MASTER_MINER.NAME"
"DUPLICANTS.ROLES"	"Improved Carrying II"	"負重強化 II"	"STRINGS.DUPLICANTS.ROLES.MATERIALS_MANAGER.NAME"
"DUPLICANTS.ROLES"	"Mechatronics Engineering"	"機電整合工程"	"STRINGS.DUPLICANTS.ROLES.MECHATRONIC_ENGINEER.NAME"
"DUPLICANTS.ROLES"	"Bedside Manner"	"床邊看護"	"STRINGS.DUPLICANTS.ROLES.MEDIC.NAME"
"DUPLICANTS.ROLES"	"Superhard Digging"	"超硬物挖掘"	"STRINGS.DUPLICANTS.ROLES.MINER.NAME"
"DUPLICANTS.ROLES"	"Unemployed"	"失業的"	"STRINGS.DUPLICANTS.ROLES.NO_ROLE.NAME"
"DUPLICANTS.ROLES"	"Applied Sciences Research"	"應用科學研究"	"STRINGS.DUPLICANTS.ROLES.NUCLEAR_RESEARCHER.NAME"
"DUPLICANTS.ROLES"	"Oil Engineering"	"石油工程"	"STRINGS.DUPLICANTS.ROLES.OIL_TECHNICIAN.NAME"
"DUPLICANTS.ROLES"	"Plumbing"	"供水"	"STRINGS.DUPLICANTS.ROLES.PLUMBER.NAME"
"DUPLICANTS.ROLES"	"Electrical Engineering"	"電氣工程"	"STRINGS.DUPLICANTS.ROLES.POWER_TECHNICIAN.NAME"
"DUPLICANTS.ROLES"	"Pyrotechnics"	"火工技藝"	"STRINGS.DUPLICANTS.ROLES.PYROTECHNIC.NAME"
"DUPLICANTS.ROLES"	"Critter Ranching I"	"畜牧 I"	"STRINGS.DUPLICANTS.ROLES.RANCHER.NAME"
"DUPLICANTS.ROLES"	"Field Research"	"野外調查"	"STRINGS.DUPLICANTS.ROLES.RESEARCHER.NAME"
"DUPLICANTS.ROLES"	"Demolition"	"拆毀解體"	"STRINGS.DUPLICANTS.ROLES.SENIOR_BUILDER.NAME"
"DUPLICANTS.ROLES"	"Improved Farming II"	"耕種技術改良 II"	"STRINGS.DUPLICANTS.ROLES.SENIOR_FARMER.NAME"
"DUPLICANTS.ROLES"	"Advanced Medical Care"	"進階醫療照顧"	"STRINGS.DUPLICANTS.ROLES.SENIOR_MEDIC.NAME"
"DUPLICANTS.ROLES"	"Super-Duperhard Digging"	"極硬物挖掘"	"STRINGS.DUPLICANTS.ROLES.SENIOR_MINER.NAME"
"DUPLICANTS.ROLES"	"Critter Ranching II"	"畜牧 II"	"STRINGS.DUPLICANTS.ROLES.SENIOR_RANCHER.NAME"
"DUPLICANTS.ROLES"	"Astronomy"	"天文學"	"STRINGS.DUPLICANTS.ROLES.SENIOR_RESEARCHER.NAME"
"DUPLICANTS.ROLES"	"Rocket Piloting II"	"火箭駕駛 II"	"STRINGS.DUPLICANTS.ROLES.SENIOR_ROCKETPILOT.NAME"
"DUPLICANTS.ROLES"	"Data Analysis Researcher"	"資料分析研究員"	"STRINGS.DUPLICANTS.ROLES.SPACE_RESEARCHER.NAME"
"DUPLICANTS.ROLES"	"Suit Sustainability Training"	"裝備耐久度訓練"	"STRINGS.DUPLICANTS.ROLES.SUIT_DURABILITY.NAME"
"DUPLICANTS.ROLES"	"Exosuit Training"	"太空衣訓練"	"STRINGS.DUPLICANTS.ROLES.SUIT_EXPERT.NAME"
"DUPLICANTS.ROLES"	"W.I.P. Skill"	"開發中技能"	"STRINGS.DUPLICANTS.ROLES.USELESSSKILL.NAME"
"DUPLICANTS.SKILLGROUPS"	"Decorator"	"裝飾家"	"STRINGS.DUPLICANTS.SKILLGROUPS.ART.NAME"
"DUPLICANTS.SKILLGROUPS"	"Tidier"	"清潔工"	"STRINGS.DUPLICANTS.SKILLGROUPS.BASEKEEPING.NAME"
"DUPLICANTS.SKILLGROUPS"	"Builder"	"建築工"	"STRINGS.DUPLICANTS.SKILLGROUPS.BUILDING.NAME"
"DUPLICANTS.SKILLGROUPS"	"Cooker"	"廚師"	"STRINGS.DUPLICANTS.SKILLGROUPS.COOKING.NAME"
"DUPLICANTS.SKILLGROUPS"	"Farmer"	"農夫"	"STRINGS.DUPLICANTS.SKILLGROUPS.FARMING.NAME"
"DUPLICANTS.SKILLGROUPS"	"Supplier"	"供應"	"STRINGS.DUPLICANTS.SKILLGROUPS.HAULING.NAME"
"DUPLICANTS.SKILLGROUPS"	"Doctor"	"醫生"	"STRINGS.DUPLICANTS.SKILLGROUPS.MEDICALAID.NAME"
"DUPLICANTS.SKILLGROUPS"	"Digger"	"礦工"	"STRINGS.DUPLICANTS.SKILLGROUPS.MINING.NAME"
"DUPLICANTS.SKILLGROUPS"	"Rancher"	"畜牧員"	"STRINGS.DUPLICANTS.SKILLGROUPS.RANCHING.NAME"
"DUPLICANTS.SKILLGROUPS"	"Researcher"	"研究員"	"STRINGS.DUPLICANTS.SKILLGROUPS.RESEARCH.NAME"
"DUPLICANTS.SKILLGROUPS"	"Pilot"	"駕駛員"	"STRINGS.DUPLICANTS.SKILLGROUPS.ROCKETRY.NAME"
"DUPLICANTS.SKILLGROUPS"	"Suit Wearer"	"太空人"	"STRINGS.DUPLICANTS.SKILLGROUPS.SUITS.NAME"
"DUPLICANTS.SKILLGROUPS"	"Operator"	"技師"	"STRINGS.DUPLICANTS.SKILLGROUPS.TECHNICALS.NAME"
"DUPLICANTS.STATS"	"Gunk"	"黏渣"	"STRINGS.DUPLICANTS.STATS.BIONICGUNK.NAME"
"DUPLICANTS.STATS"	"Oxygen Tank"	"氧氣罐"	"STRINGS.DUPLICANTS.STATS.BIONICOXYGENTANK.NAME"
"DUPLICANTS.STATS"	"Disease Recovery"	"疾病恢復"	"STRINGS.DUPLICANTS.STATS.DISEASERECOVERYTIME.NAME"
"DUPLICANTS.STATS"	"Absorbed Rad Dose"	"吸收輻射劑量"	"STRINGS.DUPLICANTS.STATS.RADIATIONBALANCE.NAME"
"DUPLICANTS.STATS"	"Skin Durability"	"皮膚耐久度"	"STRINGS.DUPLICANTS.STATS.SKIN_DURABILITY.NAME"
"DUPLICANTS.STATS"	"Skin Thickness"	"皮膚厚度"	"STRINGS.DUPLICANTS.STATS.SKIN_THICKNESS.NAME"
"DUPLICANTS.STATS"	"Trunk Health"	"樹幹健康度"	"STRINGS.DUPLICANTS.STATS.TRUNKHEALTH.NAME"
"DUPLICANTS.STATS"	"Node Health"	"母藤健康"	"STRINGS.DUPLICANTS.STATS.VINEMOTHERHEALTH.NAME"
"DUPLICANTS.STATUSITEMS"	"Analyzing Artifact"	"分析文物"	"STRINGS.DUPLICANTS.STATUSITEMS.ANALYZINGARTIFACT.NAME"
"DUPLICANTS.STATUSITEMS"	"Analyzing Plant Genes"	"分析植物基因"	"STRINGS.DUPLICANTS.STATUSITEMS.ANALYZINGGENES.NAME"
"DUPLICANTS.STATUSITEMS"	"Arming trap"	"佈置陷阱"	"STRINGS.DUPLICANTS.STATUSITEMS.ARMINGTRAP.NAME"
"DUPLICANTS.STATUSITEMS"	"Balloon Artist"	"氣球藝術家"	"STRINGS.DUPLICANTS.STATUSITEMS.BALLOONARTISTHANDINGOUT.NAME"
"DUPLICANTS.STATUSITEMS"	"Cannot reach bed"	"無法到達床"	"STRINGS.DUPLICANTS.STATUSITEMS.BEDUNREACHABLE.NAME"
"DUPLICANTS.STATUSITEMS"	"Super Focused"	"超級專注"	"STRINGS.DUPLICANTS.STATUSITEMS.BEINGPRODUCTIVE.NAME"
"DUPLICANTS.STATUSITEMS"	"Reboot in progress"	"正在重啟"	"STRINGS.DUPLICANTS.STATUSITEMS.BIONICBEINGREBOOTED.NAME"
"DUPLICANTS.STATUSITEMS"	"Critical Power Level"	"電力告急"	"STRINGS.DUPLICANTS.STATUSITEMS.BIONICCRITICALBATTERY.NAME"
"DUPLICANTS.STATUSITEMS"	"Dowsing {0}"	"探測 {0}"	"STRINGS.DUPLICANTS.STATUSITEMS.BIONICEXPLORERBOOSTER.NAME"
"DUPLICANTS.STATUSITEMS"	"Programming Microchip: {0}"	"程式化微晶片： {0}"	"STRINGS.DUPLICANTS.STATUSITEMS.BIONICMICROCHIPGENERATION.NAME"
"DUPLICANTS.STATUSITEMS"	"Incapacitated: Powerless"	"喪失行動能力：電力不足"	"STRINGS.DUPLICANTS.STATUSITEMS.BIONICOFFLINEINCAPACITATED.NAME"
"DUPLICANTS.STATUSITEMS"	"Awaiting Reboot"	"等待重啟"	"STRINGS.DUPLICANTS.STATUSITEMS.BIONICWAITINGFORREBOOT.NAME"
"DUPLICANTS.STATUSITEMS"	"Low Gear Oil"	"低齒輪油"	"STRINGS.DUPLICANTS.STATUSITEMS.BIONICWANTSOILCHANGE.NAME"
"DUPLICANTS.STATUSITEMS"	"Regulating temperature at: {TempDelta}"	"正在以 {TempDelta} 調節溫度"	"STRINGS.DUPLICANTS.STATUSITEMS.BODYREGULATINGCOOLING.NAME"
"DUPLICANTS.STATUSITEMS"	"Delivering resources to {Target}"	"正在運送資源到{Target}"	"STRINGS.DUPLICANTS.STATUSITEMS.BREAKDELIVERSTATUS.NAME"
"DUPLICANTS.STATUSITEMS"	"Breaking {Target}"	"破壞{Target}"	"STRINGS.DUPLICANTS.STATUSITEMS.BREAKWORKSTATUS.NAME"
"DUPLICANTS.STATUSITEMS"	"Inhaling {ConsumptionRate} O2"	"吸入 {ConsumptionRate} O2"	"STRINGS.DUPLICANTS.STATUSITEMS.BREATHINGO2.NAME"
"DUPLICANTS.STATUSITEMS"	"Oxygen Tank: {ConsumptionRate} O2"	"氧氣罐： {ConsumptionRate} O2"	"STRINGS.DUPLICANTS.STATUSITEMS.BREATHINGO2BIONIC.NAME"
"DUPLICANTS.STATUSITEMS"	"Building {Target}"	"建造{Target}"	"STRINGS.DUPLICANTS.STATUSITEMS.BUILDING.NAME"
"DUPLICANTS.STATUSITEMS"	"Carving {Target}"	"雕刻{Target}"	"STRINGS.DUPLICANTS.STATUSITEMS.CARVING.NAME"
"DUPLICANTS.STATUSITEMS"	"Cleaning {Target}"	"清理{Target}"	"STRINGS.DUPLICANTS.STATUSITEMS.CLEANING.NAME"
"DUPLICANTS.STATUSITEMS"	"Sweeping {Target}"	"打掃{Target}"	"STRINGS.DUPLICANTS.STATUSITEMS.CLEARING.NAME"
"DUPLICANTS.STATUSITEMS"	"Clogging a toilet"	"堵塞廁所"	"STRINGS.DUPLICANTS.STATUSITEMS.CLOGGINGTOILET.NAME"
"DUPLICANTS.STATUSITEMS"	"Going to flip compost"	"翻動堆肥"	"STRINGS.DUPLICANTS.STATUSITEMS.COMPOSTFLIPSTATUS.NAME"
"DUPLICANTS.STATUSITEMS"	"Contact with {Sickness} Germs"	"接觸{Sickness}病菌"	"STRINGS.DUPLICANTS.STATUSITEMS.CONTACTWITHGERMS.NAME"
"DUPLICANTS.STATUSITEMS"	"Yucky Lungs Coughing"	"肺部不適咳嗽"	"STRINGS.DUPLICANTS.STATUSITEMS.COUGHING.NAME"
"DUPLICANTS.STATUSITEMS"	"Daily calorie limit reached"	"已達到每日卡路里限制"	"STRINGS.DUPLICANTS.STATUSITEMS.DAILYRATIONLIMITREACHED.NAME"
"DUPLICANTS.STATUSITEMS"	"Rainmaker"	"神山之力"	"STRINGS.DUPLICANTS.STATUSITEMS.DATARAINERPLANNING.NAME"
"DUPLICANTS.STATUSITEMS"	"Dead: {Death}"	"死亡：{Death}"	"STRINGS.DUPLICANTS.STATUSITEMS.DEAD.NAME"
"DUPLICANTS.STATUSITEMS"	"Deconstructing {Target}"	"拆除{Target}"	"STRINGS.DUPLICANTS.STATUSITEMS.DECONSTRUCTING.NAME"
"DUPLICANTS.STATUSITEMS"	"Demolishing {Target}"	"拆毀{Target}"	"STRINGS.DUPLICANTS.STATUSITEMS.DEMOLISHING.NAME"
"DUPLICANTS.STATUSITEMS"	"Disinfecting {Target}"	"正在消毒{Target}"	"STRINGS.DUPLICANTS.STATUSITEMS.DISINFECTING.NAME"
"DUPLICANTS.STATUSITEMS"	"Treating Patient"	"治療病人"	"STRINGS.DUPLICANTS.STATUSITEMS.DOCTOR.NAME"
"DUPLICANTS.STATUSITEMS"	"Dreaming"	"做夢"	"STRINGS.DUPLICANTS.STATUSITEMS.DREAMING.NAME"
"DUPLICANTS.STATUSITEMS"	"Dropping objects"	"丟棄物品"	"STRINGS.DUPLICANTS.STATUSITEMS.DROPPINGUNUSEDINVENTORY.NAME"
"DUPLICANTS.STATUSITEMS"	"Early Bird"	"早起的鳥兒"	"STRINGS.DUPLICANTS.STATUSITEMS.EARLYMORNING.NAME"
"DUPLICANTS.STATUSITEMS"	"Eating {Target}"	"正在吃{Target}"	"STRINGS.DUPLICANTS.STATUSITEMS.EATING.NAME"
"DUPLICANTS.STATUSITEMS"	"Exhaling {EmittingRate} CO2"	"呼出 {EmittingRate} CO2"	"STRINGS.DUPLICANTS.STATUSITEMS.EMITTINGCO2.NAME"
"DUPLICANTS.STATUSITEMS"	"Emptying {Target}"	"清空{Target}"	"STRINGS.DUPLICANTS.STATUSITEMS.EMPTYING.NAME"
"DUPLICANTS.STATUSITEMS"	"Equipping {Target}"	"裝備{Target}"	"STRINGS.DUPLICANTS.STATUSITEMS.EQUIPPING.NAME"
"DUPLICANTS.STATUSITEMS"	"Shivering"	"發抖"	"STRINGS.DUPLICANTS.STATUSITEMS.EXITINGCOLD.NAME"
"DUPLICANTS.STATUSITEMS"	"Sweaty"	"出汗"	"STRINGS.DUPLICANTS.STATUSITEMS.EXITINGHOT.NAME"
"DUPLICANTS.STATUSITEMS"	"Cleansing Rads"	"清除輻射"	"STRINGS.DUPLICANTS.STATUSITEMS.EXPELLINGRADS.NAME"
"DUPLICANTS.STATUSITEMS"	"{Severity} to {Sickness} Germs"	"{Severity}{Sickness}病菌"	"STRINGS.DUPLICANTS.STATUSITEMS.EXPOSEDTOGERMS.NAME"
"DUPLICANTS.STATUSITEMS"	"Fabricating {Item}"	"製作{Item}"	"STRINGS.DUPLICANTS.STATUSITEMS.FABRICATING.NAME"
"DUPLICANTS.STATUSITEMS"	"In combat"	"戰鬥中"	"STRINGS.DUPLICANTS.STATUSITEMS.FIGHTING.NAME"
"DUPLICANTS.STATUSITEMS"	"Excavating Fossil"	"挖掘化石"	"STRINGS.DUPLICANTS.STATUSITEMS.FOSSILHUNT.WORKEREXCAVATING.NAME"
"DUPLICANTS.STATUSITEMS"	"Generating power"	"發電中"	"STRINGS.DUPLICANTS.STATUSITEMS.GENERATINGPOWER.NAME"
"DUPLICANTS.STATUSITEMS"	"Decadent Meal"	"罪惡的一餐"	"STRINGS.DUPLICANTS.STATUSITEMS.GOOD_FOOD_QUALITY.NAME"
"DUPLICANTS.STATUSITEMS"	"Harvesting {Target}"	"收成{Target}中"	"STRINGS.DUPLICANTS.STATUSITEMS.HARVESTING.NAME"
"DUPLICANTS.STATUSITEMS"	"Feeling ill"	"身體不適"	"STRINGS.DUPLICANTS.STATUSITEMS.HASDISEASE.NAME"
"DUPLICANTS.STATUSITEMS"	"Incapacitated: {CauseOfIncapacitation}\nTime until death: {TimeUntilDeath}\n"	"喪失工作能力：{CauseOfIncapacitation}\n死亡倒數：{TimeUntilDeath}\n"	"STRINGS.DUPLICANTS.STATUSITEMS.INCAPACITATED.NAME"
"DUPLICANTS.STATUSITEMS"	"Rescuing Bionic Friend"	"營救仿生同伴"	"STRINGS.DUPLICANTS.STATUSITEMS.INSTALLINGELECTROBANK.NAME"
"DUPLICANTS.STATUSITEMS"	"Lab Workspace"	"實驗室工作區"	"STRINGS.DUPLICANTS.STATUSITEMS.LABORATORYWORKEFFICIENCYBONUS.NAME"
"DUPLICANTS.STATUSITEMS"	"Lashing out"	"發泄"	"STRINGS.DUPLICANTS.STATUSITEMS.LASHINGOUT.NAME"
"DUPLICANTS.STATUSITEMS"	"Lit Workspace"	"明亮的工作區"	"STRINGS.DUPLICANTS.STATUSITEMS.LIGHTWORKEFFICIENCYBONUS.NAME"
"DUPLICANTS.STATUSITEMS"	"Under the Weather"	"略感不適"	"STRINGS.DUPLICANTS.STATUSITEMS.LOWIMMUNITY.NAME"
"DUPLICANTS.STATUSITEMS"	"Oxygen low"	"低氧"	"STRINGS.DUPLICANTS.STATUSITEMS.LOWOXYGEN.NAME"
"DUPLICANTS.STATUSITEMS"	"Rock Fan"	"岩石迷"	"STRINGS.DUPLICANTS.STATUSITEMS.METEORPHILE.NAME"
"DUPLICANTS.STATUSITEMS"	"Mingling"	"交流"	"STRINGS.DUPLICANTS.STATUSITEMS.MINGLING.NAME"
"DUPLICANTS.STATUSITEMS"	"Mission Controlling"	"控制任務"	"STRINGS.DUPLICANTS.STATUSITEMS.MISSIONCONTROLLING.NAME"
"DUPLICANTS.STATUSITEMS"	"Exiting Exosuit area"	"離開太空衣區域"	"STRINGS.DUPLICANTS.STATUSITEMS.MOVETOSUITNOTREQUIRED.NAME"
"DUPLICANTS.STATUSITEMS"	"Moving to safe area"	"移動到安全區域"	"STRINGS.DUPLICANTS.STATUSITEMS.MOVINGTOSAFEAREA.NAME"
"DUPLICANTS.STATUSITEMS"	"Mushing {Item}"	"正在壓製{Item}"	"STRINGS.DUPLICANTS.STATUSITEMS.MUSHING.NAME"
"DUPLICANTS.STATUSITEMS"	"Nervous breakdown"	"神經衰弱"	"STRINGS.DUPLICANTS.STATUSITEMS.NERVOUSBREAKDOWN.NAME"
"DUPLICANTS.STATUSITEMS"	"Night Owl"	"夜貓子"	"STRINGS.DUPLICANTS.STATUSITEMS.NIGHTTIME.NAME"
"DUPLICANTS.STATUSITEMS"	"No food available"	"無食物可食用"	"STRINGS.DUPLICANTS.STATUSITEMS.NORATIONSAVAILABLE.NAME"
"DUPLICANTS.STATUSITEMS"	"No Job"	"沒有工作"	"STRINGS.DUPLICANTS.STATUSITEMS.NOROLE.NAME"
"DUPLICANTS.STATUSITEMS"	"No Outhouses"	"沒有茅廁"	"STRINGS.DUPLICANTS.STATUSITEMS.NOTOILETS.NAME"
"DUPLICANTS.STATUSITEMS"	"Toilet out of order"	"無法使用廁所"	"STRINGS.DUPLICANTS.STATUSITEMS.NOUSABLETOILETS.NAME"
"DUPLICANTS.STATUSITEMS"	"Picking up {Target}"	"拾取{Target}"	"STRINGS.DUPLICANTS.STATUSITEMS.PICKINGUP.NAME"
"DUPLICANTS.STATUSITEMS"	"Lousy Meal"	"糟糕的一餐"	"STRINGS.DUPLICANTS.STATUSITEMS.POOR_FOOD_QUALITY.NAME"
"DUPLICANTS.STATUSITEMS"	"Drab decor"	"單調的裝飾"	"STRINGS.DUPLICANTS.STATUSITEMS.POORDECOR.NAME"
"DUPLICANTS.STATUSITEMS"	"Low Morale"	"低士氣"	"STRINGS.DUPLICANTS.STATUSITEMS.POORQUALITYOFLIFE.NAME"
"DUPLICANTS.STATUSITEMS"	"Refining {Item}"	"精煉{Item}"	"STRINGS.DUPLICANTS.STATUSITEMS.PROCESSING.NAME"
"DUPLICANTS.STATUSITEMS"	"Cannot reach quarantine"	"無法到達隔離區"	"STRINGS.DUPLICANTS.STATUSITEMS.QUARANTINEAREAUNREACHABLE.NAME"
"DUPLICANTS.STATUSITEMS"	"Quarantined"	"隔離"	"STRINGS.DUPLICANTS.STATUSITEMS.QUARANTINED.NAME"
"DUPLICANTS.STATUSITEMS"	"Radiation vomiting"	"輻射嘔吐"	"STRINGS.DUPLICANTS.STATUSITEMS.RADIATIONVOMITING.NAME"
"DUPLICANTS.STATUSITEMS"	"Food Type Not Permitted"	"食物種類不被允許"	"STRINGS.DUPLICANTS.STATUSITEMS.RATIONSNOTPERMITTED.NAME"
"DUPLICANTS.STATUSITEMS"	"Cannot reach food"	"無法取得食物"	"STRINGS.DUPLICANTS.STATUSITEMS.RATIONSUNREACHABLE.NAME"
"DUPLICANTS.STATUSITEMS"	"Draining Gunk"	"抽出黏渣"	"STRINGS.DUPLICANTS.STATUSITEMS.REMOTEWORKER.DRAINING.NAME"
"DUPLICANTS.STATUSITEMS"	"Docking"	"對接"	"STRINGS.DUPLICANTS.STATUSITEMS.REMOTEWORKER.ENTERINGDOCK.NAME"
"DUPLICANTS.STATUSITEMS"	"Gunk Clogged"	"黏渣堵塞"	"STRINGS.DUPLICANTS.STATUSITEMS.REMOTEWORKER.FULLGUNK.NAME"
"DUPLICANTS.STATUSITEMS"	"Gunk Buildup"	"黏渣堆積"	"STRINGS.DUPLICANTS.STATUSITEMS.REMOTEWORKER.HIGHGUNK.NAME"
"DUPLICANTS.STATUSITEMS"	"Low Power"	"低電量"	"STRINGS.DUPLICANTS.STATUSITEMS.REMOTEWORKER.LOWPOWER.NAME"
"DUPLICANTS.STATUSITEMS"	"No Dock"	"沒有基站"	"STRINGS.DUPLICANTS.STATUSITEMS.REMOTEWORKER.NOHOMEDOCK.NAME"
"DUPLICANTS.STATUSITEMS"	"Refilling Gear Oil"	"補充齒輪油"	"STRINGS.DUPLICANTS.STATUSITEMS.REMOTEWORKER.OILING.NAME"
"DUPLICANTS.STATUSITEMS"	"No Gear Oil"	"沒有齒輪油"	"STRINGS.DUPLICANTS.STATUSITEMS.REMOTEWORKER.OUTOFOIL.NAME"
"DUPLICANTS.STATUSITEMS"	"Power Remaining: {CHARGE} ({RATIO})"	"電量剩餘： {CHARGE} ({RATIO})"	"STRINGS.DUPLICANTS.STATUSITEMS.REMOTEWORKER.POWERSTATUS.NAME"
"DUPLICANTS.STATUSITEMS"	"Recharging"	"充電"	"STRINGS.DUPLICANTS.STATUSITEMS.REMOTEWORKER.RECHARGING.NAME"
"DUPLICANTS.STATUSITEMS"	"Unreachable Dock"	"基站遙不可及"	"STRINGS.DUPLICANTS.STATUSITEMS.REMOTEWORKER.UNREACHABLEDOCK.NAME"
"DUPLICANTS.STATUSITEMS"	"Repairing {Target}"	"修理{Target}中"	"STRINGS.DUPLICANTS.STATUSITEMS.REPAIRWORKSTATUS.NAME"
"DUPLICANTS.STATUSITEMS"	"Rescuing {Target}"	"治療{Target}"	"STRINGS.DUPLICANTS.STATUSITEMS.RESCUEWORKSTATUS.NAME"
"DUPLICANTS.STATUSITEMS"	"Researching {Tech}"	"正在研究{Tech}"	"STRINGS.DUPLICANTS.STATUSITEMS.RESEARCHING.NAME"
"DUPLICANTS.STATUSITEMS"	"Unlocking Research"	"正在解鎖研究"	"STRINGS.DUPLICANTS.STATUSITEMS.RESEARCHING_FROM_POI.NAME"
"DUPLICANTS.STATUSITEMS"	"Flash Mobber"	"即興表演者"	"STRINGS.DUPLICANTS.STATUSITEMS.ROBODANCERDANCING.NAME"
"DUPLICANTS.STATUSITEMS"	"{Role}: {Progress} Mastery"	"{Role}：{Progress} 熟練"	"STRINGS.DUPLICANTS.STATUSITEMS.ROLE.NAME"
"DUPLICANTS.STATUSITEMS"	"Severely injured"	"重傷"	"STRINGS.DUPLICANTS.STATUSITEMS.SEVEREWOUNDS.NAME"
"DUPLICANTS.STATUSITEMS"	"Showering"	"洗澡"	"STRINGS.DUPLICANTS.STATUSITEMS.SHOWERING.NAME"
"DUPLICANTS.STATUSITEMS"	"Sleeping badly"	"睡眠品質差"	"STRINGS.DUPLICANTS.STATUSITEMS.SLEEPINGBADLY.NAME"
"DUPLICANTS.STATUSITEMS"	"Unscheduled Nap"	"計劃外小睡"	"STRINGS.DUPLICANTS.STATUSITEMS.SLEEPINGEXHAUSTED.NAME"
"DUPLICANTS.STATUSITEMS"	"Interrupted Sleep: Cold Room"	"睡眠中斷：寒冷房間"	"STRINGS.DUPLICANTS.STATUSITEMS.SLEEPINGINTERRUPTEDBYCOLD.NAME"
"DUPLICANTS.STATUSITEMS"	"Interrupted Sleep: Afraid of Dark"	"睡眠中斷：害怕黑暗"	"STRINGS.DUPLICANTS.STATUSITEMS.SLEEPINGINTERRUPTEDBYFEAROFDARK.NAME"
"DUPLICANTS.STATUSITEMS"	"Interrupted Sleep: Bright Light"	"睡眠中斷：燈光太亮"	"STRINGS.DUPLICANTS.STATUSITEMS.SLEEPINGINTERRUPTEDBYLIGHT.NAME"
"DUPLICANTS.STATUSITEMS"	"Interrupted Sleep: Bed Jostling"	"睡眠中斷：床在晃動"	"STRINGS.DUPLICANTS.STATUSITEMS.SLEEPINGINTERRUPTEDBYMOVEMENT.NAME"
"DUPLICANTS.STATUSITEMS"	"Interrupted Sleep: Snoring Friend"	"睡眠中斷：朋友的打呼聲"	"STRINGS.DUPLICANTS.STATUSITEMS.SLEEPINGINTERRUPTEDBYNOISE.NAME"
"DUPLICANTS.STATUSITEMS"	"Can't sleep"	"無法睡覺"	"STRINGS.DUPLICANTS.STATUSITEMS.SLEEPINGTERRIBLY.NAME"
"DUPLICANTS.STATUSITEMS"	"Slipping"	"打滑"	"STRINGS.DUPLICANTS.STATUSITEMS.SLIPPERING.NAME"
"DUPLICANTS.STATUSITEMS"	"Socializing"	"社交"	"STRINGS.DUPLICANTS.STATUSITEMS.SOCIALIZING.NAME"
"DUPLICANTS.STATUSITEMS"	"Spicing Food"	"香料食物"	"STRINGS.DUPLICANTS.STATUSITEMS.SPICING.NAME"
"DUPLICANTS.STATUSITEMS"	"Allocating {Item} to {Target}"	"運送{Item}給{Target}"	"STRINGS.DUPLICANTS.STATUSITEMS.STOREFORBUILDPRIORITIZEDDELIVERSTATUS.NAME"
"DUPLICANTS.STATUSITEMS"	"Storing {Item}"	"儲存{Item}"	"STRINGS.DUPLICANTS.STATUSITEMS.STORING.NAME"
"DUPLICANTS.STATUSITEMS"	"Frustrated"	"失意"	"STRINGS.DUPLICANTS.STATUSITEMS.STRESS_SIGNAL_AGGRESIVE.NAME"
"DUPLICANTS.STATUSITEMS"	"Suppressed Screams"	"壓抑的叫聲"	"STRINGS.DUPLICANTS.STATUSITEMS.STRESS_SIGNAL_BANSHEE.NAME"
"DUPLICANTS.STATUSITEMS"	"Stress Cravings"	"壓力引發的渴望"	"STRINGS.DUPLICANTS.STATUSITEMS.STRESS_SIGNAL_BINGE_EAT.NAME"
"DUPLICANTS.STATUSITEMS"	"Dangerously Frayed"	"嚴重磨損"	"STRINGS.DUPLICANTS.STATUSITEMS.STRESS_SIGNAL_STRESS_SHOCKER.NAME"
"DUPLICANTS.STATUSITEMS"	"Misty Eyed"	"朦朧的雙眼"	"STRINGS.DUPLICANTS.STATUSITEMS.STRESS_SIGNAL_UGLY_CRIER.NAME"
"DUPLICANTS.STATUSITEMS"	"Stress Burp"	"壓力引發的打嗝"	"STRINGS.DUPLICANTS.STATUSITEMS.STRESS_SIGNAL_VOMITER.NAME"
"DUPLICANTS.STATUSITEMS"	"Stressed"	"壓力"	"STRINGS.DUPLICANTS.STATUSITEMS.STRESSED.NAME"
"DUPLICANTS.STATUSITEMS"	"Expelling gunk"	"排出黏渣"	"STRINGS.DUPLICANTS.STATUSITEMS.STRESSFULLYEMPTYINGOIL.NAME"
"DUPLICANTS.STATUSITEMS"	"Stress vomiting"	"過壓嘔吐"	"STRINGS.DUPLICANTS.STATUSITEMS.STRESSVOMITING.NAME"
"DUPLICANTS.STATUSITEMS"	"Analyzing"	"分析中"	"STRINGS.DUPLICANTS.STATUSITEMS.STUDYING.NAME"
"DUPLICANTS.STATUSITEMS"	"Tinkering"	"微調"	"STRINGS.DUPLICANTS.STATUSITEMS.TINKERING.NAME"
"DUPLICANTS.STATUSITEMS"	"Tired"	"疲勞"	"STRINGS.DUPLICANTS.STATUSITEMS.TIRED.NAME"
"DUPLICANTS.STATUSITEMS"	"Change {Target} setting"	"改變{Target}設定"	"STRINGS.DUPLICANTS.STATUSITEMS.TOGGLING.NAME"
"DUPLICANTS.STATUSITEMS"	"Unreachable toilet"	"無法到達廁所"	"STRINGS.DUPLICANTS.STATUSITEMS.TOILETUNREACHABLE.NAME"
"DUPLICANTS.STATUSITEMS"	"Uprooting {Target}"	"正在剷起{Target}"	"STRINGS.DUPLICANTS.STATUSITEMS.UPROOTING.NAME"
"DUPLICANTS.STATUSITEMS"	"Throwing up"	"嘔吐"	"STRINGS.DUPLICANTS.STATUSITEMS.VOMITING.NAME"
"DUPLICANTS.STATUSITEMS"	"Washing hands"	"正在洗手"	"STRINGS.DUPLICANTS.STATUSITEMS.WASHINGHANDS.NAME"
"DUPLICANTS.STATUSITEMS"	"Watching Flash Mobber"	"正在觀看即興表演者"	"STRINGS.DUPLICANTS.STATUSITEMS.WATCHROBODANCERWORKABLE.NAME"
"DUPLICANTS.STATUSITEMS"	"Smooth Rider"	"滑溜溜"	"STRINGS.DUPLICANTS.STATUSITEMS.WAXEDFORTRANSITTUBE.NAME"
"DUPLICANTS.STATUSITEMS"	"Wearing Pajamas"	"穿著睡衣"	"STRINGS.DUPLICANTS.STATUSITEMS.WEARING_PAJAMAS.NAME"
"DUPLICANTS.TRAITS"	"Destructive"	"破壞狂"	"STRINGS.DUPLICANTS.TRAITS.AGGRESSIVE.NAME"
"DUPLICANTS.TRAITS"	"Allergies"	"過敏"	"STRINGS.DUPLICANTS.TRAITS.ALLERGIES.NAME"
"DUPLICANTS.TRAITS"	"Ancient Knowledge"	"古代知識"	"STRINGS.DUPLICANTS.TRAITS.ANCIENTKNOWLEDGE.NAME"
"DUPLICANTS.TRAITS"	"Anemic"	"貧血"	"STRINGS.DUPLICANTS.TRAITS.ANEMIC.NAME"
"DUPLICANTS.TRAITS"	"Anxious"	"焦慮"	"STRINGS.DUPLICANTS.TRAITS.ANXIOUS.NAME"
"DUPLICANTS.TRAITS"	"Relic Hunter"	"遺跡獵人"	"STRINGS.DUPLICANTS.TRAITS.ARCHAEOLOGIST.NAME"
"DUPLICANTS.TRAITS"	"Unpracticed Artist"	"缺乏經驗的藝術家"	"STRINGS.DUPLICANTS.TRAITS.ARTDOWN.NAME"
"DUPLICANTS.TRAITS"	"Banshee"	"女妖"	"STRINGS.DUPLICANTS.TRAITS.BANSHEE.NAME"
"DUPLICANTS.TRAITS"	"Caregiver"	"護理師"	"STRINGS.DUPLICANTS.TRAITS.BEDSIDEMANNER.NAME"
"DUPLICANTS.TRAITS"	"Binge Eater"	"暴食症"	"STRINGS.DUPLICANTS.TRAITS.BINGEEATER.NAME"
"DUPLICANTS.TRAITS"	"Bionic Bug: Rigid Thinking"	"仿生問題：僵化思維"	"STRINGS.DUPLICANTS.TRAITS.BIONICBUG1.NAME"
"DUPLICANTS.TRAITS"	"Bionic Bug: Dissociative"	"仿生問題：人格障礙"	"STRINGS.DUPLICANTS.TRAITS.BIONICBUG2.NAME"
"DUPLICANTS.TRAITS"	"Bionic Bug: All Thumbs"	"仿生問題：笨手笨腳"	"STRINGS.DUPLICANTS.TRAITS.BIONICBUG3.NAME"
"DUPLICANTS.TRAITS"	"Bionic Bug: Overengineered"	"仿生問題：過度設計"	"STRINGS.DUPLICANTS.TRAITS.BIONICBUG4.NAME"
"DUPLICANTS.TRAITS"	"Bionic Bug: Late Bloomer"	"仿生問題：大器晚成"	"STRINGS.DUPLICANTS.TRAITS.BIONICBUG5.NAME"
"DUPLICANTS.TRAITS"	"Bionic Bug: Urbanite"	"仿生問題：天龍人"	"STRINGS.DUPLICANTS.TRAITS.BIONICBUG6.NAME"
"DUPLICANTS.TRAITS"	"Bionic Bug: Error Prone"	"仿生問題：容易出錯"	"STRINGS.DUPLICANTS.TRAITS.BIONICBUG7.NAME"
"DUPLICANTS.TRAITS"	"Plant Murderer"	"植物殺手"	"STRINGS.DUPLICANTS.TRAITS.BOTANISTDOWN.NAME"
"DUPLICANTS.TRAITS"	"Bottomless Stomach"	"無底胃"	"STRINGS.DUPLICANTS.TRAITS.CALORIEBURNER.NAME"
"DUPLICANTS.TRAITS"	"Unconstructive"	"無法建造"	"STRINGS.DUPLICANTS.TRAITS.CANTBUILD.NAME"
"DUPLICANTS.TRAITS"	"Gastrophobia"	"料理恐懼症"	"STRINGS.DUPLICANTS.TRAITS.CANTCOOK.NAME"
"DUPLICANTS.TRAITS"	"Trypophobia"	"密集恐懼症"	"STRINGS.DUPLICANTS.TRAITS.CANTDIG.NAME"
"DUPLICANTS.TRAITS"	"Yokel"	"鄉巴佬"	"STRINGS.DUPLICANTS.TRAITS.CANTRESEARCH.NAME"
"DUPLICANTS.TRAITS"	"Unempathetic"	"沒有愛心"	"STRINGS.DUPLICANTS.TRAITS.CARINGDOWN.NAME"
"DUPLICANTS.TRAITS"	"Charismatic"	"魅力超凡"	"STRINGS.DUPLICANTS.TRAITS.CHATTY.NAME"
"DUPLICANTS.TRAITS"	"Building Impaired"	"建築苦手"	"STRINGS.DUPLICANTS.TRAITS.CONSTRUCTIONDOWN.NAME"
"DUPLICANTS.TRAITS"	"Handy"	"雙手靈巧"	"STRINGS.DUPLICANTS.TRAITS.CONSTRUCTIONUP.NAME"
"DUPLICANTS.TRAITS"	"Kitchen Menace"	"炸廚房"	"STRINGS.DUPLICANTS.TRAITS.COOKINGDOWN.NAME"
"DUPLICANTS.TRAITS"	"Shabby Dresser"	"邋遢的衣著"	"STRINGS.DUPLICANTS.TRAITS.DECORDOWN.NAME"
"DUPLICANTS.TRAITS"	"Innately Stylish"	"天生時尚"	"STRINGS.DUPLICANTS.TRAITS.DECORUP.NAME"
"DUPLICANTS.TRAITS"	"Deep Diver's Lungs"	"深潛者的肺"	"STRINGS.DUPLICANTS.TRAITS.DEEPERDIVERSLUNGS.NAME"
"DUPLICANTS.TRAITS"	"Undigging"	"挖掘苦手"	"STRINGS.DUPLICANTS.TRAITS.DIGGINGDOWN.NAME"
"DUPLICANTS.TRAITS"	"Diver's Lungs"	"潛水員的肺"	"STRINGS.DUPLICANTS.TRAITS.DIVERSLUNG.NAME"
"DUPLICANTS.TRAITS"	"Quick Learner"	"天資過人"	"STRINGS.DUPLICANTS.TRAITS.FASTLEARNER.NAME"
"DUPLICANTS.TRAITS"	"Flatulent"	"胃脹氣"	"STRINGS.DUPLICANTS.TRAITS.FLATULENCE.NAME"
"DUPLICANTS.TRAITS"	"Gourmet"	"美食家"	"STRINGS.DUPLICANTS.TRAITS.FOODIE.NAME"
"DUPLICANTS.TRAITS"	"Frost Proof"	"防寒"	"STRINGS.DUPLICANTS.TRAITS.FROSTPROOF.NAME"
"DUPLICANTS.TRAITS"	"Glow Stick"	"螢光棒"	"STRINGS.DUPLICANTS.TRAITS.GLOWSTICK.NAME"
"DUPLICANTS.TRAITS"	"Skilled: Art Fundamentals"	"掌握技能：藝術基礎"	"STRINGS.DUPLICANTS.TRAITS.GRANTSKILL_ARTING1.NAME"
"DUPLICANTS.TRAITS"	"Skilled: Aesthetic Design"	"掌握技能：美學設計"	"STRINGS.DUPLICANTS.TRAITS.GRANTSKILL_ARTING2.NAME"
"DUPLICANTS.TRAITS"	"Skilled: Masterworks"	"掌握技能：大師作品"	"STRINGS.DUPLICANTS.TRAITS.GRANTSKILL_ARTING3.NAME"
"DUPLICANTS.TRAITS"	"Skilled: Rocket Piloting"	"掌握技能：火箭駕駛"	"STRINGS.DUPLICANTS.TRAITS.GRANTSKILL_ASTRONAUTING1.NAME"
"DUPLICANTS.TRAITS"	"Skilled: Rocket Navigation"	"掌握技能：火箭導航"	"STRINGS.DUPLICANTS.TRAITS.GRANTSKILL_ASTRONAUTING2.NAME"
"DUPLICANTS.TRAITS"	"Skilled: Improved Strength"	"掌握技能：力量強化"	"STRINGS.DUPLICANTS.TRAITS.GRANTSKILL_BASEKEEPING1.NAME"
"DUPLICANTS.TRAITS"	"Skilled: Plumbing"	"掌握技能：管路工程"	"STRINGS.DUPLICANTS.TRAITS.GRANTSKILL_BASEKEEPING2.NAME"
"DUPLICANTS.TRAITS"	"Skilled: Improved Construction I"	"掌握技能：建造技術改良 I"	"STRINGS.DUPLICANTS.TRAITS.GRANTSKILL_BUILDING1.NAME"
"DUPLICANTS.TRAITS"	"Skilled: Improved Construction II"	"掌握技能：建造技術改良 II"	"STRINGS.DUPLICANTS.TRAITS.GRANTSKILL_BUILDING2.NAME"
"DUPLICANTS.TRAITS"	"Skilled: Demolition"	"掌握技能：拆毀遺跡"	"STRINGS.DUPLICANTS.TRAITS.GRANTSKILL_BUILDING3.NAME"
"DUPLICANTS.TRAITS"	"Skilled: Grilling"	"掌握技能：燒烤 I"	"STRINGS.DUPLICANTS.TRAITS.GRANTSKILL_COOKING1.NAME"
"DUPLICANTS.TRAITS"	"Skilled: Grilling II"	"掌握技能：燒烤 II"	"STRINGS.DUPLICANTS.TRAITS.GRANTSKILL_COOKING2.NAME"
"DUPLICANTS.TRAITS"	"Skilled: Mechatronics Engineering"	"掌握技能：機電整合工程"	"STRINGS.DUPLICANTS.TRAITS.GRANTSKILL_ENGINEERING1.NAME"
"DUPLICANTS.TRAITS"	"Skilled: Improved Farming I"	"掌握技能：耕種技術改良 I"	"STRINGS.DUPLICANTS.TRAITS.GRANTSKILL_FARMING1.NAME"
"DUPLICANTS.TRAITS"	"Skilled: Crop Tending"	"掌握技能：作物照料"	"STRINGS.DUPLICANTS.TRAITS.GRANTSKILL_FARMING2.NAME"
"DUPLICANTS.TRAITS"	"Skilled: Improved Farming II"	"掌握技能：耕種技術改良 II"	"STRINGS.DUPLICANTS.TRAITS.GRANTSKILL_FARMING3.NAME"
"DUPLICANTS.TRAITS"	"Skilled: Improved Carrying I"	"掌握技能：負重強化 I"	"STRINGS.DUPLICANTS.TRAITS.GRANTSKILL_HAULING1.NAME"
"DUPLICANTS.TRAITS"	"Skilled: Improved Carrying II"	"掌握技能：負重強化 II"	"STRINGS.DUPLICANTS.TRAITS.GRANTSKILL_HAULING2.NAME"
"DUPLICANTS.TRAITS"	"Skilled: Medicine Compounding"	"掌握技能：藥物配製"	"STRINGS.DUPLICANTS.TRAITS.GRANTSKILL_MEDICINE1.NAME"
"DUPLICANTS.TRAITS"	"Skilled: Bedside Manner"	"掌握技能：床邊看護"	"STRINGS.DUPLICANTS.TRAITS.GRANTSKILL_MEDICINE2.NAME"
"DUPLICANTS.TRAITS"	"Skilled: Advanced Medical Care"	"掌握技能：進階醫療照顧"	"STRINGS.DUPLICANTS.TRAITS.GRANTSKILL_MEDICINE3.NAME"
"DUPLICANTS.TRAITS"	"Skilled: Hard Digging"	"掌握技能：硬物挖掘"	"STRINGS.DUPLICANTS.TRAITS.GRANTSKILL_MINING1.NAME"
"DUPLICANTS.TRAITS"	"Skilled: Superhard Digging"	"掌握技能：超硬物挖掘"	"STRINGS.DUPLICANTS.TRAITS.GRANTSKILL_MINING2.NAME"
"DUPLICANTS.TRAITS"	"Skilled: Super-Duperhard Digging"	"掌握技能：極硬物挖掘"	"STRINGS.DUPLICANTS.TRAITS.GRANTSKILL_MINING3.NAME"
"DUPLICANTS.TRAITS"	"Skilled: Hazmat Digging"	"掌握技能：危險品挖掘"	"STRINGS.DUPLICANTS.TRAITS.GRANTSKILL_MINING4.NAME"
"DUPLICANTS.TRAITS"	"Skilled: Pyrotechnics"	"掌握技能：火工技藝"	"STRINGS.DUPLICANTS.TRAITS.GRANTSKILL_PYROTECHNICS.NAME"
"DUPLICANTS.TRAITS"	"Skilled: Critter Ranching I"	"掌握技能：畜牧 I"	"STRINGS.DUPLICANTS.TRAITS.GRANTSKILL_RANCHING1.NAME"
"DUPLICANTS.TRAITS"	"Skilled: Critter Ranching II"	"掌握技能：畜牧 II"	"STRINGS.DUPLICANTS.TRAITS.GRANTSKILL_RANCHING2.NAME"
"DUPLICANTS.TRAITS"	"Skilled: Advanced Research"	"掌握技能：進階研究"	"STRINGS.DUPLICANTS.TRAITS.GRANTSKILL_RESEARCHING1.NAME"
"DUPLICANTS.TRAITS"	"Skilled: Field Research"	"掌握技能：野外調查"	"STRINGS.DUPLICANTS.TRAITS.GRANTSKILL_RESEARCHING2.NAME"
"DUPLICANTS.TRAITS"	"Skilled: Astronomy"	"掌握技能：天文學"	"STRINGS.DUPLICANTS.TRAITS.GRANTSKILL_RESEARCHING3.NAME"
"DUPLICANTS.TRAITS"	"Skilled: Applied Sciences Research"	"掌握技能：應用科學研究"	"STRINGS.DUPLICANTS.TRAITS.GRANTSKILL_RESEARCHING4.NAME"
"DUPLICANTS.TRAITS"	"Skilled: Exosuit Training"	"掌握技能：太空衣訓練"	"STRINGS.DUPLICANTS.TRAITS.GRANTSKILL_SUITS1.NAME"
"DUPLICANTS.TRAITS"	"Skilled: Improved Tinkering"	"掌握技能：精進調整"	"STRINGS.DUPLICANTS.TRAITS.GRANTSKILL_TECHNICALS1.NAME"
"DUPLICANTS.TRAITS"	"Skilled: Electrical Engineering"	"掌握技能：電氣工程"	"STRINGS.DUPLICANTS.TRAITS.GRANTSKILL_TECHNICALS2.NAME"
"DUPLICANTS.TRAITS"	"Grease Monkey"	"搗蛋鬼"	"STRINGS.DUPLICANTS.TRAITS.GREASEMONKEY.NAME"
"DUPLICANTS.TRAITS"	"Green Thumb"	"綠拇指"	"STRINGS.DUPLICANTS.TRAITS.GREENTHUMB.NAME"
"DUPLICANTS.TRAITS"	"Yodeler"	"輕曲哼唱者"	"STRINGS.DUPLICANTS.TRAITS.HAPPYSINGER.NAME"
"DUPLICANTS.TRAITS"	"Squeamish"	"神經質"	"STRINGS.DUPLICANTS.TRAITS.HEMOPHOBIA.NAME"
"DUPLICANTS.TRAITS"	"Interior Decorator"	"室內設計師"	"STRINGS.DUPLICANTS.TRAITS.INTERIORDECORATOR.NAME"
"DUPLICANTS.TRAITS"	"Iron Gut"	"鐵胃"	"STRINGS.DUPLICANTS.TRAITS.IRONGUT.NAME"
"DUPLICANTS.TRAITS"	"Irritable Bowel"	"腸躁症"	"STRINGS.DUPLICANTS.TRAITS.IRRITABLEBOWEL.NAME"
"DUPLICANTS.TRAITS"	"Loner"	"獨行俠"	"STRINGS.DUPLICANTS.TRAITS.LONER.NAME"
"DUPLICANTS.TRAITS"	"Luddite"	"盧德主義者"	"STRINGS.DUPLICANTS.TRAITS.MACHINERYDOWN.NAME"
"DUPLICANTS.TRAITS"	"Mole Hands"	"田鼠手"	"STRINGS.DUPLICANTS.TRAITS.MOLEHANDS.NAME"
"DUPLICANTS.TRAITS"	"Mouth Breather"	"用嘴呼吸"	"STRINGS.DUPLICANTS.TRAITS.MOUTHBREATHER.NAME"
"DUPLICANTS.TRAITS"	"Narcoleptic"	"嗜睡症"	"STRINGS.DUPLICANTS.TRAITS.NARCOLEPSY.NAME"
"DUPLICANTS.TRAITS"	"Vertigo Prone"	"懼高症"	"STRINGS.DUPLICANTS.TRAITS.NEEDS.CLIMACOPHOBIC.NAME"
"DUPLICANTS.TRAITS"	"Fashionista"	"時尚達人"	"STRINGS.DUPLICANTS.TRAITS.NEEDS.FASHIONABLE.NAME"
"DUPLICANTS.TRAITS"	"Pudgy"	"圓滾滾"	"STRINGS.DUPLICANTS.TRAITS.NEEDS.PREFERSCOOLER.NAME"
"DUPLICANTS.TRAITS"	"Skinny"	"骨瘦如柴"	"STRINGS.DUPLICANTS.TRAITS.NEEDS.PREFERSWARMER.NAME"
"DUPLICANTS.TRAITS"	"Delicate Feetsies"	"細嫩腳腳"	"STRINGS.DUPLICANTS.TRAITS.NEEDS.SENSITIVEFEET.NAME"
"DUPLICANTS.TRAITS"	"Solitary Sleeper"	"獨自睡眠"	"STRINGS.DUPLICANTS.TRAITS.NEEDS.SOLITARYSLEEPER.NAME"
"DUPLICANTS.TRAITS"	"Workaholic"	"工作狂"	"STRINGS.DUPLICANTS.TRAITS.NEEDS.WORKAHOLIC.NAME"
"DUPLICANTS.TRAITS"	"Nyctophobic"	"黑夜恐懼症"	"STRINGS.DUPLICANTS.TRAITS.NIGHTLIGHT.NAME"
"DUPLICANTS.TRAITS"	"Noodle Arms"	"麵條手"	"STRINGS.DUPLICANTS.TRAITS.NOODLEARMS.NAME"
"DUPLICANTS.TRAITS"	"Radiation Eater"	"輻射吞噬者"	"STRINGS.DUPLICANTS.TRAITS.RADIATIONEATER.NAME"
"DUPLICANTS.TRAITS"	"Critter Aversion"	"討厭小動物"	"STRINGS.DUPLICANTS.TRAITS.RANCHINGDOWN.NAME"
"DUPLICANTS.TRAITS"	"Animal Lover"	"愛動物的人"	"STRINGS.DUPLICANTS.TRAITS.RANCHINGUP.NAME"
"DUPLICANTS.TRAITS"	"Regenerative"	"自體修復"	"STRINGS.DUPLICANTS.TRAITS.REGENERATION.NAME"
"DUPLICANTS.TRAITS"	"Beefsteak"	"虎背熊腰"	"STRINGS.DUPLICANTS.TRAITS.ROCKCRUSHER.NAME"
"DUPLICANTS.TRAITS"	"Pacifist"	"和平主義者"	"STRINGS.DUPLICANTS.TRAITS.SCAREDYCAT.NAME"
"DUPLICANTS.TRAITS"	"Shrivelled Tastebuds"	"缺乏味蕾"	"STRINGS.DUPLICANTS.TRAITS.SIMPLETASTES.NAME"
"DUPLICANTS.TRAITS"	"Slow Learner"	"資質駑鈍"	"STRINGS.DUPLICANTS.TRAITS.SLOWLEARNER.NAME"
"DUPLICANTS.TRAITS"	"Small Bladder"	"小膀胱"	"STRINGS.DUPLICANTS.TRAITS.SMALLBLADDER.NAME"
"DUPLICANTS.TRAITS"	"Loud Sleeper"	"鼾聲如雷"	"STRINGS.DUPLICANTS.TRAITS.SNORER.NAME"
"DUPLICANTS.TRAITS"	"Sparkle Streaker"	"閃閃發光"	"STRINGS.DUPLICANTS.TRAITS.SPARKLESTREAKER.NAME"
"DUPLICANTS.TRAITS"	"Masterworks Art Booster"	"大師藝術加速器"	"STRINGS.DUPLICANTS.TRAITS.STARTWITHBOOSTER_ART1.NAME"
"DUPLICANTS.TRAITS"	"Strength Booster"	"力量加速器"	"STRINGS.DUPLICANTS.TRAITS.STARTWITHBOOSTER_CARRY1.NAME"
"DUPLICANTS.TRAITS"	"Construction Booster"	"建築加速器"	"STRINGS.DUPLICANTS.TRAITS.STARTWITHBOOSTER_CONSTRUCT1.NAME"
"DUPLICANTS.TRAITS"	"Grilling Booster"	"燒烤加速器"	"STRINGS.DUPLICANTS.TRAITS.STARTWITHBOOSTER_COOK1.NAME"
"DUPLICANTS.TRAITS"	"Digging Booster"	"挖掘加速器"	"STRINGS.DUPLICANTS.TRAITS.STARTWITHBOOSTER_DIG1.NAME"
"DUPLICANTS.TRAITS"	"Extreme Digging Booster"	"極限挖掘加速器"	"STRINGS.DUPLICANTS.TRAITS.STARTWITHBOOSTER_DIG2.NAME"
"DUPLICANTS.TRAITS"	"Crop Tending Booster"	"作物照料加速器"	"STRINGS.DUPLICANTS.TRAITS.STARTWITHBOOSTER_FARM1.NAME"
"DUPLICANTS.TRAITS"	"Advanced Medical Booster"	"進階醫療加速器"	"STRINGS.DUPLICANTS.TRAITS.STARTWITHBOOSTER_MEDICINE1.NAME"
"DUPLICANTS.TRAITS"	"Electrical Engineering Booster"	"電氣工程加速器"	"STRINGS.DUPLICANTS.TRAITS.STARTWITHBOOSTER_OP1.NAME"
"DUPLICANTS.TRAITS"	"Ranching Booster"	"畜牧加速器"	"STRINGS.DUPLICANTS.TRAITS.STARTWITHBOOSTER_RANCH1.NAME"
"DUPLICANTS.TRAITS"	"Suit Training Booster"	"服裝訓練加速器"	"STRINGS.DUPLICANTS.TRAITS.STARTWITHBOOSTER_SUITS1.NAME"
"DUPLICANTS.TRAITS"	"Sticker Bomber"	"貼紙炸彈客"	"STRINGS.DUPLICANTS.TRAITS.STICKERBOMBER.NAME"
"DUPLICANTS.TRAITS"	"Stunner"	"漏電"	"STRINGS.DUPLICANTS.TRAITS.STRESSSHOCKER.NAME"
"DUPLICANTS.TRAITS"	"Vomiter"	"反胃"	"STRINGS.DUPLICANTS.TRAITS.STRESSVOMITER.NAME"
"DUPLICANTS.TRAITS"	"Buff"	"肌肉發達"	"STRINGS.DUPLICANTS.TRAITS.STRONGARM.NAME"
"DUPLICANTS.TRAITS"	"Germ Resistant"	"抗菌體質"	"STRINGS.DUPLICANTS.TRAITS.STRONGIMMUNESYSTEM.NAME"
"DUPLICANTS.TRAITS"	"Sunny Disposition"	"性格開朗"	"STRINGS.DUPLICANTS.TRAITS.SUNNYDISPOSITION.NAME"
"DUPLICANTS.TRAITS"	"Super Productive"	"效率超高"	"STRINGS.DUPLICANTS.TRAITS.SUPERPRODUCTIVE.NAME"
"DUPLICANTS.TRAITS"	"Duress to Impress"	"逼迫自己"	"STRINGS.DUPLICANTS.TRAITS.THRIVER.NAME"
"DUPLICANTS.TRAITS"	"Twinkletoes"	"身輕如燕"	"STRINGS.DUPLICANTS.TRAITS.TWINKLETOES.NAME"
"DUPLICANTS.TRAITS"	"Ugly Crier"	"愛哭鬼"	"STRINGS.DUPLICANTS.TRAITS.UGLYCRIER.NAME"
"DUPLICANTS.TRAITS"	"Uncultured"	"毫無品味"	"STRINGS.DUPLICANTS.TRAITS.UNCULTURED.NAME"
"DUPLICANTS.TRAITS"	"Biohazardous"	"體弱多病"	"STRINGS.DUPLICANTS.TRAITS.WEAKIMMUNESYSTEM.NAME"
"ELEMENTS"	"Aerogel"	"氣凝膠"	"STRINGS.ELEMENTS.AEROGEL.NAME"
"ELEMENTS"	"Algae"	"藻類"	"STRINGS.ELEMENTS.ALGAE.NAME"
"ELEMENTS"	"Aluminum"	"鋁"	"STRINGS.ELEMENTS.ALUMINUM.NAME"
"ELEMENTS"	"Aluminum Gas"	"鋁"	"STRINGS.ELEMENTS.ALUMINUMGAS.NAME"
"ELEMENTS"	"Aluminum Ore"	"鋁礦"	"STRINGS.ELEMENTS.ALUMINUMORE.NAME"
"ELEMENTS"	"Amber"	"琥珀"	"STRINGS.ELEMENTS.AMBER.NAME"
"ELEMENTS"	"Bitumen"	"瀝青"	"STRINGS.ELEMENTS.BITUMEN.NAME"
"ELEMENTS"	"Bleach Stone"	"漂白石"	"STRINGS.ELEMENTS.BLEACHSTONE.NAME"
"ELEMENTS"	"Water"	"水"	"STRINGS.ELEMENTS.BOTTLEDWATER.NAME"
"ELEMENTS"	"Brick"	"黏土磚"	"STRINGS.ELEMENTS.BRICK.NAME"
"ELEMENTS"	"Brine"	"濃鹽水"	"STRINGS.ELEMENTS.BRINE.NAME"
"ELEMENTS"	"Brine Ice"	"濃鹽水冰"	"STRINGS.ELEMENTS.BRINEICE.NAME"
"ELEMENTS"	"Coal"	"煤炭"	"STRINGS.ELEMENTS.CARBON.NAME"
"ELEMENTS"	"Carbon Dioxide"	"二氧化碳"	"STRINGS.ELEMENTS.CARBONDIOXIDE.NAME"
"ELEMENTS"	"Carbon Fiber"	"碳纖維"	"STRINGS.ELEMENTS.CARBONFIBRE.NAME"
"ELEMENTS"	"Carbon Gas"	"碳"	"STRINGS.ELEMENTS.CARBONGAS.NAME"
"ELEMENTS"	"Cement"	"水泥"	"STRINGS.ELEMENTS.CEMENT.NAME"
"ELEMENTS"	"Cement Mix"	"水泥混合料"	"STRINGS.ELEMENTS.CEMENTMIX.NAME"
"ELEMENTS"	"Ceramic"	"陶瓷"	"STRINGS.ELEMENTS.CERAMIC.NAME"
"ELEMENTS"	"Liquid Chlorine"	"氯"	"STRINGS.ELEMENTS.CHLORINE.NAME"
"ELEMENTS"	"Chlorine Gas"	"氯"	"STRINGS.ELEMENTS.CHLORINEGAS.NAME"
"ELEMENTS"	"Cinnabar Ore"	"辰砂"	"STRINGS.ELEMENTS.CINNABAR.NAME"
"ELEMENTS"	"Clay"	"黏土"	"STRINGS.ELEMENTS.CLAY.NAME"
"ELEMENTS"	"Cobalt"	"鈷"	"STRINGS.ELEMENTS.COBALT.NAME"
"ELEMENTS"	"Cobalt Gas"	"鈷"	"STRINGS.ELEMENTS.COBALTGAS.NAME"
"ELEMENTS"	"Cobalt Ore"	"鈷礦"	"STRINGS.ELEMENTS.COBALTITE.NAME"
"ELEMENTS"	"Composition"	"組合物"	"STRINGS.ELEMENTS.COMPOSITION.NAME"
"ELEMENTS"	"Polluted Oxygen"	"汙氧"	"STRINGS.ELEMENTS.CONTAMINATEDOXYGEN.NAME"
"ELEMENTS"	"Copper"	"銅"	"STRINGS.ELEMENTS.COPPER.NAME"
"ELEMENTS"	"Copper Gas"	"銅"	"STRINGS.ELEMENTS.COPPERGAS.NAME"
"ELEMENTS"	"Corium"	"爐心熔融物"	"STRINGS.ELEMENTS.CORIUM.NAME"
"ELEMENTS"	"Genetic Ooze"	"基因軟泥"	"STRINGS.ELEMENTS.CREATURE.NAME"
"ELEMENTS"	"Crude Oil"	"原油"	"STRINGS.ELEMENTS.CRUDEOIL.NAME"
"ELEMENTS"	"Crushed Ice"	"碎冰"	"STRINGS.ELEMENTS.CRUSHEDICE.NAME"
"ELEMENTS"	"Crushed Rock"	"碎石"	"STRINGS.ELEMENTS.CRUSHEDROCK.NAME"
"ELEMENTS"	"Copper Ore"	"銅礦"	"STRINGS.ELEMENTS.CUPRITE.NAME"
"ELEMENTS"	"Depleted Uranium"	"貧鈾"	"STRINGS.ELEMENTS.DEPLETEDURANIUM.NAME"
"ELEMENTS"	"Diamond"	"鑽石"	"STRINGS.ELEMENTS.DIAMOND.NAME"
"ELEMENTS"	"Dirt"	"泥土"	"STRINGS.ELEMENTS.DIRT.NAME"
"ELEMENTS"	"Polluted Ice"	"汙冰"	"STRINGS.ELEMENTS.DIRTYICE.NAME"
"ELEMENTS"	"Polluted Water"	"汙水"	"STRINGS.ELEMENTS.DIRTYWATER.NAME"
"ELEMENTS"	"Electrum"	"琥珀金"	"STRINGS.ELEMENTS.ELECTRUM.NAME"
"ELEMENTS"	"Enriched Uranium"	"濃縮鈾"	"STRINGS.ELEMENTS.ENRICHEDURANIUM.NAME"
"ELEMENTS"	"Ethanol"	"乙醇"	"STRINGS.ELEMENTS.ETHANOL.NAME"
"ELEMENTS"	"Ethanol Gas"	"乙醇"	"STRINGS.ELEMENTS.ETHANOLGAS.NAME"
"ELEMENTS"	"Plywood"	"膠合板"	"STRINGS.ELEMENTS.FABRICATEDWOOD.NAME"
"ELEMENTS"	"Nuclear Fallout"	"核輻射"	"STRINGS.ELEMENTS.FALLOUT.NAME"
"ELEMENTS"	"Fertilizer"	"肥料"	"STRINGS.ELEMENTS.FERTILIZER.NAME"
"ELEMENTS"	"Pyrite"	"黃鐵礦"	"STRINGS.ELEMENTS.FOOLSGOLD.NAME"
"ELEMENTS"	"Fossil"	"化石"	"STRINGS.ELEMENTS.FOSSIL.NAME"
"ELEMENTS"	"Frozen Phyto Oil"	"植物油"	"STRINGS.ELEMENTS.FROZENPHYTOOIL.NAME"
"ELEMENTS"	"Fullerene"	"富勒烯"	"STRINGS.ELEMENTS.FULLERENE.NAME"
"ELEMENTS"	"Glass"	"玻璃"	"STRINGS.ELEMENTS.GLASS.NAME"
"ELEMENTS"	"Gold"	"金"	"STRINGS.ELEMENTS.GOLD.NAME"
"ELEMENTS"	"Gold Amalgam"	"金汞齊"	"STRINGS.ELEMENTS.GOLDAMALGAM.NAME"
"ELEMENTS"	"Gold Gas"	"金"	"STRINGS.ELEMENTS.GOLDGAS.NAME"
"ELEMENTS"	"Granite"	"花崗岩"	"STRINGS.ELEMENTS.GRANITE.NAME"
"ELEMENTS"	"Graphite"	"石墨"	"STRINGS.ELEMENTS.GRAPHITE.NAME"
"ELEMENTS"	"Solid Gunk"	"黏渣"	"STRINGS.ELEMENTS.GUNK.NAME"
"ELEMENTS"	"Plastium"	"塑膠質"	"STRINGS.ELEMENTS.HARDPOLYPROPYLENE.NAME"
"ELEMENTS"	"Helium"	"氦"	"STRINGS.ELEMENTS.HELIUM.NAME"
"ELEMENTS"	"Hydrogen Gas"	"氫"	"STRINGS.ELEMENTS.HYDROGEN.NAME"
"ELEMENTS"	"Ice"	"冰"	"STRINGS.ELEMENTS.ICE.NAME"
"ELEMENTS"	"Igneous Rock"	"火成岩"	"STRINGS.ELEMENTS.IGNEOUSROCK.NAME"
"ELEMENTS"	"Iridium"	"銥"	"STRINGS.ELEMENTS.IRIDIUM.NAME"
"ELEMENTS"	"Iridium Gas"	"銥"	"STRINGS.ELEMENTS.IRIDIUMGAS.NAME"
"ELEMENTS"	"Iron"	"鐵"	"STRINGS.ELEMENTS.IRON.NAME"
"ELEMENTS"	"Iron Gas"	"鐵"	"STRINGS.ELEMENTS.IRONGAS.NAME"
"ELEMENTS"	"Iron Ore"	"鐵礦"	"STRINGS.ELEMENTS.IRONORE.NAME"
"ELEMENTS"	"Isosap"	"異構膠晶"	"STRINGS.ELEMENTS.ISORESIN.NAME"
"ELEMENTS"	"Abyssalite"	"深淵水晶"	"STRINGS.ELEMENTS.KATAIRITE.NAME"
"ELEMENTS"	"Lead"	"鉛"	"STRINGS.ELEMENTS.LEAD.NAME"
"ELEMENTS"	"Lead Gas"	"鉛"	"STRINGS.ELEMENTS.LEADGAS.NAME"
"ELEMENTS"	"Lime"	"石灰"	"STRINGS.ELEMENTS.LIME.NAME"
"ELEMENTS"	"Liquid Carbon Dioxide"	"二氧化碳"	"STRINGS.ELEMENTS.LIQUIDCARBONDIOXIDE.NAME"
"ELEMENTS"	"Liquid Hydrogen"	"液氫"	"STRINGS.ELEMENTS.LIQUIDHYDROGEN.NAME"
"ELEMENTS"	"Liquid Methane"	"甲烷"	"STRINGS.ELEMENTS.LIQUIDMETHANE.NAME"
"ELEMENTS"	"Liquid Oxygen"	"液氧"	"STRINGS.ELEMENTS.LIQUIDOXYGEN.NAME"
"ELEMENTS"	"Liquid Phosphorus"	"磷"	"STRINGS.ELEMENTS.LIQUIDPHOSPHORUS.NAME"
"ELEMENTS"	"Liquid Propane"	"丙烷"	"STRINGS.ELEMENTS.LIQUIDPROPANE.NAME"
"ELEMENTS"	"Liquid Sulfur"	"硫"	"STRINGS.ELEMENTS.LIQUIDSULFUR.NAME"
"ELEMENTS"	"Mafic Rock"	"基岩"	"STRINGS.ELEMENTS.MAFICROCK.NAME"
"ELEMENTS"	"Magma"	"岩漿"	"STRINGS.ELEMENTS.MAGMA.NAME"
"ELEMENTS"	"Mercury"	"汞"	"STRINGS.ELEMENTS.MERCURY.NAME"
"ELEMENTS"	"Mercury Gas"	"汞"	"STRINGS.ELEMENTS.MERCURYGAS.NAME"
"ELEMENTS"	"Natural Gas"	"天然氣"	"STRINGS.ELEMENTS.METHANE.NAME"
"ELEMENTS"	"Brackene"	"鹹乳"	"STRINGS.ELEMENTS.MILK.NAME"
"ELEMENTS"	"Brackwax"	"鹹乳蠟"	"STRINGS.ELEMENTS.MILKFAT.NAME"
"ELEMENTS"	"Frozen Brackene"	"鹹乳"	"STRINGS.ELEMENTS.MILKICE.NAME"
"ELEMENTS"	"Molten Aluminum"	"鋁"	"STRINGS.ELEMENTS.MOLTENALUMINUM.NAME"
"ELEMENTS"	"Liquid Carbon"	"碳"	"STRINGS.ELEMENTS.MOLTENCARBON.NAME"
"ELEMENTS"	"Molten Cobalt"	"鈷"	"STRINGS.ELEMENTS.MOLTENCOBALT.NAME"
"ELEMENTS"	"Molten Copper"	"銅"	"STRINGS.ELEMENTS.MOLTENCOPPER.NAME"
"ELEMENTS"	"Molten Glass"	"玻璃"	"STRINGS.ELEMENTS.MOLTENGLASS.NAME"
"ELEMENTS"	"Molten Gold"	"金"	"STRINGS.ELEMENTS.MOLTENGOLD.NAME"
"ELEMENTS"	"Molten Iridium"	"銥"	"STRINGS.ELEMENTS.MOLTENIRIDIUM.NAME"
"ELEMENTS"	"Molten Iron"	"鐵"	"STRINGS.ELEMENTS.MOLTENIRON.NAME"
"ELEMENTS"	"Molten Lead"	"鉛"	"STRINGS.ELEMENTS.MOLTENLEAD.NAME"
"ELEMENTS"	"Molten Nickel"	"鎳"	"STRINGS.ELEMENTS.MOLTENNICKEL.NAME"
"ELEMENTS"	"Molten Niobium"	"鈮"	"STRINGS.ELEMENTS.MOLTENNIOBIUM.NAME"
"ELEMENTS"	"Molten Salt"	"鹽"	"STRINGS.ELEMENTS.MOLTENSALT.NAME"
"ELEMENTS"	"Molten Steel"	"鋼"	"STRINGS.ELEMENTS.MOLTENSTEEL.NAME"
"ELEMENTS"	"Liquid Sucrose"	"蔗糖"	"STRINGS.ELEMENTS.MOLTENSUCROSE.NAME"
"ELEMENTS"	"Molten Synthesis Gas"	"合成氣"	"STRINGS.ELEMENTS.MOLTENSYNGAS.NAME"
"ELEMENTS"	"Molten Tungsten"	"鎢"	"STRINGS.ELEMENTS.MOLTENTUNGSTEN.NAME"
"ELEMENTS"	"Tungsten Diselenide"	"二硒化鎢"	"STRINGS.ELEMENTS.MOLTENTUNGSTENDISELENIDE.NAME"
"ELEMENTS"	"Liquid Uranium"	"鈾"	"STRINGS.ELEMENTS.MOLTENURANIUM.NAME"
"ELEMENTS"	"Mud"	"泥漿"	"STRINGS.ELEMENTS.MUD.NAME"
"ELEMENTS"	"Liquid Naphtha"	"石腦油"	"STRINGS.ELEMENTS.NAPHTHA.NAME"
"ELEMENTS"	"Resin"	"樹脂"	"STRINGS.ELEMENTS.NATURALRESIN.NAME"
"ELEMENTS"	"Solid Resin"	"樹脂"	"STRINGS.ELEMENTS.NATURALSOLIDRESIN.NAME"
"ELEMENTS"	"Nickel"	"鎳"	"STRINGS.ELEMENTS.NICKEL.NAME"
"ELEMENTS"	"Nickel Gas"	"鎳"	"STRINGS.ELEMENTS.NICKELGAS.NAME"
"ELEMENTS"	"Nickel Ore"	"鎳礦"	"STRINGS.ELEMENTS.NICKELORE.NAME"
"ELEMENTS"	"Niobium"	"鈮"	"STRINGS.ELEMENTS.NIOBIUM.NAME"
"ELEMENTS"	"Niobium Gas"	"鈮"	"STRINGS.ELEMENTS.NIOBIUMGAS.NAME"
"ELEMENTS"	"Liquid Nuclear Waste"	"核廢料"	"STRINGS.ELEMENTS.NUCLEARWASTE.NAME"
"ELEMENTS"	"Obsidian"	"黑曜石"	"STRINGS.ELEMENTS.OBSIDIAN.NAME"
"ELEMENTS"	"Oxygen"	"氧"	"STRINGS.ELEMENTS.OXYGEN.NAME"
"ELEMENTS"	"Oxylite"	"氧石"	"STRINGS.ELEMENTS.OXYROCK.NAME"
"ELEMENTS"	"Peat"	"泥炭"	"STRINGS.ELEMENTS.PEAT.NAME"
"ELEMENTS"	"Petroleum"	"石油"	"STRINGS.ELEMENTS.PETROLEUM.NAME"
"ELEMENTS"	"Phosphate Nodules"	"磷酸鹽結核"	"STRINGS.ELEMENTS.PHOSPHATENODULES.NAME"
"ELEMENTS"	"Phosphorite"	"磷礦"	"STRINGS.ELEMENTS.PHOSPHORITE.NAME"
"ELEMENTS"	"Refined Phosphorus"	"精煉磷"	"STRINGS.ELEMENTS.PHOSPHORUS.NAME"
"ELEMENTS"	"Phosphorus Gas"	"磷"	"STRINGS.ELEMENTS.PHOSPHORUSGAS.NAME"
"ELEMENTS"	"Phyto Oil"	"植物油"	"STRINGS.ELEMENTS.PHYTOOIL.NAME"
"ELEMENTS"	"Plastic"	"塑膠"	"STRINGS.ELEMENTS.POLYPROPYLENE.NAME"
"ELEMENTS"	"Pondscum"	"池渣"	"STRINGS.ELEMENTS.PONDSCUM.NAME"
"ELEMENTS"	"Propane Gas"	"丙烷"	"STRINGS.ELEMENTS.PROPANE.NAME"
"ELEMENTS"	"Radium"	"鐳"	"STRINGS.ELEMENTS.RADIUM.NAME"
"ELEMENTS"	"Refined Carbon"	"精製炭"	"STRINGS.ELEMENTS.REFINEDCARBON.NAME"
"ELEMENTS"	"Biodiesel"	"生質柴油"	"STRINGS.ELEMENTS.REFINEDLIPID.NAME"
"ELEMENTS"	"Regolith"	"表土"	"STRINGS.ELEMENTS.REGOLITH.NAME"
"ELEMENTS"	"Sap"	"原生膠"	"STRINGS.ELEMENTS.RESIN.NAME"
"ELEMENTS"	"Rock Gas"	"岩氣"	"STRINGS.ELEMENTS.ROCKGAS.NAME"
"ELEMENTS"	"Rust"	"鐵鏽"	"STRINGS.ELEMENTS.RUST.NAME"
"ELEMENTS"	"Salt"	"鹽"	"STRINGS.ELEMENTS.SALT.NAME"
"ELEMENTS"	"Salt Gas"	"鹽"	"STRINGS.ELEMENTS.SALTGAS.NAME"
"ELEMENTS"	"Salt Water"	"鹽水"	"STRINGS.ELEMENTS.SALTWATER.NAME"
"ELEMENTS"	"Sand"	"沙子"	"STRINGS.ELEMENTS.SAND.NAME"
"ELEMENTS"	"Sand Cement"	"水泥沙"	"STRINGS.ELEMENTS.SANDCEMENT.NAME"
"ELEMENTS"	"Sandstone"	"砂岩"	"STRINGS.ELEMENTS.SANDSTONE.NAME"
"ELEMENTS"	"Sedimentary Rock"	"沉積岩"	"STRINGS.ELEMENTS.SEDIMENTARYROCK.NAME"
"ELEMENTS"	"Shale"	"頁岩"	"STRINGS.ELEMENTS.SHALE.NAME"
"ELEMENTS"	"Building Slab"	"建造石板"	"STRINGS.ELEMENTS.SLABS.NAME"
"ELEMENTS"	"Slime"	"軟泥"	"STRINGS.ELEMENTS.SLIMEMOLD.NAME"
"ELEMENTS"	"Snow"	"雪"	"STRINGS.ELEMENTS.SNOW.NAME"
"ELEMENTS"	"Solid Carbon Dioxide"	"二氧化碳"	"STRINGS.ELEMENTS.SOLIDCARBONDIOXIDE.NAME"
"ELEMENTS"	"Solid Chlorine"	"氯"	"STRINGS.ELEMENTS.SOLIDCHLORINE.NAME"
"ELEMENTS"	"Solid Crude Oil"	"原油"	"STRINGS.ELEMENTS.SOLIDCRUDEOIL.NAME"
"ELEMENTS"	"Solid Ethanol"	"乙醇"	"STRINGS.ELEMENTS.SOLIDETHANOL.NAME"
"ELEMENTS"	"Solid Hydrogen"	"氫"	"STRINGS.ELEMENTS.SOLIDHYDROGEN.NAME"
"ELEMENTS"	"Solid Methane"	"甲烷"	"STRINGS.ELEMENTS.SOLIDMETHANE.NAME"
"ELEMENTS"	"Solid Naphtha"	"石腦油"	"STRINGS.ELEMENTS.SOLIDNAPHTHA.NAME"
"ELEMENTS"	"Solid Nuclear Waste"	"核廢料"	"STRINGS.ELEMENTS.SOLIDNUCLEARWASTE.NAME"
"ELEMENTS"	"Solid Oxygen"	"氧"	"STRINGS.ELEMENTS.SOLIDOXYGEN.NAME"
"ELEMENTS"	"Solid Petroleum"	"石油"	"STRINGS.ELEMENTS.SOLIDPETROLEUM.NAME"
"ELEMENTS"	"Solid Propane"	"丙烷"	"STRINGS.ELEMENTS.SOLIDPROPANE.NAME"
"ELEMENTS"	"Solid Sap"	"原生膠"	"STRINGS.ELEMENTS.SOLIDRESIN.NAME"
"ELEMENTS"	"Solid Super Coolant"	"超級冷卻液"	"STRINGS.ELEMENTS.SOLIDSUPERCOOLANT.NAME"
"ELEMENTS"	"Solid Synthesis Gas"	"合成氣"	"STRINGS.ELEMENTS.SOLIDSYNGAS.NAME"
"ELEMENTS"	"Solid Visco-Gel"	"凝膠"	"STRINGS.ELEMENTS.SOLIDVISCOGEL.NAME"
"ELEMENTS"	"Sour Gas"	"酸氣"	"STRINGS.ELEMENTS.SOURGAS.NAME"
"ELEMENTS"	"Packed Snow"	"積雪"	"STRINGS.ELEMENTS.STABLESNOW.NAME"
"ELEMENTS"	"Steam"	"蒸氣"	"STRINGS.ELEMENTS.STEAM.NAME"
"ELEMENTS"	"Steel"	"鋼"	"STRINGS.ELEMENTS.STEEL.NAME"
"ELEMENTS"	"Steel Gas"	"鋼"	"STRINGS.ELEMENTS.STEELGAS.NAME"
"ELEMENTS"	"Sucrose"	"蔗糖"	"STRINGS.ELEMENTS.SUCROSE.NAME"
"ELEMENTS"	"Nectar"	"花蜜"	"STRINGS.ELEMENTS.SUGARWATER.NAME"
"ELEMENTS"	"Sulfur"	"硫"	"STRINGS.ELEMENTS.SULFUR.NAME"
"ELEMENTS"	"Sulfur Gas"	"硫"	"STRINGS.ELEMENTS.SULFURGAS.NAME"
"ELEMENTS"	"Super Coolant"	"超級冷卻液"	"STRINGS.ELEMENTS.SUPERCOOLANT.NAME"
"ELEMENTS"	"Super Coolant Gas"	"超級冷卻液"	"STRINGS.ELEMENTS.SUPERCOOLANTGAS.NAME"
"ELEMENTS"	"Insulite"	"隔熱質"	"STRINGS.ELEMENTS.SUPERINSULATOR.NAME"
"ELEMENTS"	"Synthesis Gas"	"合成氣"	"STRINGS.ELEMENTS.SYNGAS.NAME"
"ELEMENTS"	"Tallow"	"動物油脂"	"STRINGS.ELEMENTS.TALLOW.NAME"
"ELEMENTS"	"Thermium"	"超導體"	"STRINGS.ELEMENTS.TEMPCONDUCTORSOLID.NAME"
"ELEMENTS"	"Test Element"	"測試元素"	"STRINGS.ELEMENTS.TESTELEMENT.NAME"
"ELEMENTS"	"Polluted Mud"	"汙泥漿"	"STRINGS.ELEMENTS.TOXICMUD.NAME"
"ELEMENTS"	"Polluted Dirt"	"汙土"	"STRINGS.ELEMENTS.TOXICSAND.NAME"
"ELEMENTS"	"Tungsten"	"鎢"	"STRINGS.ELEMENTS.TUNGSTEN.NAME"
"ELEMENTS"	"Tungsten Diselenide Gas"	"二硒化鎢"	"STRINGS.ELEMENTS.TUNGSTENDISELENIDEGAS.NAME"
"ELEMENTS"	"Tungsten Gas"	"鎢"	"STRINGS.ELEMENTS.TUNGSTENGAS.NAME"
"ELEMENTS"	"Neutronium"	"零號元素"	"STRINGS.ELEMENTS.UNOBTANIUM.NAME"
"ELEMENTS"	"Uranium Ore"	"鈾礦"	"STRINGS.ELEMENTS.URANIUMORE.NAME"
"ELEMENTS"	"Vacuum"	"真空"	"STRINGS.ELEMENTS.VACUUM.NAME"
"ELEMENTS"	"Visco-Gel Fluid"	"凝膠"	"STRINGS.ELEMENTS.VISCOGEL.NAME"
"ELEMENTS"	"Void"	"虛空"	"STRINGS.ELEMENTS.VOID.NAME"
"ELEMENTS"	"Wolframite"	"黑鎢礦"	"STRINGS.ELEMENTS.WOLFRAMITE.NAME"
"ELEMENTS"	"Wood"	"木材"	"STRINGS.ELEMENTS.WOODLOG.NAME"
"ELEMENTS"	"Yellowcake"	"黃餅"	"STRINGS.ELEMENTS.YELLOWCAKE.NAME"
"EQUIPMENT.PREFABS"	"Aqua Suit"	"潛水衣"	"STRINGS.EQUIPMENT.PREFABS.AQUA_SUIT.NAME"
"EQUIPMENT.PREFABS"	"Atmo Suit"	"太空衣"	"STRINGS.EQUIPMENT.PREFABS.ATMO_SUIT.NAME"
"EQUIPMENT.PREFABS"	"Gold Atmo Belt"	"黃金太空腰帶"	"STRINGS.EQUIPMENT.PREFABS.ATMO_SUIT_BELT.FACADES.BASIC_GOLD.NAME"
"EQUIPMENT.PREFABS"	"Slate Atmo Belt"	"暗灰太空腰帶"	"STRINGS.EQUIPMENT.PREFABS.ATMO_SUIT_BELT.FACADES.BASIC_GREY.NAME"
"EQUIPMENT.PREFABS"	"Neon Pink Atmo Belt"	"霓虹粉太空腰帶"	"STRINGS.EQUIPMENT.PREFABS.ATMO_SUIT_BELT.FACADES.BASIC_NEON_PINK.NAME"
"EQUIPMENT.PREFABS"	"Rocketmelon Atmo Belt"	"火箭香瓜太空腰帶"	"STRINGS.EQUIPMENT.PREFABS.ATMO_SUIT_BELT.FACADES.CANTALOUPE.NAME"
"EQUIPMENT.PREFABS"	"Citrus Atmo Belt"	"柑橘太空腰帶"	"STRINGS.EQUIPMENT.PREFABS.ATMO_SUIT_BELT.FACADES.LIMONE.NAME"
"EQUIPMENT.PREFABS"	"Puft Atmo Belt"	"帕夫太空腰帶"	"STRINGS.EQUIPMENT.PREFABS.ATMO_SUIT_BELT.FACADES.PUFT.NAME"
"EQUIPMENT.PREFABS"	"Blue Glitter Atmo Belt"	"藍色亮片太空腰帶"	"STRINGS.EQUIPMENT.PREFABS.ATMO_SUIT_BELT.FACADES.SPARKLE_BLUE.NAME"
"EQUIPMENT.PREFABS"	"Green Glitter Atmo Belt"	"綠色亮片太空腰帶"	"STRINGS.EQUIPMENT.PREFABS.ATMO_SUIT_BELT.FACADES.SPARKLE_GREEN.NAME"
"EQUIPMENT.PREFABS"	"Violet Glitter Atmo Belt"	"紫色亮片太空腰帶"	"STRINGS.EQUIPMENT.PREFABS.ATMO_SUIT_BELT.FACADES.SPARKLE_LAVENDER.NAME"
"EQUIPMENT.PREFABS"	"Red Glitter Atmo Belt"	"紅色亮片太空腰帶"	"STRINGS.EQUIPMENT.PREFABS.ATMO_SUIT_BELT.FACADES.SPARKLE_RED.NAME"
"EQUIPMENT.PREFABS"	"Leather Atmo Belt"	"皮革太空腰帶"	"STRINGS.EQUIPMENT.PREFABS.ATMO_SUIT_BELT.FACADES.TWOTONE_BROWN.NAME"
"EQUIPMENT.PREFABS"	"Eggplant Atmo Belt"	"茄太空腰帶"	"STRINGS.EQUIPMENT.PREFABS.ATMO_SUIT_BELT.FACADES.TWOTONE_PURPLE.NAME"
"EQUIPMENT.PREFABS"	"Default Atmo Belt"	"預設太空腰帶"	"STRINGS.EQUIPMENT.PREFABS.ATMO_SUIT_BELT.NAME"
"EQUIPMENT.PREFABS"	"Crisp Neon Pink Atmo Suit"	"清爽霓虹粉太空衣"	"STRINGS.EQUIPMENT.PREFABS.ATMO_SUIT_BODY.FACADES.BASIC_NEON_PINK.NAME"
"EQUIPMENT.PREFABS"	"Crisp Eggplant Atmo Suit"	"鮮脆紫茄太空衣"	"STRINGS.EQUIPMENT.PREFABS.ATMO_SUIT_BODY.FACADES.BASIC_PURPLE.NAME"
"EQUIPMENT.PREFABS"	"Rocketmelon Atmo Suit"	"火箭香瓜太空衣"	"STRINGS.EQUIPMENT.PREFABS.ATMO_SUIT_BODY.FACADES.CANTALOUPE.NAME"
"EQUIPMENT.PREFABS"	"Citrus Atmo Suit"	"柑橘太空衣"	"STRINGS.EQUIPMENT.PREFABS.ATMO_SUIT_BODY.FACADES.LIMONE.NAME"
"EQUIPMENT.PREFABS"	"Swagger Atmo Suit"	"神氣太空衣"	"STRINGS.EQUIPMENT.PREFABS.ATMO_SUIT_BODY.FACADES.MULTI_BLUE_GREY_BLACK.NAME"
"EQUIPMENT.PREFABS"	"Fundamental Stripe Atmo Suit"	"基本條紋太空衣"	"STRINGS.EQUIPMENT.PREFABS.ATMO_SUIT_BODY.FACADES.MULTI_BLUE_YELLOW_RED.NAME"
"EQUIPMENT.PREFABS"	"Red-bellied Atmo Suit"	"紅腹太空衣"	"STRINGS.EQUIPMENT.PREFABS.ATMO_SUIT_BODY.FACADES.MULTI_RED_BLACK.NAME"
"EQUIPMENT.PREFABS"	"Confetti Atmo Suit"	"彩屑太空衣"	"STRINGS.EQUIPMENT.PREFABS.ATMO_SUIT_BODY.FACADES.PRINT_TRIANGLES_TURQ.NAME"
"EQUIPMENT.PREFABS"	"Puft Atmo Suit"	"帕夫太空衣"	"STRINGS.EQUIPMENT.PREFABS.ATMO_SUIT_BODY.FACADES.PUFT.NAME"
"EQUIPMENT.PREFABS"	"Blue Glitter Atmo Suit"	"藍色亮片太空衣"	"STRINGS.EQUIPMENT.PREFABS.ATMO_SUIT_BODY.FACADES.SPARKLE_BLUE.NAME"
"EQUIPMENT.PREFABS"	"Green Glitter Atmo Suit"	"綠色亮片太空衣"	"STRINGS.EQUIPMENT.PREFABS.ATMO_SUIT_BODY.FACADES.SPARKLE_GREEN.NAME"
"EQUIPMENT.PREFABS"	"Violet Glitter Atmo Suit"	"紫色亮片太空衣"	"STRINGS.EQUIPMENT.PREFABS.ATMO_SUIT_BODY.FACADES.SPARKLE_LAVENDER.NAME"
"EQUIPMENT.PREFABS"	"Red Glitter Atmo Suit"	"紅色亮片太空衣"	"STRINGS.EQUIPMENT.PREFABS.ATMO_SUIT_BODY.FACADES.SPARKLE_RED.NAME"
"EQUIPMENT.PREFABS"	"Default Atmo Uniform"	"預設太空衣制服"	"STRINGS.EQUIPMENT.PREFABS.ATMO_SUIT_BODY.NAME"
"EQUIPMENT.PREFABS"	"Leather Atmo Gloves"	"皮革太空手套"	"STRINGS.EQUIPMENT.PREFABS.ATMO_SUIT_GLOVES.FACADES.BROWN.NAME"
"EQUIPMENT.PREFABS"	"Rocketmelon Atmo Gloves"	"火箭香瓜太空手套"	"STRINGS.EQUIPMENT.PREFABS.ATMO_SUIT_GLOVES.FACADES.CANTALOUPE.NAME"
"EQUIPMENT.PREFABS"	"Gold Atmo Gloves"	"黃金太空手套"	"STRINGS.EQUIPMENT.PREFABS.ATMO_SUIT_GLOVES.FACADES.GOLD.NAME"
"EQUIPMENT.PREFABS"	"Citrus Atmo Gloves"	"柑橘太空手套"	"STRINGS.EQUIPMENT.PREFABS.ATMO_SUIT_GLOVES.FACADES.LIMONE.NAME"
"EQUIPMENT.PREFABS"	"Puft Atmo Gloves"	"帕夫太空手套"	"STRINGS.EQUIPMENT.PREFABS.ATMO_SUIT_GLOVES.FACADES.PUFT.NAME"
"EQUIPMENT.PREFABS"	"Eggplant Atmo Gloves"	"茄太空手套"	"STRINGS.EQUIPMENT.PREFABS.ATMO_SUIT_GLOVES.FACADES.PURPLE.NAME"
"EQUIPMENT.PREFABS"	"Blue Glitter Atmo Gloves"	"藍色亮片太空手套"	"STRINGS.EQUIPMENT.PREFABS.ATMO_SUIT_GLOVES.FACADES.SPARKLE_BLUE.NAME"
"EQUIPMENT.PREFABS"	"Green Glitter Atmo Gloves"	"綠色亮片太空手套"	"STRINGS.EQUIPMENT.PREFABS.ATMO_SUIT_GLOVES.FACADES.SPARKLE_GREEN.NAME"
"EQUIPMENT.PREFABS"	"Violet Glitter Atmo Gloves"	"紫色亮片太空手套"	"STRINGS.EQUIPMENT.PREFABS.ATMO_SUIT_GLOVES.FACADES.SPARKLE_LAVENDER.NAME"
"EQUIPMENT.PREFABS"	"Red Glitter Atmo Gloves"	"紅色亮片太空手套"	"STRINGS.EQUIPMENT.PREFABS.ATMO_SUIT_GLOVES.FACADES.SPARKLE_RED.NAME"
"EQUIPMENT.PREFABS"	"Wildberry Atmo Gloves"	"野莓太空手套"	"STRINGS.EQUIPMENT.PREFABS.ATMO_SUIT_GLOVES.FACADES.STRIPES_LAVENDER.NAME"
"EQUIPMENT.PREFABS"	"White Atmo Gloves"	"白色太空手套"	"STRINGS.EQUIPMENT.PREFABS.ATMO_SUIT_GLOVES.FACADES.WHITE.NAME"
"EQUIPMENT.PREFABS"	"Default Atmo Gloves"	"預設太空手套"	"STRINGS.EQUIPMENT.PREFABS.ATMO_SUIT_GLOVES.NAME"
"EQUIPMENT.PREFABS"	"Rocketmelon Atmo Helmet"	"火箭香瓜太空頭盔"	"STRINGS.EQUIPMENT.PREFABS.ATMO_SUIT_HELMET.FACADES.CANTALOUPE.NAME"
"EQUIPMENT.PREFABS"	"Eggplant Atmo Helmet"	"茄太空頭盔"	"STRINGS.EQUIPMENT.PREFABS.ATMO_SUIT_HELMET.FACADES.CLUBSHIRT_PURPLE.NAME"
"EQUIPMENT.PREFABS"	"Blastoff Atmo Helmet"	"升空太空頭盔"	"STRINGS.EQUIPMENT.PREFABS.ATMO_SUIT_HELMET.FACADES.CUMMERBUND_RED.NAME"
"EQUIPMENT.PREFABS"	"Citrus Atmo Helmet"	"柑橘太空頭盔"	"STRINGS.EQUIPMENT.PREFABS.ATMO_SUIT_HELMET.FACADES.LIMONE.NAME"
"EQUIPMENT.PREFABS"	"Cubist Atmo Helmet"	"立體主義太空頭盔"	"STRINGS.EQUIPMENT.PREFABS.ATMO_SUIT_HELMET.FACADES.MONDRIAN_BLUE_RED_YELLOW.NAME"
"EQUIPMENT.PREFABS"	"Spiffy Atmo Helmet"	"時尚太空頭盔"	"STRINGS.EQUIPMENT.PREFABS.ATMO_SUIT_HELMET.FACADES.OVERALLS_RED.NAME"
"EQUIPMENT.PREFABS"	"Puft Atmo Helmet"	"帕夫太空頭盔"	"STRINGS.EQUIPMENT.PREFABS.ATMO_SUIT_HELMET.FACADES.PUFT.NAME"
"EQUIPMENT.PREFABS"	"Blue Glitter Atmo Helmet"	"藍色亮片太空頭盔"	"STRINGS.EQUIPMENT.PREFABS.ATMO_SUIT_HELMET.FACADES.SPARKLE_BLUE.NAME"
"EQUIPMENT.PREFABS"	"Green Glitter Atmo Helmet"	"綠色亮片太空頭盔"	"STRINGS.EQUIPMENT.PREFABS.ATMO_SUIT_HELMET.FACADES.SPARKLE_GREEN.NAME"
"EQUIPMENT.PREFABS"	"Violet Glitter Atmo Helmet"	"紫色亮片太空頭盔"	"STRINGS.EQUIPMENT.PREFABS.ATMO_SUIT_HELMET.FACADES.SPARKLE_PURPLE.NAME"
"EQUIPMENT.PREFABS"	"Red Glitter Atmo Helmet"	"紅色亮片太空頭盔"	"STRINGS.EQUIPMENT.PREFABS.ATMO_SUIT_HELMET.FACADES.SPARKLE_RED.NAME"
"EQUIPMENT.PREFABS"	"Confetti Atmo Helmet"	"彩屑太空頭盔"	"STRINGS.EQUIPMENT.PREFABS.ATMO_SUIT_HELMET.FACADES.TRIANGLES_TURQ.NAME"
"EQUIPMENT.PREFABS"	"Pink Punch Atmo Helmet"	"粉孔太空頭盔"	"STRINGS.EQUIPMENT.PREFABS.ATMO_SUIT_HELMET.FACADES.WORKOUT_LAVENDER.NAME"
"EQUIPMENT.PREFABS"	"Default Atmo Helmet"	"預設太空頭盔"	"STRINGS.EQUIPMENT.PREFABS.ATMO_SUIT_HELMET.NAME"
"EQUIPMENT.PREFABS"	"Stealth Atmo Boots"	"隱形太空靴"	"STRINGS.EQUIPMENT.PREFABS.ATMO_SUIT_SHOES.FACADES.BASIC_BLACK.NAME"
"EQUIPMENT.PREFABS"	"Lavender Atmo Boots"	"薰衣草太空靴"	"STRINGS.EQUIPMENT.PREFABS.ATMO_SUIT_SHOES.FACADES.BASIC_LAVENDER.NAME"
"EQUIPMENT.PREFABS"	"Eggplant Atmo Boots"	"茄太空靴"	"STRINGS.EQUIPMENT.PREFABS.ATMO_SUIT_SHOES.FACADES.BASIC_PURPLE.NAME"
"EQUIPMENT.PREFABS"	"Rocketmelon Atmo Boots"	"火箭香瓜太空靴"	"STRINGS.EQUIPMENT.PREFABS.ATMO_SUIT_SHOES.FACADES.CANTALOUPE.NAME"
"EQUIPMENT.PREFABS"	"Citrus Atmo Boots"	"柑橘太空靴"	"STRINGS.EQUIPMENT.PREFABS.ATMO_SUIT_SHOES.FACADES.LIMONE.NAME"
"EQUIPMENT.PREFABS"	"Puft Atmo Boots"	"帕夫太空靴"	"STRINGS.EQUIPMENT.PREFABS.ATMO_SUIT_SHOES.FACADES.PUFT.NAME"
"EQUIPMENT.PREFABS"	"Black Glitter Atmo Boots"	"黑色亮片太空靴"	"STRINGS.EQUIPMENT.PREFABS.ATMO_SUIT_SHOES.FACADES.SPARKLE_BLACK.NAME"
"EQUIPMENT.PREFABS"	"Default Atmo Boots"	"預設太空靴"	"STRINGS.EQUIPMENT.PREFABS.ATMO_SUIT_SHOES.NAME"
"EQUIPMENT.PREFABS"	"Default Accessory"	"預設配飾"	"STRINGS.EQUIPMENT.PREFABS.CLOTHING_ACCESORIES.NAME"
"EQUIPMENT.PREFABS"	"Racing Pants"	"賽車褲子"	"STRINGS.EQUIPMENT.PREFABS.CLOTHING_BOTTOMS.FACADES.ATHLETE.NAME"
"EQUIPMENT.PREFABS"	"Basic Black Pants"	"黑色基礎長褲"	"STRINGS.EQUIPMENT.PREFABS.CLOTHING_BOTTOMS.FACADES.BASIC_BLACK.NAME"
"EQUIPMENT.PREFABS"	"Basic Aqua Pants"	"水藍基礎長褲"	"STRINGS.EQUIPMENT.PREFABS.CLOTHING_BOTTOMS.FACADES.BASIC_BLUE_MIDDLE.NAME"
"EQUIPMENT.PREFABS"	"Basic Green Pants"	"綠色基礎長褲"	"STRINGS.EQUIPMENT.PREFABS.CLOTHING_BOTTOMS.FACADES.BASIC_GREEN.NAME"
"EQUIPMENT.PREFABS"	"Basic Khaki Pants"	"土黃基礎長褲"	"STRINGS.EQUIPMENT.PREFABS.CLOTHING_BOTTOMS.FACADES.BASIC_LIGHTBROWN.NAME"
"EQUIPMENT.PREFABS"	"Basic Orange Pants"	"橘色基礎長褲"	"STRINGS.EQUIPMENT.PREFABS.CLOTHING_BOTTOMS.FACADES.BASIC_ORANGE.NAME"
"EQUIPMENT.PREFABS"	"Hi-Vis Pants"	"高能見長褲"	"STRINGS.EQUIPMENT.PREFABS.CLOTHING_BOTTOMS.FACADES.BASIC_ORANGE_SATSUMA.NAME"
"EQUIPMENT.PREFABS"	"Basic Bubblegum Pants"	"淡粉基礎長褲"	"STRINGS.EQUIPMENT.PREFABS.CLOTHING_BOTTOMS.FACADES.BASIC_PINK_ORCHID.NAME"
"EQUIPMENT.PREFABS"	"Basic Purple Pants"	"紫色基礎長褲"	"STRINGS.EQUIPMENT.PREFABS.CLOTHING_BOTTOMS.FACADES.BASIC_PURPLE.NAME"
"EQUIPMENT.PREFABS"	"Basic Red Pants"	"紅色基礎長褲"	"STRINGS.EQUIPMENT.PREFABS.CLOTHING_BOTTOMS.FACADES.BASIC_RED.NAME"
"EQUIPMENT.PREFABS"	"Basic Crimson Pants"	"緋紅基礎長褲"	"STRINGS.EQUIPMENT.PREFABS.CLOTHING_BOTTOMS.FACADES.BASIC_REDORANGE.NAME"
"EQUIPMENT.PREFABS"	"Basic White Pants"	"白色基礎長褲"	"STRINGS.EQUIPMENT.PREFABS.CLOTHING_BOTTOMS.FACADES.BASIC_WHITE.NAME"
"EQUIPMENT.PREFABS"	"Basic Yellow Pants"	"黃色基礎長褲"	"STRINGS.EQUIPMENT.PREFABS.CLOTHING_BOTTOMS.FACADES.BASIC_YELLOW.NAME"
"EQUIPMENT.PREFABS"	"HVAC Khaki Pants"	"暖通空調卡其長褲"	"STRINGS.EQUIPMENT.PREFABS.CLOTHING_BOTTOMS.FACADES.BELT_KHAKI_TAN.NAME"
"EQUIPMENT.PREFABS"	"LED Pants"	"LED 褲子"	"STRINGS.EQUIPMENT.PREFABS.CLOTHING_BOTTOMS.FACADES.CIRCUIT_GREEN.NAME"
"EQUIPMENT.PREFABS"	"Jeans"	"牛仔褲"	"STRINGS.EQUIPMENT.PREFABS.CLOTHING_BOTTOMS.FACADES.DENIM_BLUE.NAME"
"EQUIPMENT.PREFABS"	"Rebel Gi Pants"	"叛逆褲子"	"STRINGS.EQUIPMENT.PREFABS.CLOTHING_BOTTOMS.FACADES.GI_BELT_WHITE_BLACK.NAME"
"EQUIPMENT.PREFABS"	"White Capris"	"白色七分褲"	"STRINGS.EQUIPMENT.PREFABS.CLOTHING_BOTTOMS.FACADES.GI_WHITE.NAME"
"EQUIPMENT.PREFABS"	"Frosty Shorties"	"冰霜超短褲"	"STRINGS.EQUIPMENT.PREFABS.CLOTHING_BOTTOMS.FACADES.GINCH_BLUE_FROSTY.NAME"
"EQUIPMENT.PREFABS"	"Goop Shorties"	"黏糊超短褲"	"STRINGS.EQUIPMENT.PREFABS.CLOTHING_BOTTOMS.FACADES.GINCH_GREEN_GOOP.NAME"
"EQUIPMENT.PREFABS"	"Obelus Shorties"	"疑惑超短褲"	"STRINGS.EQUIPMENT.PREFABS.CLOTHING_BOTTOMS.FACADES.GINCH_GREY_OBELUS.NAME"
"EQUIPMENT.PREFABS"	"Phlegmy Shorties"	"痰超短褲"	"STRINGS.EQUIPMENT.PREFABS.CLOTHING_BOTTOMS.FACADES.GINCH_GREY_PHLEGM.NAME"
"EQUIPMENT.PREFABS"	"Nybble Shorties"	"半位元組超短褲"	"STRINGS.EQUIPMENT.PREFABS.CLOTHING_BOTTOMS.FACADES.GINCH_ORANGE_NYBBLE.NAME"
"EQUIPMENT.PREFABS"	"Gluon Shorties"	"膠子超短褲"	"STRINGS.EQUIPMENT.PREFABS.CLOTHING_BOTTOMS.FACADES.GINCH_PINK_GLUON.NAME"
"EQUIPMENT.PREFABS"	"Cortex Shorties"	"皮質超短褲"	"STRINGS.EQUIPMENT.PREFABS.CLOTHING_BOTTOMS.FACADES.GINCH_PURPLE_CORTEX.NAME"
"EQUIPMENT.PREFABS"	"Ironbow Shorties"	"鐵弓超短褲"	"STRINGS.EQUIPMENT.PREFABS.CLOTHING_BOTTOMS.FACADES.GINCH_RED_IRONBOW.NAME"
"EQUIPMENT.PREFABS"	"Locus Shorties"	"中心超短褲"	"STRINGS.EQUIPMENT.PREFABS.CLOTHING_BOTTOMS.FACADES.GINCH_TEAL_LOCUS.NAME"
"EQUIPMENT.PREFABS"	"Bile Shorties"	"膽汁超短褲"	"STRINGS.EQUIPMENT.PREFABS.CLOTHING_BOTTOMS.FACADES.GINCH_YELLOW_BILE.NAME"
"EQUIPMENT.PREFABS"	"Admin Briefs"	"管理員內褲"	"STRINGS.EQUIPMENT.PREFABS.CLOTHING_BOTTOMS.FACADES.GONCH_BLUEBERRY.NAME"
"EQUIPMENT.PREFABS"	"Buzzword Briefs"	"流行語內褲"	"STRINGS.EQUIPMENT.PREFABS.CLOTHING_BOTTOMS.FACADES.GONCH_GRAPE.NAME"
"EQUIPMENT.PREFABS"	"Groupthink Briefs"	"群體思維內褲"	"STRINGS.EQUIPMENT.PREFABS.CLOTHING_BOTTOMS.FACADES.GONCH_LEMON.NAME"
"EQUIPMENT.PREFABS"	"Stakeholder Briefs"	"股東內褲"	"STRINGS.EQUIPMENT.PREFABS.CLOTHING_BOTTOMS.FACADES.GONCH_LIME.NAME"
"EQUIPMENT.PREFABS"	"Underling Briefs"	"下屬內褲"	"STRINGS.EQUIPMENT.PREFABS.CLOTHING_BOTTOMS.FACADES.GONCH_SATSUMA.NAME"
"EQUIPMENT.PREFABS"	"Executive Briefs"	"管理內褲"	"STRINGS.EQUIPMENT.PREFABS.CLOTHING_BOTTOMS.FACADES.GONCH_STRAWBERRY.NAME"
"EQUIPMENT.PREFABS"	"Synergy Briefs"	"協作內褲"	"STRINGS.EQUIPMENT.PREFABS.CLOTHING_BOTTOMS.FACADES.GONCH_WATERMELON.NAME"
"EQUIPMENT.PREFABS"	"Polka Dot Track Pants"	"波點運動褲"	"STRINGS.EQUIPMENT.PREFABS.CLOTHING_BOTTOMS.FACADES.KNIT_POLKADOT_TURQ.NAME"
"EQUIPMENT.PREFABS"	"Research Pants"	"研究褲"	"STRINGS.EQUIPMENT.PREFABS.CLOTHING_BOTTOMS.FACADES.NERD_BROWN.NAME"
"EQUIPMENT.PREFABS"	"Nobel Pinstripe Trousers"	"諾貝爾條紋長褲"	"STRINGS.EQUIPMENT.PREFABS.CLOTHING_BOTTOMS.FACADES.PINSTRIPE_SLATE.NAME"
"EQUIPMENT.PREFABS"	"True Blue Shorts"	"真藍短褲"	"STRINGS.EQUIPMENT.PREFABS.CLOTHING_BOTTOMS.FACADES.SHORTS_BASIC_BLUE_COBALT.NAME"
"EQUIPMENT.PREFABS"	"Underdog Shorts"	"弱勢短褲"	"STRINGS.EQUIPMENT.PREFABS.CLOTHING_BOTTOMS.FACADES.SHORTS_BASIC_CHARCOAL.NAME"
"EQUIPMENT.PREFABS"	"Team Captain Shorts"	"隊長短褲"	"STRINGS.EQUIPMENT.PREFABS.CLOTHING_BOTTOMS.FACADES.SHORTS_BASIC_DEEPRED.NAME"
"EQUIPMENT.PREFABS"	"Go Team Shorts"	"加油短褲"	"STRINGS.EQUIPMENT.PREFABS.CLOTHING_BOTTOMS.FACADES.SHORTS_BASIC_KELLYGREEN.NAME"
"EQUIPMENT.PREFABS"	"Pep Rally Shorts"	"動員會短褲"	"STRINGS.EQUIPMENT.PREFABS.CLOTHING_BOTTOMS.FACADES.SHORTS_BASIC_PINK_FLAMINGO.NAME"
"EQUIPMENT.PREFABS"	"Superfan Shorts"	"忠實粉絲短褲"	"STRINGS.EQUIPMENT.PREFABS.CLOTHING_BOTTOMS.FACADES.SHORTS_BASIC_SATSUMA.NAME"
"EQUIPMENT.PREFABS"	"Yellowcake Shorts"	"黃餅短褲"	"STRINGS.EQUIPMENT.PREFABS.CLOTHING_BOTTOMS.FACADES.SHORTS_BASIC_YELLOWCAKE.NAME"
"EQUIPMENT.PREFABS"	"Ballet Tutu"	"芭蕾舞短裙"	"STRINGS.EQUIPMENT.PREFABS.CLOTHING_BOTTOMS.FACADES.SKIRT_BALLERINA_PINK.NAME"
"EQUIPMENT.PREFABS"	"Aqua Rayon Skirt"	"水藍絲織裙"	"STRINGS.EQUIPMENT.PREFABS.CLOTHING_BOTTOMS.FACADES.SKIRT_BASIC_BLUE_MIDDLE.NAME"
"EQUIPMENT.PREFABS"	"Olive Rayon Skirt"	"橄欖絲織裙"	"STRINGS.EQUIPMENT.PREFABS.CLOTHING_BOTTOMS.FACADES.SKIRT_BASIC_GREEN.NAME"
"EQUIPMENT.PREFABS"	"Apricot Rayon Skirt"	"杏黃絲織裙"	"STRINGS.EQUIPMENT.PREFABS.CLOTHING_BOTTOMS.FACADES.SKIRT_BASIC_ORANGE.NAME"
"EQUIPMENT.PREFABS"	"Bubblegum Rayon Skirt"	"淡粉絲織裙"	"STRINGS.EQUIPMENT.PREFABS.CLOTHING_BOTTOMS.FACADES.SKIRT_BASIC_PINK_ORCHID.NAME"
"EQUIPMENT.PREFABS"	"Polka Dot Skirt"	"波點裙"	"STRINGS.EQUIPMENT.PREFABS.CLOTHING_BOTTOMS.FACADES.SKIRT_BASIC_POLKADOT.NAME"
"EQUIPMENT.PREFABS"	"Purple Rayon Skirt"	"紫色絲織裙"	"STRINGS.EQUIPMENT.PREFABS.CLOTHING_BOTTOMS.FACADES.SKIRT_BASIC_PURPLE.NAME"
"EQUIPMENT.PREFABS"	"Garnet Rayon Skirt"	"石榴絲織裙"	"STRINGS.EQUIPMENT.PREFABS.CLOTHING_BOTTOMS.FACADES.SKIRT_BASIC_RED.NAME"
"EQUIPMENT.PREFABS"	"Picnic Skirt"	"野餐裙"	"STRINGS.EQUIPMENT.PREFABS.CLOTHING_BOTTOMS.FACADES.SKIRT_BASIC_WATERMELON.NAME"
"EQUIPMENT.PREFABS"	"Yellow Rayon Skirt"	"黃色絲織裙"	"STRINGS.EQUIPMENT.PREFABS.CLOTHING_BOTTOMS.FACADES.SKIRT_BASIC_YELLOW.NAME"
"EQUIPMENT.PREFABS"	"Denim Tux Skirt"	"牛仔燕尾裙"	"STRINGS.EQUIPMENT.PREFABS.CLOTHING_BOTTOMS.FACADES.SKIRT_DENIM_BLUE.NAME"
"EQUIPMENT.PREFABS"	"Disco Leopard Skirt"	"迪斯可豹紋裙"	"STRINGS.EQUIPMENT.PREFABS.CLOTHING_BOTTOMS.FACADES.SKIRT_LEOPARD_PRINT_BLUE_PINK.NAME"
"EQUIPMENT.PREFABS"	"Blue Tinsel Skirt"	"藍色金屬絲裙"	"STRINGS.EQUIPMENT.PREFABS.CLOTHING_BOTTOMS.FACADES.SKIRT_SPARKLE_BLUE.NAME"
"EQUIPMENT.PREFABS"	"Power Brunch Skirt"	"午宴裙子"	"STRINGS.EQUIPMENT.PREFABS.CLOTHING_BOTTOMS.FACADES.SKIRT_TWEED_PINK_ORCHID.NAME"
"EQUIPMENT.PREFABS"	"Black Velour Trousers"	"黑色絲絨長褲"	"STRINGS.EQUIPMENT.PREFABS.CLOTHING_BOTTOMS.FACADES.VELOUR_BLACK.NAME"
"EQUIPMENT.PREFABS"	"Shortwave Velour Pants"	"短波絲絨長褲"	"STRINGS.EQUIPMENT.PREFABS.CLOTHING_BOTTOMS.FACADES.VELOUR_BLUE.NAME"
"EQUIPMENT.PREFABS"	"Gamma Velour Pants"	"伽瑪絲絨長褲"	"STRINGS.EQUIPMENT.PREFABS.CLOTHING_BOTTOMS.FACADES.VELOUR_PINK.NAME"
"EQUIPMENT.PREFABS"	"Default Bottom"	"預設下半身"	"STRINGS.EQUIPMENT.PREFABS.CLOTHING_BOTTOMS.NAME"
"EQUIPMENT.PREFABS"	"Racing Gloves"	"賽車手套"	"STRINGS.EQUIPMENT.PREFABS.CLOTHING_GLOVES.FACADES.ATHLETE.NAME"
"EQUIPMENT.PREFABS"	"Ballet Gloves"	"芭蕾舞手套"	"STRINGS.EQUIPMENT.PREFABS.CLOTHING_GLOVES.FACADES.BALLERINA_PINK.NAME"
"EQUIPMENT.PREFABS"	"Basic Black Gloves"	"黑色基礎手套"	"STRINGS.EQUIPMENT.PREFABS.CLOTHING_GLOVES.FACADES.BASIC_BLACK.NAME"
"EQUIPMENT.PREFABS"	"Basic Aqua Gloves"	"水藍基礎手套"	"STRINGS.EQUIPMENT.PREFABS.CLOTHING_GLOVES.FACADES.BASIC_BLUE_MIDDLE.NAME"
"EQUIPMENT.PREFABS"	"Basic Gunmetal Gloves"	"炮銅基礎手套"	"STRINGS.EQUIPMENT.PREFABS.CLOTHING_GLOVES.FACADES.BASIC_BLUEGREY.NAME"
"EQUIPMENT.PREFABS"	"Basic Khaki Gloves"	"土黃基礎手套"	"STRINGS.EQUIPMENT.PREFABS.CLOTHING_GLOVES.FACADES.BASIC_BROWN_KHAKI.NAME"
"EQUIPMENT.PREFABS"	"Basic Green Gloves"	"綠色基礎手套"	"STRINGS.EQUIPMENT.PREFABS.CLOTHING_GLOVES.FACADES.BASIC_GREEN.NAME"
"EQUIPMENT.PREFABS"	"Basic Gray Gloves"	"灰色基礎手套"	"STRINGS.EQUIPMENT.PREFABS.CLOTHING_GLOVES.FACADES.BASIC_GREY.NAME"
"EQUIPMENT.PREFABS"	"Basic Orange Gloves"	"橘色基礎手套"	"STRINGS.EQUIPMENT.PREFABS.CLOTHING_GLOVES.FACADES.BASIC_ORANGE.NAME"
"EQUIPMENT.PREFABS"	"Basic Bubblegum Gloves"	"淡粉基礎手套"	"STRINGS.EQUIPMENT.PREFABS.CLOTHING_GLOVES.FACADES.BASIC_PINK_ORCHID.NAME"
"EQUIPMENT.PREFABS"	"Basic Coral Gloves"	"基礎珊瑚手套"	"STRINGS.EQUIPMENT.PREFABS.CLOTHING_GLOVES.FACADES.BASIC_PINKSALMON.NAME"
"EQUIPMENT.PREFABS"	"Basic Purple Gloves"	"紫色基礎手套"	"STRINGS.EQUIPMENT.PREFABS.CLOTHING_GLOVES.FACADES.BASIC_PURPLE.NAME"
"EQUIPMENT.PREFABS"	"Basic Red Gloves"	"紅色基礎手套"	"STRINGS.EQUIPMENT.PREFABS.CLOTHING_GLOVES.FACADES.BASIC_RED.NAME"
"EQUIPMENT.PREFABS"	"Basic Slate Gloves"	"板岩基礎手套"	"STRINGS.EQUIPMENT.PREFABS.CLOTHING_GLOVES.FACADES.BASIC_SLATE.NAME"
"EQUIPMENT.PREFABS"	"Basic Tan Gloves"	"棕黃基礎手套"	"STRINGS.EQUIPMENT.PREFABS.CLOTHING_GLOVES.FACADES.BASIC_TAN.NAME"
"EQUIPMENT.PREFABS"	"Basic White Gloves"	"白色基礎手套"	"STRINGS.EQUIPMENT.PREFABS.CLOTHING_GLOVES.FACADES.BASIC_WHITE.NAME"
"EQUIPMENT.PREFABS"	"Basic Yellow Gloves"	"黃色基礎手套"	"STRINGS.EQUIPMENT.PREFABS.CLOTHING_GLOVES.FACADES.BASIC_YELLOW.NAME"
"EQUIPMENT.PREFABS"	"LED Gloves"	"LED 手套"	"STRINGS.EQUIPMENT.PREFABS.CLOTHING_GLOVES.FACADES.CIRCUIT_GREEN.NAME"
"EQUIPMENT.PREFABS"	"Stealth Glovelets"	"隱形手套"	"STRINGS.EQUIPMENT.PREFABS.CLOTHING_GLOVES.FACADES.CUFFLESS_BLACK.NAME"
"EQUIPMENT.PREFABS"	"Blueberry Glovelets"	"藍莓小手套"	"STRINGS.EQUIPMENT.PREFABS.CLOTHING_GLOVES.FACADES.CUFFLESS_BLUEBERRY.NAME"
"EQUIPMENT.PREFABS"	"Grape Glovelets"	"葡萄小手套"	"STRINGS.EQUIPMENT.PREFABS.CLOTHING_GLOVES.FACADES.CUFFLESS_GRAPE.NAME"
"EQUIPMENT.PREFABS"	"Lemon Glovelets"	"檸檬小手套"	"STRINGS.EQUIPMENT.PREFABS.CLOTHING_GLOVES.FACADES.CUFFLESS_LEMON.NAME"
"EQUIPMENT.PREFABS"	"Lime Glovelets"	"萊姆小手套"	"STRINGS.EQUIPMENT.PREFABS.CLOTHING_GLOVES.FACADES.CUFFLESS_LIME.NAME"
"EQUIPMENT.PREFABS"	"Satsuma Glovelets"	"蜜橘小手套"	"STRINGS.EQUIPMENT.PREFABS.CLOTHING_GLOVES.FACADES.CUFFLESS_SATSUMA.NAME"
"EQUIPMENT.PREFABS"	"Strawberry Glovelets"	"草莓小手套"	"STRINGS.EQUIPMENT.PREFABS.CLOTHING_GLOVES.FACADES.CUFFLESS_STRAWBERRY.NAME"
"EQUIPMENT.PREFABS"	"Watermelon Glovelets"	"西瓜小手套"	"STRINGS.EQUIPMENT.PREFABS.CLOTHING_GLOVES.FACADES.CUFFLESS_WATERMELON.NAME"
"EQUIPMENT.PREFABS"	"Denim Gloves"	"牛仔手套"	"STRINGS.EQUIPMENT.PREFABS.CLOTHING_GLOVES.FACADES.DENIM_BLUE.NAME"
"EQUIPMENT.PREFABS"	"White Silk Gloves"	"白色絲制手套"	"STRINGS.EQUIPMENT.PREFABS.CLOTHING_GLOVES.FACADES.FORMAL_WHITE.NAME"
"EQUIPMENT.PREFABS"	"Frilly Basin Gloves"	"洗盆飾邊手套"	"STRINGS.EQUIPMENT.PREFABS.CLOTHING_GLOVES.FACADES.GINCH_BLUE_BASIN.NAME"
"EQUIPMENT.PREFABS"	"Frilly Leach Gloves"	"過濾飾邊手套"	"STRINGS.EQUIPMENT.PREFABS.CLOTHING_GLOVES.FACADES.GINCH_GREEN_LIME.NAME"
"EQUIPMENT.PREFABS"	"Frilly Charcoal Gloves"	"木炭飾邊手套"	"STRINGS.EQUIPMENT.PREFABS.CLOTHING_GLOVES.FACADES.GINCH_GREY_CHARCOAL.NAME"
"EQUIPMENT.PREFABS"	"Frilly Slate Gloves"	"板岩飾邊手套"	"STRINGS.EQUIPMENT.PREFABS.CLOTHING_GLOVES.FACADES.GINCH_GREY_GREY.NAME"
"EQUIPMENT.PREFABS"	"Frilly Atomic Gloves"	"原子飾邊手套"	"STRINGS.EQUIPMENT.PREFABS.CLOTHING_GLOVES.FACADES.GINCH_ORANGE_ATOMIC.NAME"
"EQUIPMENT.PREFABS"	"Frilly Saltrock Gloves"	"鹽岩飾邊手套"	"STRINGS.EQUIPMENT.PREFABS.CLOTHING_GLOVES.FACADES.GINCH_PINK_SALTROCK.NAME"
"EQUIPMENT.PREFABS"	"Frilly Dusk Gloves"	"夜幕飾邊手套"	"STRINGS.EQUIPMENT.PREFABS.CLOTHING_GLOVES.FACADES.GINCH_PURPLE_DUSKY.NAME"
"EQUIPMENT.PREFABS"	"Frilly Magma Gloves"	"岩漿飾邊手套"	"STRINGS.EQUIPMENT.PREFABS.CLOTHING_GLOVES.FACADES.GINCH_RED_MAGMA.NAME"
"EQUIPMENT.PREFABS"	"Frilly Balm Gloves"	"芳香飾邊手套"	"STRINGS.EQUIPMENT.PREFABS.CLOTHING_GLOVES.FACADES.GINCH_TEAL_BALMY.NAME"
"EQUIPMENT.PREFABS"	"Frilly Yellowcake Gloves"	"黃餅飾邊手套"	"STRINGS.EQUIPMENT.PREFABS.CLOTHING_GLOVES.FACADES.GINCH_YELLOW_YELLOWCAKE.NAME"
"EQUIPMENT.PREFABS"	"Underdog Sports Gloves"	"弱勢運動手套"	"STRINGS.EQUIPMENT.PREFABS.CLOTHING_GLOVES.FACADES.GLOVES_ATHLETIC_CHARCOAL.NAME"
"EQUIPMENT.PREFABS"	"True Blue Sports Gloves"	"真藍運動手套"	"STRINGS.EQUIPMENT.PREFABS.CLOTHING_GLOVES.FACADES.GLOVES_ATHLETIC_COBALT.NAME"
"EQUIPMENT.PREFABS"	"Team Captain Sports Gloves"	"隊長運動手套"	"STRINGS.EQUIPMENT.PREFABS.CLOTHING_GLOVES.FACADES.GLOVES_ATHLETIC_DEEPRED.NAME"
"EQUIPMENT.PREFABS"	"Pep Rally Sports Gloves"	"動員會運動手套"	"STRINGS.EQUIPMENT.PREFABS.CLOTHING_GLOVES.FACADES.GLOVES_ATHLETIC_FLAMINGO.NAME"
"EQUIPMENT.PREFABS"	"Go Team Sports Gloves"	"加油運動手套"	"STRINGS.EQUIPMENT.PREFABS.CLOTHING_GLOVES.FACADES.GLOVES_ATHLETIC_KELLYGREEN.NAME"
"EQUIPMENT.PREFABS"	"Hype Sports Gloves"	"激情運動手套"	"STRINGS.EQUIPMENT.PREFABS.CLOTHING_GLOVES.FACADES.GLOVES_ATHLETIC_LEMON.NAME"
"EQUIPMENT.PREFABS"	"Superfan Sports Gloves"	"忠實粉絲運動手套"	"STRINGS.EQUIPMENT.PREFABS.CLOTHING_GLOVES.FACADES.GLOVES_ATHLETIC_SATSUMA.NAME"
"EQUIPMENT.PREFABS"	"Gold Knit Gloves"	"金色針織手套"	"STRINGS.EQUIPMENT.PREFABS.CLOTHING_GLOVES.FACADES.KNIT_GOLD.NAME"
"EQUIPMENT.PREFABS"	"Magenta Knit Gloves"	"洋紅針織手套"	"STRINGS.EQUIPMENT.PREFABS.CLOTHING_GLOVES.FACADES.KNIT_MAGENTA.NAME"
"EQUIPMENT.PREFABS"	"White Evening Gloves"	"白色晚會手套"	"STRINGS.EQUIPMENT.PREFABS.CLOTHING_GLOVES.FACADES.LONG_WHITE.NAME"
"EQUIPMENT.PREFABS"	"Vintage Handsock"	"老式手部襪子"	"STRINGS.EQUIPMENT.PREFABS.CLOTHING_GLOVES.FACADES.SOCKSUIT_BEIGE.NAME"
"EQUIPMENT.PREFABS"	"White Glitter Gloves"	"白色亮片手套"	"STRINGS.EQUIPMENT.PREFABS.CLOTHING_GLOVES.FACADES.SPARKLE_WHITE.NAME"
"EQUIPMENT.PREFABS"	"Standard Gloves"	"標準手套"	"STRINGS.EQUIPMENT.PREFABS.CLOTHING_GLOVES.FACADES.STANDARD_GOLD.NAME"
"EQUIPMENT.PREFABS"	"Contrast Cuff Gloves"	"撞色袖口手套"	"STRINGS.EQUIPMENT.PREFABS.CLOTHING_GLOVES.FACADES.TWOTONE_CREAM_CHARCOAL.NAME"
"EQUIPMENT.PREFABS"	"Default Gloves"	"預設手套"	"STRINGS.EQUIPMENT.PREFABS.CLOTHING_GLOVES.NAME"
"EQUIPMENT.PREFABS"	"Default Headgear"	"預設頭飾"	"STRINGS.EQUIPMENT.PREFABS.CLOTHING_HATS.NAME"
"EQUIPMENT.PREFABS"	"Ballet Shoes"	"芭蕾舞鞋"	"STRINGS.EQUIPMENT.PREFABS.CLOTHING_SHOES.FACADES.BALLERINA_PINK.NAME"
"EQUIPMENT.PREFABS"	"Basic Black Shoes"	"黑色基礎鞋子"	"STRINGS.EQUIPMENT.PREFABS.CLOTHING_SHOES.FACADES.BASIC_BLACK.NAME"
"EQUIPMENT.PREFABS"	"Basic Aqua Shoes"	"水藍基礎鞋子"	"STRINGS.EQUIPMENT.PREFABS.CLOTHING_SHOES.FACADES.BASIC_BLUE_MIDDLE.NAME"
"EQUIPMENT.PREFABS"	"Basic Gunmetal Shoes"	"炮銅基礎鞋子"	"STRINGS.EQUIPMENT.PREFABS.CLOTHING_SHOES.FACADES.BASIC_BLUEGREY.NAME"
"EQUIPMENT.PREFABS"	"Basic Green Shoes"	"綠色基礎鞋子"	"STRINGS.EQUIPMENT.PREFABS.CLOTHING_SHOES.FACADES.BASIC_GREEN.NAME"
"EQUIPMENT.PREFABS"	"Basic Gray Shoes"	"灰色基礎鞋子"	"STRINGS.EQUIPMENT.PREFABS.CLOTHING_SHOES.FACADES.BASIC_GREY.NAME"
"EQUIPMENT.PREFABS"	"Basic Orange Shoes"	"橘色基礎鞋子"	"STRINGS.EQUIPMENT.PREFABS.CLOTHING_SHOES.FACADES.BASIC_ORANGE.NAME"
"EQUIPMENT.PREFABS"	"Basic Bubblegum Shoes"	"淡粉基礎鞋子"	"STRINGS.EQUIPMENT.PREFABS.CLOTHING_SHOES.FACADES.BASIC_PINK_ORCHID.NAME"
"EQUIPMENT.PREFABS"	"Basic Purple Shoes"	"紫色基礎鞋子"	"STRINGS.EQUIPMENT.PREFABS.CLOTHING_SHOES.FACADES.BASIC_PURPLE.NAME"
"EQUIPMENT.PREFABS"	"Basic Red Shoes"	"紅色基礎鞋子"	"STRINGS.EQUIPMENT.PREFABS.CLOTHING_SHOES.FACADES.BASIC_RED.NAME"
"EQUIPMENT.PREFABS"	"Basic Tan Shoes"	"褐色基礎鞋子"	"STRINGS.EQUIPMENT.PREFABS.CLOTHING_SHOES.FACADES.BASIC_TAN.NAME"
"EQUIPMENT.PREFABS"	"Basic White Shoes"	"白色基礎鞋子"	"STRINGS.EQUIPMENT.PREFABS.CLOTHING_SHOES.FACADES.BASIC_WHITE.NAME"
"EQUIPMENT.PREFABS"	"Basic Yellow Shoes"	"黃色基礎鞋子"	"STRINGS.EQUIPMENT.PREFABS.CLOTHING_SHOES.FACADES.BASIC_YELLOW.NAME"
"EQUIPMENT.PREFABS"	"Dressy Shoes"	"正裝鞋子"	"STRINGS.EQUIPMENT.PREFABS.CLOTHING_SHOES.FACADES.CLASSICFLATS_CREAM_CHARCOAL.NAME"
"EQUIPMENT.PREFABS"	"Denim Shoes"	"牛仔鞋"	"STRINGS.EQUIPMENT.PREFABS.CLOTHING_SHOES.FACADES.DENIM_BLUE.NAME"
"EQUIPMENT.PREFABS"	"Superstar Shoes"	"超級明星鞋子"	"STRINGS.EQUIPMENT.PREFABS.CLOTHING_SHOES.FACADES.FLASHY.NAME"
"EQUIPMENT.PREFABS"	"Frilly Basin Socks"	"洗盆飾邊襪子"	"STRINGS.EQUIPMENT.PREFABS.CLOTHING_SHOES.FACADES.GINCH_BLUE_BASIN.NAME"
"EQUIPMENT.PREFABS"	"Frilly Leach Socks"	"過濾飾邊襪子"	"STRINGS.EQUIPMENT.PREFABS.CLOTHING_SHOES.FACADES.GINCH_GREEN_LIME.NAME"
"EQUIPMENT.PREFABS"	"Frilly Charcoal Socks"	"木炭飾邊襪子"	"STRINGS.EQUIPMENT.PREFABS.CLOTHING_SHOES.FACADES.GINCH_GREY_CHARCOAL.NAME"
"EQUIPMENT.PREFABS"	"Frilly Slate Socks"	"板岩飾邊襪子"	"STRINGS.EQUIPMENT.PREFABS.CLOTHING_SHOES.FACADES.GINCH_GREY_GREY.NAME"
"EQUIPMENT.PREFABS"	"Frilly Atomic Socks"	"原子飾邊襪子"	"STRINGS.EQUIPMENT.PREFABS.CLOTHING_SHOES.FACADES.GINCH_ORANGE_ATOMIC.NAME"
"EQUIPMENT.PREFABS"	"Frilly Saltrock Socks"	"鹽岩飾邊襪子"	"STRINGS.EQUIPMENT.PREFABS.CLOTHING_SHOES.FACADES.GINCH_PINK_SALTROCK.NAME"
"EQUIPMENT.PREFABS"	"Frilly Dusk Socks"	"夜幕飾邊襪子"	"STRINGS.EQUIPMENT.PREFABS.CLOTHING_SHOES.FACADES.GINCH_PURPLE_DUSKY.NAME"
"EQUIPMENT.PREFABS"	"Frilly Magma Socks"	"岩漿飾邊襪子"	"STRINGS.EQUIPMENT.PREFABS.CLOTHING_SHOES.FACADES.GINCH_RED_MAGMA.NAME"
"EQUIPMENT.PREFABS"	"Frilly Balm Socks"	"芳香飾邊襪子"	"STRINGS.EQUIPMENT.PREFABS.CLOTHING_SHOES.FACADES.GINCH_TEAL_BALMY.NAME"
"EQUIPMENT.PREFABS"	"Frilly Yellowcake Socks"	"黃餅飾邊襪子"	"STRINGS.EQUIPMENT.PREFABS.CLOTHING_SHOES.FACADES.GINCH_YELLOW_YELLOWCAKE.NAME"
"EQUIPMENT.PREFABS"	"Slouchy Blueberry Socks"	"藍莓泡泡襪"	"STRINGS.EQUIPMENT.PREFABS.CLOTHING_SHOES.FACADES.LEGWARMERS_BLUEBERRY.NAME"
"EQUIPMENT.PREFABS"	"Slouchy Grape Socks"	"葡萄泡泡襪"	"STRINGS.EQUIPMENT.PREFABS.CLOTHING_SHOES.FACADES.LEGWARMERS_GRAPE.NAME"
"EQUIPMENT.PREFABS"	"Slouchy Lemon Socks"	"檸檬泡泡襪"	"STRINGS.EQUIPMENT.PREFABS.CLOTHING_SHOES.FACADES.LEGWARMERS_LEMON.NAME"
"EQUIPMENT.PREFABS"	"Slouchy Lime Socks"	"酸橙泡泡襪"	"STRINGS.EQUIPMENT.PREFABS.CLOTHING_SHOES.FACADES.LEGWARMERS_LIME.NAME"
"EQUIPMENT.PREFABS"	"Slouchy Satsuma Socks"	"蜜橘泡泡襪"	"STRINGS.EQUIPMENT.PREFABS.CLOTHING_SHOES.FACADES.LEGWARMERS_SATSUMA.NAME"
"EQUIPMENT.PREFABS"	"Slouchy Strawberry Socks"	"草莓泡泡襪"	"STRINGS.EQUIPMENT.PREFABS.CLOTHING_SHOES.FACADES.LEGWARMERS_STRAWBERRY.NAME"
"EQUIPMENT.PREFABS"	"Slouchy Watermelon Socks"	"西瓜泡泡襪"	"STRINGS.EQUIPMENT.PREFABS.CLOTHING_SHOES.FACADES.LEGWARMERS_WATERMELON.NAME"
"EQUIPMENT.PREFABS"	"Frilly Sock Shoes"	"褶邊襪鞋"	"STRINGS.EQUIPMENT.PREFABS.CLOTHING_SHOES.FACADES.MARYJANE_SOCKS_BW.NAME"
"EQUIPMENT.PREFABS"	"Underdog Gym Socks"	"弱勢運動襪"	"STRINGS.EQUIPMENT.PREFABS.CLOTHING_SHOES.FACADES.SOCKS_ATHLETIC_CHARCOAL.NAME"
"EQUIPMENT.PREFABS"	"True Blue Gym Socks"	"真藍運動襪"	"STRINGS.EQUIPMENT.PREFABS.CLOTHING_SHOES.FACADES.SOCKS_ATHLETIC_COBALT.NAME"
"EQUIPMENT.PREFABS"	"Team Captain Gym Socks"	"隊長運動襪"	"STRINGS.EQUIPMENT.PREFABS.CLOTHING_SHOES.FACADES.SOCKS_ATHLETIC_DEEPRED.NAME"
"EQUIPMENT.PREFABS"	"Pep Rally Gym Socks"	"動員會運動襪"	"STRINGS.EQUIPMENT.PREFABS.CLOTHING_SHOES.FACADES.SOCKS_ATHLETIC_FLAMINGO.NAME"
"EQUIPMENT.PREFABS"	"Go Team Gym Socks"	"加油運動襪"	"STRINGS.EQUIPMENT.PREFABS.CLOTHING_SHOES.FACADES.SOCKS_ATHLETIC_KELLYGREEN.NAME"
"EQUIPMENT.PREFABS"	"Hype Gym Socks"	"激情運動襪"	"STRINGS.EQUIPMENT.PREFABS.CLOTHING_SHOES.FACADES.SOCKS_ATHLETIC_LEMON.NAME"
"EQUIPMENT.PREFABS"	"Superfan Gym Socks"	"忠實粉絲運動襪"	"STRINGS.EQUIPMENT.PREFABS.CLOTHING_SHOES.FACADES.SOCKS_ATHLETIC_SATSUMA.NAME"
"EQUIPMENT.PREFABS"	"Black Velour Shoes"	"黑色絲絨鞋子"	"STRINGS.EQUIPMENT.PREFABS.CLOTHING_SHOES.FACADES.VELOUR_BLACK.NAME"
"EQUIPMENT.PREFABS"	"Shortwave Velour Shoes"	"短波絲絨鞋子"	"STRINGS.EQUIPMENT.PREFABS.CLOTHING_SHOES.FACADES.VELOUR_BLUE.NAME"
"EQUIPMENT.PREFABS"	"Gamma Velour Shoes"	"伽瑪絲絨鞋子"	"STRINGS.EQUIPMENT.PREFABS.CLOTHING_SHOES.FACADES.VELOUR_PINK.NAME"
"EQUIPMENT.PREFABS"	"Default Footwear"	"預設鞋子"	"STRINGS.EQUIPMENT.PREFABS.CLOTHING_SHOES.NAME"
"EQUIPMENT.PREFABS"	"Racing Jacket"	"賽車夾克"	"STRINGS.EQUIPMENT.PREFABS.CLOTHING_TOPS.FACADES.ATHLETE.NAME"
"EQUIPMENT.PREFABS"	"Basic Black Shirt"	"黑色基礎上衣"	"STRINGS.EQUIPMENT.PREFABS.CLOTHING_TOPS.FACADES.BASIC_BLACK.NAME"
"EQUIPMENT.PREFABS"	"Basic Aqua Shirt"	"水藍基礎上衣"	"STRINGS.EQUIPMENT.PREFABS.CLOTHING_TOPS.FACADES.BASIC_BLUE_MIDDLE.NAME"
"EQUIPMENT.PREFABS"	"Basic Green Shirt"	"綠色基礎上衣"	"STRINGS.EQUIPMENT.PREFABS.CLOTHING_TOPS.FACADES.BASIC_GREEN.NAME"
"EQUIPMENT.PREFABS"	"Basic Orange Shirt"	"橘色基礎上衣"	"STRINGS.EQUIPMENT.PREFABS.CLOTHING_TOPS.FACADES.BASIC_ORANGE.NAME"
"EQUIPMENT.PREFABS"	"Basic Bubblegum Shirt"	"淡粉基礎上衣"	"STRINGS.EQUIPMENT.PREFABS.CLOTHING_TOPS.FACADES.BASIC_PINK_ORCHID.NAME"
"EQUIPMENT.PREFABS"	"Basic Purple Shirt"	"紫色基礎上衣"	"STRINGS.EQUIPMENT.PREFABS.CLOTHING_TOPS.FACADES.BASIC_PURPLE.NAME"
"EQUIPMENT.PREFABS"	"Basic Red Shirt"	"紅色基礎上衣"	"STRINGS.EQUIPMENT.PREFABS.CLOTHING_TOPS.FACADES.BASIC_RED_BURNT.NAME"
"EQUIPMENT.PREFABS"	"Basic White Shirt"	"白色基礎上衣"	"STRINGS.EQUIPMENT.PREFABS.CLOTHING_TOPS.FACADES.BASIC_WHITE.NAME"
"EQUIPMENT.PREFABS"	"Basic Yellow Shirt"	"黃色基礎上衣"	"STRINGS.EQUIPMENT.PREFABS.CLOTHING_TOPS.FACADES.BASIC_YELLOW.NAME"
"EQUIPMENT.PREFABS"	"Ballet Leotard"	"芭蕾舞緊身衣"	"STRINGS.EQUIPMENT.PREFABS.CLOTHING_TOPS.FACADES.BODYSUIT_BALLERINA_PINK.NAME"
"EQUIPMENT.PREFABS"	"Hi-Vis Jacket"	"高能見夾克"	"STRINGS.EQUIPMENT.PREFABS.CLOTHING_TOPS.FACADES.BUILDER.NAME"
"EQUIPMENT.PREFABS"	"LED Jacket"	"LED 夾克"	"STRINGS.EQUIPMENT.PREFABS.CLOTHING_TOPS.FACADES.CIRCUIT_GREEN.NAME"
"EQUIPMENT.PREFABS"	"Denim Jacket"	"牛仔夾克"	"STRINGS.EQUIPMENT.PREFABS.CLOTHING_TOPS.FACADES.DENIM_BLUE.NAME"
"EQUIPMENT.PREFABS"	"PhD Dress"	"博士連身裙"	"STRINGS.EQUIPMENT.PREFABS.CLOTHING_TOPS.FACADES.DRESS_SLEEVELESS_BOW_BW.NAME"
"EQUIPMENT.PREFABS"	"Superstar Jacket"	"超級明星夾克"	"STRINGS.EQUIPMENT.PREFABS.CLOTHING_TOPS.FACADES.FLASHY.NAME"
"EQUIPMENT.PREFABS"	"Downtime Shirt"	"休息襯衫"	"STRINGS.EQUIPMENT.PREFABS.CLOTHING_TOPS.FACADES.FLORAL_PINK.NAME"
"EQUIPMENT.PREFABS"	"Rebel Gi Jacket"	"叛逆夾克"	"STRINGS.EQUIPMENT.PREFABS.CLOTHING_TOPS.FACADES.GI_WHITE.NAME"
"EQUIPMENT.PREFABS"	"Frilly Basin Undershirt"	"洗盆飾邊汗衫"	"STRINGS.EQUIPMENT.PREFABS.CLOTHING_TOPS.FACADES.GINCH_BLUE_BASIN.NAME"
"EQUIPMENT.PREFABS"	"Frilly Leach Undershirt"	"過濾飾邊汗衫"	"STRINGS.EQUIPMENT.PREFABS.CLOTHING_TOPS.FACADES.GINCH_GREEN_LIME.NAME"
"EQUIPMENT.PREFABS"	"Frilly Charcoal Undershirt"	"木炭飾邊汗衫"	"STRINGS.EQUIPMENT.PREFABS.CLOTHING_TOPS.FACADES.GINCH_GREY_CHARCOAL.NAME"
"EQUIPMENT.PREFABS"	"Frilly Slate Undershirt"	"板岩飾邊汗衫"	"STRINGS.EQUIPMENT.PREFABS.CLOTHING_TOPS.FACADES.GINCH_GREY_GREY.NAME"
"EQUIPMENT.PREFABS"	"Frilly Atomic Undershirt"	"原子飾邊汗衫"	"STRINGS.EQUIPMENT.PREFABS.CLOTHING_TOPS.FACADES.GINCH_ORANGE_ATOMIC.NAME"
"EQUIPMENT.PREFABS"	"Frilly Saltrock Undershirt"	"鹽岩飾邊汗衫"	"STRINGS.EQUIPMENT.PREFABS.CLOTHING_TOPS.FACADES.GINCH_PINK_SALTROCK.NAME"
"EQUIPMENT.PREFABS"	"Frilly Dusk Undershirt"	"夜幕飾邊汗衫"	"STRINGS.EQUIPMENT.PREFABS.CLOTHING_TOPS.FACADES.GINCH_PURPLE_DUSKY.NAME"
"EQUIPMENT.PREFABS"	"Frilly Magma Undershirt"	"岩漿飾邊汗衫"	"STRINGS.EQUIPMENT.PREFABS.CLOTHING_TOPS.FACADES.GINCH_RED_MAGMA.NAME"
"EQUIPMENT.PREFABS"	"Frilly Balm Undershirt"	"芳香飾邊汗衫"	"STRINGS.EQUIPMENT.PREFABS.CLOTHING_TOPS.FACADES.GINCH_TEAL_BALMY.NAME"
"EQUIPMENT.PREFABS"	"Frilly Yellowcake Undershirt"	"黃餅飾邊汗衫"	"STRINGS.EQUIPMENT.PREFABS.CLOTHING_TOPS.FACADES.GINCH_YELLOW_YELLOWCAKE.NAME"
"EQUIPMENT.PREFABS"	"Admin Undershirt"	"管理員汗衫"	"STRINGS.EQUIPMENT.PREFABS.CLOTHING_TOPS.FACADES.GONCH_BLUEBERRY.NAME"
"EQUIPMENT.PREFABS"	"Buzzword Undershirt"	"流行語汗衫"	"STRINGS.EQUIPMENT.PREFABS.CLOTHING_TOPS.FACADES.GONCH_GRAPE.NAME"
"EQUIPMENT.PREFABS"	"Groupthink Undershirt"	"群體思維汗衫"	"STRINGS.EQUIPMENT.PREFABS.CLOTHING_TOPS.FACADES.GONCH_LEMON.NAME"
"EQUIPMENT.PREFABS"	"Stakeholder Undershirt"	"股東汗衫"	"STRINGS.EQUIPMENT.PREFABS.CLOTHING_TOPS.FACADES.GONCH_LIME.NAME"
"EQUIPMENT.PREFABS"	"Underling Undershirt"	"下屬汗衫"	"STRINGS.EQUIPMENT.PREFABS.CLOTHING_TOPS.FACADES.GONCH_SATSUMA.NAME"
"EQUIPMENT.PREFABS"	"Executive Undershirt"	"管理汗衫"	"STRINGS.EQUIPMENT.PREFABS.CLOTHING_TOPS.FACADES.GONCH_STRAWBERRY.NAME"
"EQUIPMENT.PREFABS"	"Synergy Undershirt"	"協作汗衫"	"STRINGS.EQUIPMENT.PREFABS.CLOTHING_TOPS.FACADES.GONCH_WATERMELON.NAME"
"EQUIPMENT.PREFABS"	"Donor Jacket"	"捐贈者夾克"	"STRINGS.EQUIPMENT.PREFABS.CLOTHING_TOPS.FACADES.JACKET_SMOKING_BURGUNDY.NAME"
"EQUIPMENT.PREFABS"	"Blueberry Jelly Jacket"	"藍莓果凍夾克"	"STRINGS.EQUIPMENT.PREFABS.CLOTHING_TOPS.FACADES.JELLYPUFFJACKET_BLUEBERRY.NAME"
"EQUIPMENT.PREFABS"	"Grape Jelly Jacket"	"葡萄果凍夾克"	"STRINGS.EQUIPMENT.PREFABS.CLOTHING_TOPS.FACADES.JELLYPUFFJACKET_GRAPE.NAME"
"EQUIPMENT.PREFABS"	"Lemon Jelly Jacket"	"檸檬果凍夾克"	"STRINGS.EQUIPMENT.PREFABS.CLOTHING_TOPS.FACADES.JELLYPUFFJACKET_LEMON.NAME"
"EQUIPMENT.PREFABS"	"Lime Jelly Jacket"	"萊姆果凍夾克"	"STRINGS.EQUIPMENT.PREFABS.CLOTHING_TOPS.FACADES.JELLYPUFFJACKET_LIME.NAME"
"EQUIPMENT.PREFABS"	"Satsuma Jelly Jacket"	"蜜橘果凍夾克"	"STRINGS.EQUIPMENT.PREFABS.CLOTHING_TOPS.FACADES.JELLYPUFFJACKET_SATSUMA.NAME"
"EQUIPMENT.PREFABS"	"Strawberry Jelly Jacket"	"草莓果凍夾克"	"STRINGS.EQUIPMENT.PREFABS.CLOTHING_TOPS.FACADES.JELLYPUFFJACKET_STRAWBERRY.NAME"
"EQUIPMENT.PREFABS"	"Watermelon Jelly Jacket"	"西瓜果凍夾克"	"STRINGS.EQUIPMENT.PREFABS.CLOTHING_TOPS.FACADES.JELLYPUFFJACKET_WATERMELON.NAME"
"EQUIPMENT.PREFABS"	"Polka Dot Track Jacket"	"波點運動夾克"	"STRINGS.EQUIPMENT.PREFABS.CLOTHING_TOPS.FACADES.KNIT_POLKADOT_TURQ.NAME"
"EQUIPMENT.PREFABS"	"Engineer Jacket"	"工程師夾克"	"STRINGS.EQUIPMENT.PREFABS.CLOTHING_TOPS.FACADES.MECHANIC.NAME"
"EQUIPMENT.PREFABS"	"Research Shirt"	"研究襯衫"	"STRINGS.EQUIPMENT.PREFABS.CLOTHING_TOPS.FACADES.NERD_BROWN.NAME"
"EQUIPMENT.PREFABS"	"Lucky Jammies"	"幸運睡衣"	"STRINGS.EQUIPMENT.PREFABS.CLOTHING_TOPS.FACADES.PJ_CLOVERS_GLITCH_KELLY.NAME"
"EQUIPMENT.PREFABS"	"Sweetheart Jammies"	"甜心睡衣"	"STRINGS.EQUIPMENT.PREFABS.CLOTHING_TOPS.FACADES.PJ_HEARTS_CHILLI_STRAWBERRY.NAME"
"EQUIPMENT.PREFABS"	"Pom Bug Sweater"	"絨蟲毛衣"	"STRINGS.EQUIPMENT.PREFABS.CLOTHING_TOPS.FACADES.POMPOM_SHINEBUGS_PINK_PEPPERNUT.NAME"
"EQUIPMENT.PREFABS"	"Underdog T-shirt"	"弱勢 T 恤"	"STRINGS.EQUIPMENT.PREFABS.CLOTHING_TOPS.FACADES.RAGLANTOP_CHARCOAL.NAME"
"EQUIPMENT.PREFABS"	"True Blue T-shirt"	"真藍 T 恤"	"STRINGS.EQUIPMENT.PREFABS.CLOTHING_TOPS.FACADES.RAGLANTOP_COBALT.NAME"
"EQUIPMENT.PREFABS"	"Team Captain T-shirt"	"隊長 T 恤"	"STRINGS.EQUIPMENT.PREFABS.CLOTHING_TOPS.FACADES.RAGLANTOP_DEEPRED.NAME"
"EQUIPMENT.PREFABS"	"Pep Rally T-shirt"	"動員會 T 恤"	"STRINGS.EQUIPMENT.PREFABS.CLOTHING_TOPS.FACADES.RAGLANTOP_FLAMINGO.NAME"
"EQUIPMENT.PREFABS"	"Go Team T-shirt"	"加油 T 恤"	"STRINGS.EQUIPMENT.PREFABS.CLOTHING_TOPS.FACADES.RAGLANTOP_KELLYGREEN.NAME"
"EQUIPMENT.PREFABS"	"Hype T-shirt"	"激情 T 恤"	"STRINGS.EQUIPMENT.PREFABS.CLOTHING_TOPS.FACADES.RAGLANTOP_LEMON.NAME"
"EQUIPMENT.PREFABS"	"Superfan T-shirt"	"忠實粉絲 T 恤"	"STRINGS.EQUIPMENT.PREFABS.CLOTHING_TOPS.FACADES.RAGLANTOP_SATSUMA.NAME"
"EQUIPMENT.PREFABS"	"Crystal-Iced Sweater"	"冰晶毛衣"	"STRINGS.EQUIPMENT.PREFABS.CLOTHING_TOPS.FACADES.SNOWFLAKE_BLUE.NAME"
"EQUIPMENT.PREFABS"	"Vintage Sockshirt"	"老式襪子襯衫"	"STRINGS.EQUIPMENT.PREFABS.CLOTHING_TOPS.FACADES.SOCKSUIT_BEIGE.NAME"
"EQUIPMENT.PREFABS"	"Blue Uniform Shirt"	"藍色制服襯衫"	"STRINGS.EQUIPMENT.PREFABS.CLOTHING_TOPS.FACADES.STANDARD_BLUE_TOP.NAME"
"EQUIPMENT.PREFABS"	"Green Uniform Shirt"	"綠色制服襯衫"	"STRINGS.EQUIPMENT.PREFABS.CLOTHING_TOPS.FACADES.STANDARD_GREEN_TOP.NAME"
"EQUIPMENT.PREFABS"	"Red Uniform Shirt"	"紅色制服襯衫"	"STRINGS.EQUIPMENT.PREFABS.CLOTHING_TOPS.FACADES.STANDARD_RED_TOP.NAME"
"EQUIPMENT.PREFABS"	"Yellow Uniform Shirt"	"黃色制服襯衫"	"STRINGS.EQUIPMENT.PREFABS.CLOTHING_TOPS.FACADES.STANDARD_YELLOW_TOP.NAME"
"EQUIPMENT.PREFABS"	"Classic Magenta Tee"	"經典洋紅 T 恤"	"STRINGS.EQUIPMENT.PREFABS.CLOTHING_TOPS.FACADES.TSHIRT_MAGENTA.NAME"
"EQUIPMENT.PREFABS"	"Classic White Tee"	"經典白色 T 恤"	"STRINGS.EQUIPMENT.PREFABS.CLOTHING_TOPS.FACADES.TSHIRT_WHITE.NAME"
"EQUIPMENT.PREFABS"	"Power Brunch Blazer"	"午宴運動夾克"	"STRINGS.EQUIPMENT.PREFABS.CLOTHING_TOPS.FACADES.TWEED_PINK_ORCHID.NAME"
"EQUIPMENT.PREFABS"	"PhD Velour Jacket"	"博士絲絨夾克"	"STRINGS.EQUIPMENT.PREFABS.CLOTHING_TOPS.FACADES.VELOUR_BLACK.NAME"
"EQUIPMENT.PREFABS"	"Shortwave Velour Jacket"	"短波絲絨夾克"	"STRINGS.EQUIPMENT.PREFABS.CLOTHING_TOPS.FACADES.VELOUR_BLUE.NAME"
"EQUIPMENT.PREFABS"	"Gamma Velour Jacket"	"伽瑪絲絨夾克"	"STRINGS.EQUIPMENT.PREFABS.CLOTHING_TOPS.FACADES.VELOUR_PINK.NAME"
"EQUIPMENT.PREFABS"	"Nobel Pinstripe Waistcoat"	"諾貝爾條紋馬甲"	"STRINGS.EQUIPMENT.PREFABS.CLOTHING_TOPS.FACADES.WAISTCOAT_PINSTRIPE_SLATE.NAME"
"EQUIPMENT.PREFABS"	"HVAC Khaki Shirt"	"暖通空調卡其色襯衫"	"STRINGS.EQUIPMENT.PREFABS.CLOTHING_TOPS.FACADES.WATER.NAME"
"EQUIPMENT.PREFABS"	"Sporefest Sweater"	"孢子節日毛衣"	"STRINGS.EQUIPMENT.PREFABS.CLOTHING_TOPS.FACADES.X_SPORCHID.NAME"
"EQUIPMENT.PREFABS"	"Pinchabell Jacket"	"椒鈴夾克"	"STRINGS.EQUIPMENT.PREFABS.CLOTHING_TOPS.FACADES.X1_PINCHAPEPPERNUTBELLS.NAME"
"EQUIPMENT.PREFABS"	"Default Top"	"預設上身"	"STRINGS.EQUIPMENT.PREFABS.CLOTHING_TOPS.NAME"
"EQUIPMENT.PREFABS"	"Cool Vest"	"涼爽背心"	"STRINGS.EQUIPMENT.PREFABS.COOL_VEST.NAME"
"EQUIPMENT.PREFABS"	"Primo Garb"	"卓越服裝"	"STRINGS.EQUIPMENT.PREFABS.CUSTOMCLOTHING.NAME"
"EQUIPMENT.PREFABS"	"Glossy Glee"	"歡樂滑鱗"	"STRINGS.EQUIPMENT.PREFABS.EQUIPPABLEBALLOON.FACADES.BALLOON_BABY_GLOSSY_DRECKO_EGG.NAME"
"EQUIPMENT.PREFABS"	"Helium Hatches"	"氦奇球"	"STRINGS.EQUIPMENT.PREFABS.EQUIPPABLEBALLOON.FACADES.BALLOON_BABY_HATCH_EGG.NAME"
"EQUIPMENT.PREFABS"	"Floatie Fish"	"漂浮魚"	"STRINGS.EQUIPMENT.PREFABS.EQUIPPABLEBALLOON.FACADES.BALLOON_BABY_PACU_EGG.NAME"
"EQUIPMENT.PREFABS"	"Pip Pip Hooray"	"樹鼠萬歲"	"STRINGS.EQUIPMENT.PREFABS.EQUIPPABLEBALLOON.FACADES.BALLOON_BABY_PIP_EGG.NAME"
"EQUIPMENT.PREFABS"	"Peppy Pokeshells"	"活力拋殼蟹"	"STRINGS.EQUIPMENT.PREFABS.EQUIPPABLEBALLOON.FACADES.BALLOON_BABY_POKESHELL_EGG.NAME"
"EQUIPMENT.PREFABS"	"Puffed-Up Pufts"	"膨脹帕夫"	"STRINGS.EQUIPMENT.PREFABS.EQUIPPABLEBALLOON.FACADES.BALLOON_BABY_PUFT_EGG.NAME"
"EQUIPMENT.PREFABS"	"Voley Voley Voles"	"活潑田鼠"	"STRINGS.EQUIPMENT.PREFABS.EQUIPPABLEBALLOON.FACADES.BALLOON_BABY_SHOVOLE_EGG.NAME"
"EQUIPMENT.PREFABS"	"Wheezewort Glitter"	"冰樹閃光"	"STRINGS.EQUIPMENT.PREFABS.EQUIPPABLEBALLOON.FACADES.BALLOON_BLUE_LONG_SPARKLES.NAME"
"EQUIPMENT.PREFABS"	"Magma Glitter"	"岩漿閃光"	"STRINGS.EQUIPMENT.PREFABS.EQUIPPABLEBALLOON.FACADES.BALLOON_FIREENGINE_LONG_SPARKLES.NAME"
"EQUIPMENT.PREFABS"	"Mush Bar Glitter"	"泥糊糕閃光"	"STRINGS.EQUIPMENT.PREFABS.EQUIPPABLEBALLOON.FACADES.BALLOON_GREEN_LONG_SPARKLES.NAME"
"EQUIPMENT.PREFABS"	"Petal Glitter"	"花瓣閃光"	"STRINGS.EQUIPMENT.PREFABS.EQUIPPABLEBALLOON.FACADES.BALLOON_PINK_LONG_SPARKLES.NAME"
"EQUIPMENT.PREFABS"	"Dusky Glitter"	"夜幕閃光"	"STRINGS.EQUIPMENT.PREFABS.EQUIPPABLEBALLOON.FACADES.BALLOON_PURPLE_LONG_SPARKLES.NAME"
"EQUIPMENT.PREFABS"	"Lavatory Glitter"	"廁所閃光"	"STRINGS.EQUIPMENT.PREFABS.EQUIPPABLEBALLOON.FACADES.BALLOON_YELLOW_LONG_SPARKLES.NAME"
"EQUIPMENT.PREFABS"	"Candied Blueberry"	"蜜餞藍莓"	"STRINGS.EQUIPMENT.PREFABS.EQUIPPABLEBALLOON.FACADES.CANDY_BLUEBERRY.NAME"
"EQUIPMENT.PREFABS"	"Candied Grape"	"蜜餞葡萄"	"STRINGS.EQUIPMENT.PREFABS.EQUIPPABLEBALLOON.FACADES.CANDY_GRAPE.NAME"
"EQUIPMENT.PREFABS"	"Candied Lemon"	"蜜餞檸檬"	"STRINGS.EQUIPMENT.PREFABS.EQUIPPABLEBALLOON.FACADES.CANDY_LEMON.NAME"
"EQUIPMENT.PREFABS"	"Candied Lime"	"蜜餞萊姆"	"STRINGS.EQUIPMENT.PREFABS.EQUIPPABLEBALLOON.FACADES.CANDY_LIME.NAME"
"EQUIPMENT.PREFABS"	"Candied Satsuma"	"蜜餞蜜橘"	"STRINGS.EQUIPMENT.PREFABS.EQUIPPABLEBALLOON.FACADES.CANDY_ORANGE.NAME"
"EQUIPMENT.PREFABS"	"Candied Strawberry"	"蜜餞草莓"	"STRINGS.EQUIPMENT.PREFABS.EQUIPPABLEBALLOON.FACADES.CANDY_STRAWBERRY.NAME"
"EQUIPMENT.PREFABS"	"Candied Watermelon"	"蜜餞西瓜"	"STRINGS.EQUIPMENT.PREFABS.EQUIPPABLEBALLOON.FACADES.CANDY_WATERMELON.NAME"
"EQUIPMENT.PREFABS"	"Balloon Friend"	"氣球夥伴"	"STRINGS.EQUIPMENT.PREFABS.EQUIPPABLEBALLOON.FACADES.DEFAULT_BALLOON.NAME"
"EQUIPMENT.PREFABS"	"Gold Fingers"	"金手指"	"STRINGS.EQUIPMENT.PREFABS.EQUIPPABLEBALLOON.FACADES.HAND_GOLD.NAME"
"EQUIPMENT.PREFABS"	"Snazzy Suit"	"時髦服裝"	"STRINGS.EQUIPMENT.PREFABS.FUNKY_VEST.NAME"
"EQUIPMENT.PREFABS"	"Holiday Gift Crate"	"假日禮包"	"STRINGS.EQUIPMENT.PREFABS.HOLIDAY_2023_CRATE.NAME"
"EQUIPMENT.PREFABS"	"Jet Suit"	"飛行衣"	"STRINGS.EQUIPMENT.PREFABS.JET_SUIT.NAME"
"EQUIPMENT.PREFABS"	"Default Jet Uniform"	"預設飛行制服"	"STRINGS.EQUIPMENT.PREFABS.JET_SUIT_BODY.NAME"
"EQUIPMENT.PREFABS"	"Default Jet Gloves"	"預設飛行手套"	"STRINGS.EQUIPMENT.PREFABS.JET_SUIT_GLOVES.NAME"
"EQUIPMENT.PREFABS"	"Default Jet Helmet"	"預設飛行頭盔"	"STRINGS.EQUIPMENT.PREFABS.JET_SUIT_HELMET.NAME"
"EQUIPMENT.PREFABS"	"Default Jet Boots"	"預設飛行靴"	"STRINGS.EQUIPMENT.PREFABS.JET_SUIT_SHOES.NAME"
"EQUIPMENT.PREFABS"	"Lead Suit"	"輻射防護衣"	"STRINGS.EQUIPMENT.PREFABS.LEAD_SUIT.NAME"
"EQUIPMENT.PREFABS"	"Oxygen Mask"	"氧氣面罩"	"STRINGS.EQUIPMENT.PREFABS.OXYGEN_MASK.NAME"
"EQUIPMENT.PREFABS"	"Oxygen Rebreather"	"氧循環呼吸器"	"STRINGS.EQUIPMENT.PREFABS.OXYGEN_TANK_UNDERWATER.NAME"
"EQUIPMENT.PREFABS"	"Pajamas"	"睡衣"	"STRINGS.EQUIPMENT.PREFABS.SLEEPCLINICPAJAMAS.NAME"
"EQUIPMENT.PREFABS"	"Thermo Suit"	"隔熱衣"	"STRINGS.EQUIPMENT.PREFABS.TEMPERATURE_SUIT.NAME"
"EQUIPMENT.PREFABS"	"Warm Coat"	"溫暖外套"	"STRINGS.EQUIPMENT.PREFABS.WARM_VEST.NAME"
"GAMEPLAY_EVENTS.BONUS"	"Fresh Algae Smell"	"新鮮藻類的氣味"	"STRINGS.GAMEPLAY_EVENTS.BONUS.BONUSALGAE.NAME"
"GAMEPLAY_EVENTS.BONUS"	"Amazing Dream"	"神奇的夢"	"STRINGS.GAMEPLAY_EVENTS.BONUS.BONUSDREAM4.NAME"
"GAMEPLAY_EVENTS.BONUS"	"Big Small Talker"	"閒話家常"	"STRINGS.GAMEPLAY_EVENTS.BONUS.BONUSTALKER.NAME"
"GAMEPLAY_EVENTS.BONUS"	"Greater Luxury"	"非常奢華"	"STRINGS.GAMEPLAY_EVENTS.BONUS.BONUSTOILET4.NAME"
"GAMEPLAY_EVENTS.EVENT_TYPES"	"New Event: Artifact Analyzed"	"新事件：文物已分析"	"STRINGS.GAMEPLAY_EVENTS.EVENT_TYPES.ARTIFACT_REVEAL.NAME"
"GAMEPLAY_EVENTS.EVENT_TYPES"	"Critter Infestation"	"小動物入侵"	"STRINGS.GAMEPLAY_EVENTS.EVENT_TYPES.CREATURE_SPAWN.NAME"
"GAMEPLAY_EVENTS.EVENT_TYPES"	"New Event: A Frozen Friend"	"新事件：冰凍的朋友"	"STRINGS.GAMEPLAY_EVENTS.EVENT_TYPES.CRYOFRIEND.NAME"
"GAMEPLAY_EVENTS.EVENT_TYPES"	"Eclipse"	"日蝕"	"STRINGS.GAMEPLAY_EVENTS.EVENT_TYPES.ECLIPSE.NAME"
"GAMEPLAY_EVENTS.EVENT_TYPES"	"Food Fight"	"食物作戰"	"STRINGS.GAMEPLAY_EVENTS.EVENT_TYPES.FOOD_FIGHT.NAME"
"GAMEPLAY_EVENTS.EVENT_TYPES"	"Plant Blight: {plant}"	"植物枯萎：{plant}"	"STRINGS.GAMEPLAY_EVENTS.EVENT_TYPES.PLANT_BLIGHT.NAME"
"GAMEPLAY_EVENTS.EVENT_TYPES"	"Satellite Crash"	"衛星墜毀"	"STRINGS.GAMEPLAY_EVENTS.EVENT_TYPES.SATELLITE_CRASH.NAME"
"GAMEPLAY_EVENTS.EVENT_TYPES"	"Solar Storm"	"太陽風暴"	"STRINGS.GAMEPLAY_EVENTS.EVENT_TYPES.SOLAR_FLARE.NAME"
"GAMEPLAY_EVENTS.EVENT_TYPES"	"New Event: Personnel Teleporter"	"新事件：個人傳送門"	"STRINGS.GAMEPLAY_EVENTS.EVENT_TYPES.WARPWORLDREVEAL.NAME"
"INPUT_BINDINGS.CINEMATICCAMERA"	"Cinematic Camera"	"攝影鏡頭"	"STRINGS.INPUT_BINDINGS.CINEMATICCAMERA.NAME"
"INPUT_BINDINGS.DEBUG"	"Debug"	"除錯"	"STRINGS.INPUT_BINDINGS.DEBUG.NAME"
"INPUT_BINDINGS.MANAGEMENT"	"Management"	"管理"	"STRINGS.INPUT_BINDINGS.MANAGEMENT.NAME"
"INPUT_BINDINGS.NAVIGATION"	"Navigation"	"快速導航"	"STRINGS.INPUT_BINDINGS.NAVIGATION.NAME"
"INPUT_BINDINGS.ROOT"	"Global"	"全域"	"STRINGS.INPUT_BINDINGS.ROOT.NAME"
"INPUT_BINDINGS.SANDBOX"	"Sandbox"	"沙盒"	"STRINGS.INPUT_BINDINGS.SANDBOX.NAME"
"INPUT_BINDINGS.SWITCHACTIVEWORLD"	"Switch Planetoids"	"切換小行星"	"STRINGS.INPUT_BINDINGS.SWITCHACTIVEWORLD.NAME"
"INPUT_BINDINGS.TOOL"	"Tool"	"工具"	"STRINGS.INPUT_BINDINGS.TOOL.NAME"
"ITEMS.BIONIC_BOOSTERS"	"Mechatronics Engineering Booster"	"機電工程加速器"	"STRINGS.ITEMS.BIONIC_BOOSTERS.BOOSTER_OP2.NAME"
"ITEMS.BIONIC_BOOSTERS"	"Piloting Booster"	"駕駛加速器"	"STRINGS.ITEMS.BIONIC_BOOSTERS.BOOSTER_PILOT1.NAME"
"ITEMS.BIONIC_BOOSTERS"	"Rocketry Booster"	"火箭學加速器"	"STRINGS.ITEMS.BIONIC_BOOSTERS.BOOSTER_PILOTVANILLA1.NAME"
"ITEMS.BIONIC_BOOSTERS"	"Researching Booster"	"研究加速器"	"STRINGS.ITEMS.BIONIC_BOOSTERS.BOOSTER_RESEARCH1.NAME"
"ITEMS.BIONIC_BOOSTERS"	"Astronomy Booster"	"天文學加速器"	"STRINGS.ITEMS.BIONIC_BOOSTERS.BOOSTER_RESEARCH2.NAME"
"ITEMS.BIONIC_BOOSTERS"	"Applied Sciences Booster"	"應用科學加速器"	"STRINGS.ITEMS.BIONIC_BOOSTERS.BOOSTER_RESEARCH3.NAME"
"ITEMS.BIONIC_BOOSTERS"	"Tidying Booster"	"整理加速器"	"STRINGS.ITEMS.BIONIC_BOOSTERS.BOOSTER_TIDY1.NAME"
"ITEMS.CARGO_CAPSULE"	"Care Package"	"補給包裹"	"STRINGS.ITEMS.CARGO_CAPSULE.NAME"
"ITEMS.DEBRISPAYLOAD"	"Rocket Debris"	"火箭殘骸"	"STRINGS.ITEMS.DEBRISPAYLOAD.NAME"
"ITEMS.DEHYDRATEDFOODPACKAGE"	"Dry Ration"	"乾燥口糧"	"STRINGS.ITEMS.DEHYDRATEDFOODPACKAGE.NAME"
"ITEMS.DREAMJOURNAL"	"Dream Journal"	"夢境日誌"	"STRINGS.ITEMS.DREAMJOURNAL.NAME"
"ITEMS.FOOD"	"Muckroot"	"塊根"	"STRINGS.ITEMS.FOOD.BASICFORAGEPLANT.NAME"
"ITEMS.FOOD"	"Liceloaf"	"米虱糕"	"STRINGS.ITEMS.FOOD.BASICPLANTBAR.NAME"
"ITEMS.FOOD"	"Meal Lice"	"米虱"	"STRINGS.ITEMS.FOOD.BASICPLANTFOOD.NAME"
"ITEMS.FOOD"	"Dried Berry Pie"	"乾燥漿果派"	"STRINGS.ITEMS.FOOD.BERRYPIE.DEHYDRATED.NAME"
"ITEMS.FOOD"	"Mixed Berry Pie"	"綜合漿果派"	"STRINGS.ITEMS.FOOD.BERRYPIE.NAME"
"ITEMS.FOOD"	"Dried Frost Burger"	"乾燥雪麥堡"	"STRINGS.ITEMS.FOOD.BURGER.DEHYDRATED.NAME"
"ITEMS.FOOD"	"Frost Burger"	"雪麥漢堡"	"STRINGS.ITEMS.FOOD.BURGER.NAME"
"ITEMS.FOOD"	"Toasted Mimillet"	"烘烤擬葉種"	"STRINGS.ITEMS.FOOD.BUTTERFLYFOOD.NAME"
"ITEMS.FOOD"	"Plume Squash"	"羽葉南瓜"	"STRINGS.ITEMS.FOOD.CARROT.NAME"
"ITEMS.FOOD"	"Frost Bun"	"冰霜麵包"	"STRINGS.ITEMS.FOOD.COLDWHEATBREAD.NAME"
"ITEMS.FOOD"	"Omelette"	"歐姆蛋"	"STRINGS.ITEMS.FOOD.COOKEDEGG.NAME"
"ITEMS.FOOD"	"Cooked Seafood"	"熟海鮮"	"STRINGS.ITEMS.FOOD.COOKEDFISH.NAME"
"ITEMS.FOOD"	"Barbeque"	"烤肉"	"STRINGS.ITEMS.FOOD.COOKEDMEAT.NAME"
"ITEMS.FOOD"	"Pikeapple Skewer"	"刺殼果烤串"	"STRINGS.ITEMS.FOOD.COOKEDPIKEAPPLE.NAME"
"ITEMS.FOOD"	"Dried Curried Beans"	"乾燥咖哩豆"	"STRINGS.ITEMS.FOOD.CURRY.DEHYDRATED.NAME"
"ITEMS.FOOD"	"Curried Beans"	"咖哩豆"	"STRINGS.ITEMS.FOOD.CURRY.NAME"
"ITEMS.FOOD"	"Fish Taco"	"魚塔可"	"STRINGS.ITEMS.FOOD.DEEPFRIEDFISH.NAME"
"ITEMS.FOOD"	"Deep Fried Steak"	"炸肉塊"	"STRINGS.ITEMS.FOOD.DEEPFRIEDMEAT.NAME"
"ITEMS.FOOD"	"Nosh Noms"	"炸豆豆"	"STRINGS.ITEMS.FOOD.DEEPFRIEDNOSH.NAME"
"ITEMS.FOOD"	"Shellfish Tempura"	"蟹肉天婦羅"	"STRINGS.ITEMS.FOOD.DEEPFRIEDSHELLFISH.NAME"
"ITEMS.FOOD"	"Tough Meat"	"硬肉"	"STRINGS.ITEMS.FOOD.DINOSAURMEAT.NAME"
"ITEMS.FOOD"	"Drecko Egg"	"龍鱗蜥蛋"	"STRINGS.ITEMS.FOOD.DRECKOEGG.NAME"
"ITEMS.FOOD"	"Megafrond Grain"	"巨蕨穀粒"	"STRINGS.ITEMS.FOOD.FERNFOOD.NAME"
"ITEMS.FOOD"	"Nutrient Bar"	"營養口糧"	"STRINGS.ITEMS.FOOD.FIELDRATION.NAME"
"ITEMS.FOOD"	"Pacu Fillet"	"帕庫魚片"	"STRINGS.ITEMS.FOOD.FISHMEAT.NAME"
"ITEMS.FOOD"	"Food Splatter"	"食物飛濺"	"STRINGS.ITEMS.FOOD.FOODSPLAT.NAME"
"ITEMS.FOOD"	"Hexalent Fruit"	"蜂巢仙人掌果"	"STRINGS.ITEMS.FOOD.FORESTFORAGEPLANT.NAME"
"ITEMS.FOOD"	"Mush Fry"	"煎泥糕"	"STRINGS.ITEMS.FOOD.FRIEDMUSHBAR.NAME"
"ITEMS.FOOD"	"Fried Mushroom"	"炸蘑菇"	"STRINGS.ITEMS.FOOD.FRIEDMUSHROOM.NAME"
"ITEMS.FOOD"	"Squash Fries"	"南瓜條"	"STRINGS.ITEMS.FOOD.FRIESCARROT.NAME"
"ITEMS.FOOD"	"Berry Sludge"	"鬃果糕"	"STRINGS.ITEMS.FOOD.FRUITCAKE.NAME"
"ITEMS.FOOD"	"Gamma Mush"	"伽瑪泥糊"	"STRINGS.ITEMS.FOOD.GAMMAMUSH.NAME"
"ITEMS.FOOD"	"Sweatcorn"	"津甜玉米"	"STRINGS.ITEMS.FOOD.GARDENFOODPLANTFOOD.NAME"
"ITEMS.FOOD"	"Snac Fruit"	"食仙掌果"	"STRINGS.ITEMS.FOOD.GARDENFORAGEPLANT.NAME"
"ITEMS.FOOD"	"Gristle Berry"	"烤鬃果"	"STRINGS.ITEMS.FOOD.GRILLEDPRICKLEFRUIT.NAME"
"ITEMS.FOOD"	"Pikeapple"	"刺殼果"	"STRINGS.ITEMS.FOOD.HARDSKINBERRY.NAME"
"ITEMS.FOOD"	"Hatch Egg"	"哈奇蛋"	"STRINGS.ITEMS.FOOD.HATCHEGG.NAME"
"ITEMS.FOOD"	"Sherberry"	"雪漿果"	"STRINGS.ITEMS.FOOD.ICECAVESFORAGEPLANT.NAME"
"ITEMS.FOOD"	"Lettuce"	"生菜"	"STRINGS.ITEMS.FOOD.LETTUCE.NAME"
"ITEMS.FOOD"	"Shine Bug Egg"	"發光蟲蛋"	"STRINGS.ITEMS.FOOD.LIGHTBUGEGG.NAME"
"ITEMS.FOOD"	"Meat"	"肉"	"STRINGS.ITEMS.FOOD.MEAT.NAME"
"ITEMS.FOOD"	"Microwaved Lettuce"	"烤生菜"	"STRINGS.ITEMS.FOOD.MICROWAVEDLETTUCE.NAME"
"ITEMS.FOOD"	"Mush Bar"	"泥糊糕"	"STRINGS.ITEMS.FOOD.MUSHBAR.NAME"
"ITEMS.FOOD"	"Mushroom"	"蘑菇"	"STRINGS.ITEMS.FOOD.MUSHROOM.NAME"
"ITEMS.FOOD"	"Dried Mushroom Wrap"	"乾燥蘑菇包"	"STRINGS.ITEMS.FOOD.MUSHROOMWRAP.DEHYDRATED.NAME"
"ITEMS.FOOD"	"Mushroom Wrap"	"蘑菇生菜包"	"STRINGS.ITEMS.FOOD.MUSHROOMWRAP.NAME"
"ITEMS.FOOD"	"Slickster Egg"	"小油怪蛋"	"STRINGS.ITEMS.FOOD.OILFLOATEREGG.NAME"
"ITEMS.FOOD"	"Soufflé Pancakes"	"舒芙蕾鬆餅"	"STRINGS.ITEMS.FOOD.PANCAKES.NAME"
"ITEMS.FOOD"	"Pasta"	"義大利麵"	"STRINGS.ITEMS.FOOD.PASTA.NAME"
"ITEMS.FOOD"	"Pemmican"	"乾肉餅"	"STRINGS.ITEMS.FOOD.PEMMICAN.NAME"
"ITEMS.FOOD"	"Pickled Meal"	"醃米虱"	"STRINGS.ITEMS.FOOD.PICKLEDMEAL.NAME"
"ITEMS.FOOD"	"Plant Meat"	"植物肉"	"STRINGS.ITEMS.FOOD.PLANTMEAT.NAME"
"ITEMS.FOOD"	"Popcorn"	"爆米花"	"STRINGS.ITEMS.FOOD.POPCORN.NAME"
"ITEMS.FOOD"	"Jawbo Fillet"	"顎魚魚片"	"STRINGS.ITEMS.FOOD.PREHISTORICPACUFILLET.NAME"
"ITEMS.FOOD"	"Bristle Berry"	"鬃果"	"STRINGS.ITEMS.FOOD.PRICKLEFRUIT.NAME"
"ITEMS.FOOD"	"Puft Egg"	"帕夫蛋"	"STRINGS.ITEMS.FOOD.PUFTEGG.NAME"
"ITEMS.FOOD"	"Dried Mushroom Quiche"	"乾燥蘑菇派"	"STRINGS.ITEMS.FOOD.QUICHE.DEHYDRATED.NAME"
"ITEMS.FOOD"	"Mushroom Quiche"	"蘑菇鹹派"	"STRINGS.ITEMS.FOOD.QUICHE.NAME"
"ITEMS.FOOD"	"Raw Egg"	"生蛋"	"STRINGS.ITEMS.FOOD.RAWEGG.NAME"
"ITEMS.FOOD"	"Rot Pile"	"腐壞物"	"STRINGS.ITEMS.FOOD.ROTPILE.NAME"
"ITEMS.FOOD"	"Dried Stuffed Berry"	"乾燥鬃果塔"	"STRINGS.ITEMS.FOOD.SALSA.DEHYDRATED.NAME"
"ITEMS.FOOD"	"Stuffed Berry"	"鬃果塔"	"STRINGS.ITEMS.FOOD.SALSA.NAME"
"ITEMS.FOOD"	"Raw Shellfish"	"水生蟹肉"	"STRINGS.ITEMS.FOOD.SHELLFISHMEAT.NAME"
"ITEMS.FOOD"	"Tender Brisket"	"嫩胸肉"	"STRINGS.ITEMS.FOOD.SMOKEDDINOSAURMEAT.NAME"
"ITEMS.FOOD"	"Smoked Fish"	"煙燻魚"	"STRINGS.ITEMS.FOOD.SMOKEDFISH.NAME"
"ITEMS.FOOD"	"Veggie Poppers"	"爆米花"	"STRINGS.ITEMS.FOOD.SMOKEDVEGETABLES.NAME"
"ITEMS.FOOD"	"Dried Pepper Bread"	"乾胡椒麵包"	"STRINGS.ITEMS.FOOD.SPICEBREAD.DEHYDRATED.NAME"
"ITEMS.FOOD"	"Pepper Bread"	"胡椒麵包"	"STRINGS.ITEMS.FOOD.SPICEBREAD.NAME"
"ITEMS.FOOD"	"Pincha Peppernut"	"胡椒"	"STRINGS.ITEMS.FOOD.SPICENUT.NAME"
"ITEMS.FOOD"	"Dried Spicy Tofu"	"乾麻婆豆腐"	"STRINGS.ITEMS.FOOD.SPICYTOFU.DEHYDRATED.NAME"
"ITEMS.FOOD"	"Spicy Tofu"	"麻婆豆腐"	"STRINGS.ITEMS.FOOD.SPICYTOFU.NAME"
"ITEMS.FOOD"	"Dried Surf'n'Turf"	"乾燥海陸餐"	"STRINGS.ITEMS.FOOD.SURFANDTURF.DEHYDRATED.NAME"
"ITEMS.FOOD"	"Surf'n'Turf"	"海陸大餐"	"STRINGS.ITEMS.FOOD.SURFANDTURF.NAME"
"ITEMS.FOOD"	"Sushi"	"壽司"	"STRINGS.ITEMS.FOOD.SUSHI.NAME"
"ITEMS.FOOD"	"Swampy Delights"	"沼澤果乾"	"STRINGS.ITEMS.FOOD.SWAMPDELIGHTS.NAME"
"ITEMS.FOOD"	"Swamp Chard Heart"	"沼澤甜菜心"	"STRINGS.ITEMS.FOOD.SWAMPFORAGEPLANT.NAME"
"ITEMS.FOOD"	"Bog Jelly"	"沼澤果凍"	"STRINGS.ITEMS.FOOD.SWAMPFRUIT.NAME"
"ITEMS.FOOD"	"Tofu"	"豆腐"	"STRINGS.ITEMS.FOOD.TOFU.NAME"
"ITEMS.FOOD"	"Ovagro Fig"	"蔓殖燈籠果"	"STRINGS.ITEMS.FOOD.VINEFRUIT.NAME"
"ITEMS.FOOD"	""	"蔓殖燈籠果醬"	"STRINGS.ITEMS.FOOD.VINEFRUITJAM.NAME"
"ITEMS.FOOD"	"Roast Grubfruit Nut"	"烤蟲蜜果"	"STRINGS.ITEMS.FOOD.WORMBASICFOOD.NAME"
"ITEMS.FOOD"	"Spindly Grubfruit"	"劣質蟲蜜果"	"STRINGS.ITEMS.FOOD.WORMBASICFRUIT.NAME"
"ITEMS.FOOD"	"Grubfruit Preserve"	"蟲蜜果醬"	"STRINGS.ITEMS.FOOD.WORMSUPERFOOD.NAME"
"ITEMS.FOOD"	"Grubfruit"	"蟲蜜果"	"STRINGS.ITEMS.FOOD.WORMSUPERFRUIT.NAME"
"ITEMS.INDUSTRIAL_PRODUCTS"	"Small Pokeshell Molt"	"小拋殼蟹殼"	"STRINGS.ITEMS.INDUSTRIAL_PRODUCTS.BABY_CRAB_SHELL.NAME"
"ITEMS.INDUSTRIAL_PRODUCTS"	"Small Oakshell Molt"	"小木殼蟹殼"	"STRINGS.ITEMS.INDUSTRIAL_PRODUCTS.BABY_CRAB_SHELL.VARIANT_WOOD.NAME"
"ITEMS.INDUSTRIAL_PRODUCTS"	"Reed Fiber"	"蘆葦纖維"	"STRINGS.ITEMS.INDUSTRIAL_PRODUCTS.BASIC_FABRIC.NAME"
"ITEMS.INDUSTRIAL_PRODUCTS"	"Pokeshell Molt"	"拋殼蟹殼"	"STRINGS.ITEMS.INDUSTRIAL_PRODUCTS.CRAB_SHELL.NAME"
"ITEMS.INDUSTRIAL_PRODUCTS"	"Oakshell Molt"	"木殼蟹殼"	"STRINGS.ITEMS.INDUSTRIAL_PRODUCTS.CRAB_SHELL.VARIANT_WOOD.NAME"
"ITEMS.INDUSTRIAL_PRODUCTS"	"Dewdrip"	"凝露珠"	"STRINGS.ITEMS.INDUSTRIAL_PRODUCTS.DEWDRIP.NAME"
"ITEMS.INDUSTRIAL_PRODUCTS"	"Egg Shell"	"蛋殼"	"STRINGS.ITEMS.INDUSTRIAL_PRODUCTS.EGG_SHELL.NAME"
"ITEMS.INDUSTRIAL_PRODUCTS"	"Eco Power Bank"	"環保行動電源"	"STRINGS.ITEMS.INDUSTRIAL_PRODUCTS.ELECTROBANK.NAME"
"ITEMS.INDUSTRIAL_PRODUCTS"	"Empty Eco Power Bank"	"空的環保行動電源"	"STRINGS.ITEMS.INDUSTRIAL_PRODUCTS.ELECTROBANK_EMPTY.NAME"
"ITEMS.INDUSTRIAL_PRODUCTS"	"Power Bank Scrap"	"行動電源廢料"	"STRINGS.ITEMS.INDUSTRIAL_PRODUCTS.ELECTROBANK_GARBAGE.NAME"
"ITEMS.INDUSTRIAL_PRODUCTS"	"Metal Power Bank"	"金屬行動電源"	"STRINGS.ITEMS.INDUSTRIAL_PRODUCTS.ELECTROBANK_METAL_ORE.NAME"
"ITEMS.INDUSTRIAL_PRODUCTS"	"Atomic Power Bank"	"原子行動電源"	"STRINGS.ITEMS.INDUSTRIAL_PRODUCTS.ELECTROBANK_SELFCHARGING.NAME"
"ITEMS.INDUSTRIAL_PRODUCTS"	"Uranium Ore Power Bank"	"鈾礦行動電源"	"STRINGS.ITEMS.INDUSTRIAL_PRODUCTS.ELECTROBANK_URANIUM_ORE.NAME"
"ITEMS.INDUSTRIAL_PRODUCTS"	"Micronutrient Fertilizer"	"肥料包"	"STRINGS.ITEMS.INDUSTRIAL_PRODUCTS.FARM_STATION_TOOLS.NAME"
"ITEMS.INDUSTRIAL_PRODUCTS"	"Feather Fiber"	"羽毛纖維"	"STRINGS.ITEMS.INDUSTRIAL_PRODUCTS.FEATHER_FABRIC.NAME"
"ITEMS.INDUSTRIAL_PRODUCTS"	"Fuel Brick"	"燃料磚"	"STRINGS.ITEMS.INDUSTRIAL_PRODUCTS.FUEL_BRICK.NAME"
"ITEMS.INDUSTRIAL_PRODUCTS"	"Vacillator Recharge"	"振盪器充能"	"STRINGS.ITEMS.INDUSTRIAL_PRODUCTS.GENE_SHUFFLER_RECHARGE.NAME"
"ITEMS.INDUSTRIAL_PRODUCTS"	"Regal Bammoth Crest"	"帝王絨兔羽冠"	"STRINGS.ITEMS.INDUSTRIAL_PRODUCTS.GOLD_BELLY_CROWN.NAME"
"ITEMS.INDUSTRIAL_PRODUCTS"	"Bammoth Patty"	"猛瑪絨兔金"	"STRINGS.ITEMS.INDUSTRIAL_PRODUCTS.ICE_BELLY_POOP.NAME"
"ITEMS.INDUSTRIAL_PRODUCTS"	"Custom Parts"	"客製零件"	"STRINGS.ITEMS.INDUSTRIAL_PRODUCTS.MACHINE_PARTS.NAME"
"ITEMS.INDUSTRIAL_PRODUCTS"	"Data Bank"	"資料磁片"	"STRINGS.ITEMS.INDUSTRIAL_PRODUCTS.ORBITAL_RESEARCH_DATABANK.NAME"
"ITEMS.INDUSTRIAL_PRODUCTS"	"Plant Husk"	"植物纖維"	"STRINGS.ITEMS.INDUSTRIAL_PRODUCTS.PLANT_FIBER.NAME"
"ITEMS.INDUSTRIAL_PRODUCTS"	"Microchip"	"微晶片"	"STRINGS.ITEMS.INDUSTRIAL_PRODUCTS.POWER_STATION_TOOLS.NAME"
"ITEMS.INDUSTRIAL_PRODUCTS"	"Refined Sugar"	"精製糖"	"STRINGS.ITEMS.INDUSTRIAL_PRODUCTS.REFINED_SUGAR.NAME"
"ITEMS.INDUSTRIAL_PRODUCTS"	"Table Salt"	"食鹽"	"STRINGS.ITEMS.INDUSTRIAL_PRODUCTS.TABLE_SALT.NAME"
"ITEMS.INDUSTRIAL_PRODUCTS"	"Trap Components"	"陷阱組件"	"STRINGS.ITEMS.INDUSTRIAL_PRODUCTS.TRAP_PARTS.NAME"
"ITEMS.INGREDIENTS"	"Tonic Root"	"辛香根"	"STRINGS.ITEMS.INGREDIENTS.GINGER.NAME"
"ITEMS.INGREDIENTS"	"Seakomb Leaf"	"海梳葉"	"STRINGS.ITEMS.INGREDIENTS.KELP.NAME"
"ITEMS.INGREDIENTS"	"Balm Lily Flower"	"香水百合"	"STRINGS.ITEMS.INGREDIENTS.SWAMPLILYFLOWER.NAME"
"ITEMS.LUBRICATIONSTICK"	"Gear Balm"	"齒輪膏"	"STRINGS.ITEMS.LUBRICATIONSTICK.NAME"
"ITEMS.MISSILE_BASIC"	"Blastshot"	"爆破彈"	"STRINGS.ITEMS.MISSILE_BASIC.NAME"
"ITEMS.MISSILE_LONGRANGE"	"Intracosmic Blastshot"	"星際爆破彈"	"STRINGS.ITEMS.MISSILE_LONGRANGE.NAME"
"ITEMS.PILLS"	"Serum Vial"	"血清瓶"	"STRINGS.ITEMS.PILLS.ADVANCEDCURE.NAME"
"ITEMS.PILLS"	"Curative Tablet"	"治療藥片"	"STRINGS.ITEMS.PILLS.BASICCURE.NAME"
"ITEMS.PILLS"	"Medical Pack"	"醫療包"	"STRINGS.ITEMS.PILLS.INTERMEDIATECURE.NAME"
"ITEMS.RADIATION"	"Radbolts"	"輻射粒子"	"STRINGS.ITEMS.RADIATION.HIGHENERGYPARITCLE.NAME"
"ITEMS.RAILGUNPAYLOAD"	"Interplanetary Payload"	"星際貨箱"	"STRINGS.ITEMS.RAILGUNPAYLOAD.NAME"
"ITEMS.SPICES"	"Machinist Spice"	"機械師香料"	"STRINGS.ITEMS.SPICES.MACHINERY_SPICE.NAME"
"ITEMS.SPICES"	"Rocketeer Spice"	"火箭手香料"	"STRINGS.ITEMS.SPICES.PILOTING_SPICE.NAME"
"ITEMS.SPICES"	"Freshener Spice"	"清新香料"	"STRINGS.ITEMS.SPICES.PRESERVING_SPICE.NAME"
"ITEMS.SPICES"	"Brawny Spice"	"強壯香料"	"STRINGS.ITEMS.SPICES.STRENGTH_SPICE.NAME"
"ITEMS.TALLOWLUBRICATIONSTICK"	"Tallow Gear Balm"	"生質齒輪膏"	"STRINGS.ITEMS.TALLOWLUBRICATIONSTICK.NAME"
"MISC.MONUMENT_COMPLETE"	"Great Monument"	"大型紀念碑"	"STRINGS.MISC.MONUMENT_COMPLETE.NAME"
"MISC.NOTIFICATIONS"	"Resource allocated"	"資源分配"	"STRINGS.MISC.NOTIFICATIONS.ALLOCATED.NAME"
"MISC.NOTIFICATIONS"	"Resource available"	"資源可用"	"STRINGS.MISC.NOTIFICATIONS.AVAILABLE.NAME"
"MISC.NOTIFICATIONS"	"Flight Path Obstructed"	"飛行路徑受阻"	"STRINGS.MISC.NOTIFICATIONS.BADROCKETPATH.NAME"
"MISC.NOTIFICATIONS"	"Tutorial: Basic Controls"	"教學：基礎控制"	"STRINGS.MISC.NOTIFICATIONS.BASICCONTROLS.NAME"
"MISC.NOTIFICATIONS"	"Tutorial: Immune Systems"	"教學：免疫系統"	"STRINGS.MISC.NOTIFICATIONS.BEING_INFECTED.NAME"
"MISC.NOTIFICATIONS"	"Tutorial: Powering Bionics"	"教學：仿生體充電"	"STRINGS.MISC.NOTIFICATIONS.BIONICBATTERY.NAME"
"MISC.NOTIFICATIONS"	"Liquid Damage"	"液體損傷"	"STRINGS.MISC.NOTIFICATIONS.BIONICLIQUIDDAMAGE.NAME"
"MISC.NOTIFICATIONS"	"Tutorial: Oiling Bionics"	"教程：仿生體上油"	"STRINGS.MISC.NOTIFICATIONS.BIONICOIL.NAME"
"MISC.NOTIFICATIONS"	"Research Discovered"	"已發現研究"	"STRINGS.MISC.NOTIFICATIONS.BIONICRESEARCHUNLOCK.NAME"
"MISC.NOTIFICATIONS"	"Building broken"	"建築物毀損"	"STRINGS.MISC.NOTIFICATIONS.BROKENMACHINE.NAME"
"MISC.NOTIFICATIONS"	"Building melted"	"建築熔化"	"STRINGS.MISC.NOTIFICATIONS.BUILDING_MELTED.NAME"
"MISC.NOTIFICATIONS"	"Damage: Overheated"	"傷害：過熱"	"STRINGS.MISC.NOTIFICATIONS.BUILDINGOVERHEATED.NAME"
"MISC.NOTIFICATIONS"	"Circuit Overloaded"	"電路超載"	"STRINGS.MISC.NOTIFICATIONS.CIRCUIT_OVERLOADED.NAME"
"MISC.NOTIFICATIONS"	"New Log Entry"	"新的日誌條目"	"STRINGS.MISC.NOTIFICATIONS.CODEXUNLOCK.NAME"
"MISC.NOTIFICATIONS"	"Colony Achievement earned"	"殖民地成就取得"	"STRINGS.MISC.NOTIFICATIONS.COLONY_ACHIEVEMENT_EARNED.NAME"
"MISC.NOTIFICATIONS"	"Duplicants crushed"	"複製人支離破碎"	"STRINGS.MISC.NOTIFICATIONS.DEATH_CRUSHED.NAME"
"MISC.NOTIFICATIONS"	"Duplicants have succumbed to disease"	"複製人屈服於病魔"	"STRINGS.MISC.NOTIFICATIONS.DEATH_DISEASE.NAME"
"MISC.NOTIFICATIONS"	"Duplicants have drowned"	"複製人淹死了"	"STRINGS.MISC.NOTIFICATIONS.DEATH_DROWNED.NAME"
"MISC.NOTIFICATIONS"	"Duplicants have been entombed"	"複製人被活埋"	"STRINGS.MISC.NOTIFICATIONS.DEATH_ENTOUMBED.NAME"
"MISC.NOTIFICATIONS"	"Duplicants splattered"	"複製人摔爛了"	"STRINGS.MISC.NOTIFICATIONS.DEATH_FELL.NAME"
"MISC.NOTIFICATIONS"	"Duplicants have frozen"	"複製人結凍了"	"STRINGS.MISC.NOTIFICATIONS.DEATH_FROZENSOLID.NAME"
"MISC.NOTIFICATIONS"	"Duplicants have overheated"	"複製人過熱了"	"STRINGS.MISC.NOTIFICATIONS.DEATH_OVERHEATING.NAME"
"MISC.NOTIFICATIONS"	"Duplicants pressurized"	"複製人失壓了"	"STRINGS.MISC.NOTIFICATIONS.DEATH_OVERPRESSURE.NAME"
"MISC.NOTIFICATIONS"	"Duplicants poisoned"	"複製人中毒了"	"STRINGS.MISC.NOTIFICATIONS.DEATH_POISONED.NAME"
"MISC.NOTIFICATIONS"	"Duplicants have starved"	"複製人非常飢餓"	"STRINGS.MISC.NOTIFICATIONS.DEATH_STARVATION.NAME"
"MISC.NOTIFICATIONS"	"Duplicants have suffocated"	"複製人窒息了"	"STRINGS.MISC.NOTIFICATIONS.DEATH_SUFFOCATEDAIRTOOCOLD.NAME"
"MISC.NOTIFICATIONS"	"Duplicants suffocated"	"複製人窒息了"	"STRINGS.MISC.NOTIFICATIONS.DEATH_SUFFOCATION.NAME"
"MISC.NOTIFICATIONS"	"Video: Digging for Resources"	"影片：挖掘資源"	"STRINGS.MISC.NOTIFICATIONS.DIGGING.NAME"
"MISC.NOTIFICATIONS"	"ALERT - Surface Breach"	"警告－突破行星表面"	"STRINGS.MISC.NOTIFICATIONS.DISCOVERED_SPACE.NAME"
"MISC.NOTIFICATIONS"	"Tutorial: Food Safety"	"教學：食品安全"	"STRINGS.MISC.NOTIFICATIONS.DISEASE_COOKING.NAME"
"MISC.NOTIFICATIONS"	"Tutorial: Duplicant Thermal Units"	"教學：複製人的熱能單位"	"STRINGS.MISC.NOTIFICATIONS.DTU.NAME"
"MISC.NOTIFICATIONS"	"Duplicant Crash Landed!"	"複製人迫降成功！"	"STRINGS.MISC.NOTIFICATIONS.DUPLICANT_CRASH_LANDED.NAME"
"MISC.NOTIFICATIONS"	"Printables have been reabsorbed"	"可列印物品已回收"	"STRINGS.MISC.NOTIFICATIONS.DUPLICANTABSORBED.NAME"
"MISC.NOTIFICATIONS"	"Duplicants have died"	"複製人已經死亡"	"STRINGS.MISC.NOTIFICATIONS.DUPLICANTDIED.NAME"
"MISC.NOTIFICATIONS"	"Fabricator idle"	"工廠閒置"	"STRINGS.MISC.NOTIFICATIONS.FABRICATOREMPTY.NAME"
"MISC.NOTIFICATIONS"	"Tutorial: Fetching Water"	"教學：取水"	"STRINGS.MISC.NOTIFICATIONS.FETCHINGWATERMESSAGE.NAME"
"MISC.NOTIFICATIONS"	"Food shortage"	"食物短缺"	"STRINGS.MISC.NOTIFICATIONS.FOODLOW.NAME"
"MISC.NOTIFICATIONS"	"Food has decayed"	"食物已經腐壞"	"STRINGS.MISC.NOTIFICATIONS.FOODROT.NAME"
"MISC.NOTIFICATIONS"	"Food has become stale"	"食物已經過期"	"STRINGS.MISC.NOTIFICATIONS.FOODSTALE.NAME"
"MISC.NOTIFICATIONS"	"The colony is entering a cloud of gas"	"殖民地飄進了一些氣體"	"STRINGS.MISC.NOTIFICATIONS.GASCLOUDARRIVING.NAME"
"MISC.NOTIFICATIONS"	"The gas cloud is receding"	"氣體正在飄散"	"STRINGS.MISC.NOTIFICATIONS.GASCLOUDDEPARTING.NAME"
"MISC.NOTIFICATIONS"	"The colony is once again in open space"	"殖民地再次處於開放空間"	"STRINGS.MISC.NOTIFICATIONS.GASCLOUDGONE.NAME"
"MISC.NOTIFICATIONS"	"The gas cloud is at its densest point"	"氣體雲處於最密集的位置"	"STRINGS.MISC.NOTIFICATIONS.GASCLOUDPEAK.NAME"
"MISC.NOTIFICATIONS"	"A gas cloud approaches"	"氣體雲接近"	"STRINGS.MISC.NOTIFICATIONS.GASCLOUDWARNING.NAME"
"MISC.NOTIFICATIONS"	"Genes Shuffled"	"基因重組"	"STRINGS.MISC.NOTIFICATIONS.GENESHUFFLER.NAME"
"MISC.NOTIFICATIONS"	"Seed Analysis Complete"	"種子分析完成"	"STRINGS.MISC.NOTIFICATIONS.GENETICANALYSISCOMPLETE.NAME"
"MISC.NOTIFICATIONS"	"Tutorial: Gunked Toilets"	"教學：廁所堵塞"	"STRINGS.MISC.NOTIFICATIONS.GUNKEDTOILET.NAME"
"MISC.NOTIFICATIONS"	"Healing"	"治療"	"STRINGS.MISC.NOTIFICATIONS.HEALING.NAME"
"MISC.NOTIFICATIONS"	"New trait"	"新特徵"	"STRINGS.MISC.NOTIFICATIONS.HEALINGTRAITGAIN.NAME"
"MISC.NOTIFICATIONS"	"No Wash Basin built"	"未建造洗手盆"	"STRINGS.MISC.NOTIFICATIONS.HYGENE_NEEDED.NAME"
"MISC.NOTIFICATIONS"	"DEMOLIOR"	"毀神星"	"STRINGS.MISC.NOTIFICATIONS.INCOMINGPREHISTORICASTEROIDNOTIFICATION.NAME"
"MISC.NOTIFICATIONS"	"Duplicants' expectations increased"	"複製人的期望增加了"	"STRINGS.MISC.NOTIFICATIONS.INCREASEDEXPECTATIONS.NAME"
"MISC.NOTIFICATIONS"	"Insufficient Oxygen generation"	"氧氣產量不足"	"STRINGS.MISC.NOTIFICATIONS.INSUFFICIENTOXYGENLASTCYCLE.NAME"
"MISC.NOTIFICATIONS"	"Video: Insulation"	"影片：隔熱"	"STRINGS.MISC.NOTIFICATIONS.INSULATION.NAME"
"MISC.NOTIFICATIONS"	"Invalid construction location"	"錯誤的建造地點"	"STRINGS.MISC.NOTIFICATIONS.INVALIDCONSTRUCTIONLOCATION.NAME"
"MISC.NOTIFICATIONS"	"Geyser triggered"	"間歇泉已觸發"	"STRINGS.MISC.NOTIFICATIONS.LARGE_IMPACTOR_GEYSER_ERUPTION.NAME"
"MISC.NOTIFICATIONS"	"Artifact found"	"文物已找到"	"STRINGS.MISC.NOTIFICATIONS.LARGE_IMPACTOR_KEEPSAKE.NAME"
"MISC.NOTIFICATIONS"	"Attribute increase"	"屬性增加"	"STRINGS.MISC.NOTIFICATIONS.LEVELUP.NAME"
"MISC.NOTIFICATIONS"	"Video: Duplicant Movement"	"影片：複製人移動"	"STRINGS.MISC.NOTIFICATIONS.LOCOMOTIONMESSAGE.NAME"
"MISC.NOTIFICATIONS"	"Logic Circuit Overloaded"	"邏輯電路超載"	"STRINGS.MISC.NOTIFICATIONS.LOGIC_CIRCUIT_OVERLOADED.NAME"
"MISC.NOTIFICATIONS"	"Tutorial: Germs and Disease"	"教學：病菌和疾病"	"STRINGS.MISC.NOTIFICATIONS.LOTS_OF_GERMS.NAME"
"MISC.NOTIFICATIONS"	"Missing materials"	"缺少材料"	"STRINGS.MISC.NOTIFICATIONS.MISSINGMATERIALS.NAME"
"MISC.NOTIFICATIONS"	"Tutorial: Polluted Water"	"教學：汙水"	"STRINGS.MISC.NOTIFICATIONS.MOPPINGMESSAGE.NAME"
"MISC.NOTIFICATIONS"	"Video: Duplicant Morale"	"影片：複製人士氣"	"STRINGS.MISC.NOTIFICATIONS.MORALE.NAME"
"MISC.NOTIFICATIONS"	"Nearly dry"	"幾乎乾了"	"STRINGS.MISC.NOTIFICATIONS.NEARLYDRY.NAME"
"MISC.NOTIFICATIONS"	"Colony requires a Power source"	"殖民地需要電力來源"	"STRINGS.MISC.NOTIFICATIONS.NEEDENERGYSOURCE.NAME"
"MISC.NOTIFICATIONS"	"Colony requires a food source"	"殖民地需要食物"	"STRINGS.MISC.NOTIFICATIONS.NEEDFOOD.NAME"
"MISC.NOTIFICATIONS"	"No Cots built"	"沒有建造簡易床"	"STRINGS.MISC.NOTIFICATIONS.NEEDSLEEP.NAME"
"MISC.NOTIFICATIONS"	"No Outhouse built"	"沒有建造茅廁"	"STRINGS.MISC.NOTIFICATIONS.NEEDTOILET.NAME"
"MISC.NOTIFICATIONS"	"New Automation Port"	"新的訊號端口"	"STRINGS.MISC.NOTIFICATIONS.NEW_AUTOMATION_WARNING.NAME"
"MISC.NOTIFICATIONS"	"New Mutant Seed Discovered"	"發現新的變異植物種子"	"STRINGS.MISC.NOTIFICATIONS.NEWMUTANTSEED.NAME"
"MISC.NOTIFICATIONS"	"{0} has developed a trait"	"{0}已發展了一個特質"	"STRINGS.MISC.NOTIFICATIONS.NEWTRAIT.NAME"
"MISC.NOTIFICATIONS"	"No Sick Bay built"	"沒有建造醫務站"	"STRINGS.MISC.NOTIFICATIONS.NO_MEDICAL_COTS.NAME"
"MISC.NOTIFICATIONS"	"No Oxygen Generator built"	"未建造製氧機"	"STRINGS.MISC.NOTIFICATIONS.NO_OXYGEN_GENERATOR.NAME"
"MISC.NOTIFICATIONS"	"Video: Plumbing and Ventilation"	"影片：供水與通風"	"STRINGS.MISC.NOTIFICATIONS.PLUMBING.NAME"
"MISC.NOTIFICATIONS"	"Portal Unlocked!"	"傳送通道已解鎖！"	"STRINGS.MISC.NOTIFICATIONS.POIRESEARCHUNLOCKCOMPLETE.NAME"
"MISC.NOTIFICATIONS"	"Video: Power Circuits"	"影片：電力系統"	"STRINGS.MISC.NOTIFICATIONS.POWER.NAME"
"MISC.NOTIFICATIONS"	"Tutorial: Errand Priorities"	"教學：任務優先度"	"STRINGS.MISC.NOTIFICATIONS.PRIORITIESMESSAGE.NAME"
"MISC.NOTIFICATIONS"	"Tutorial: Radiation"	"教學：輻射"	"STRINGS.MISC.NOTIFICATIONS.RADIATION.NAME"
"MISC.NOTIFICATIONS"	"Red Alert"	"紅色警報"	"STRINGS.MISC.NOTIFICATIONS.REDALERT.NAME"
"MISC.NOTIFICATIONS"	"Research Complete"	"研究完成"	"STRINGS.MISC.NOTIFICATIONS.RESEARCHCOMPLETE.NAME"
"MISC.NOTIFICATIONS"	"Skills reset"	"技能重置"	"STRINGS.MISC.NOTIFICATIONS.RESETSKILL.NAME"
"MISC.NOTIFICATIONS"	"Resources melted"	"資源熔化"	"STRINGS.MISC.NOTIFICATIONS.RESOURCEMELTED.NAME"
"MISC.NOTIFICATIONS"	"{0}: {1}!"	"{0}：{1}！"	"STRINGS.MISC.NOTIFICATIONS.SCHEDULE_CHANGED.NAME"
"MISC.NOTIFICATIONS"	"Tutorial: Scheduling"	"教學：安排任務"	"STRINGS.MISC.NOTIFICATIONS.SCHEDULEMESSAGE.NAME"
"MISC.NOTIFICATIONS"	"{Duplicant} earned a skill point!"	"{Duplicant} 獲得技能點！"	"STRINGS.MISC.NOTIFICATIONS.SKILL_POINT_EARNED.NAME"
"MISC.NOTIFICATIONS"	"Tutorial: Wet Surfaces"	"教學：潮溼表面"	"STRINGS.MISC.NOTIFICATIONS.SLIPPERYSURFACE.NAME"
"MISC.NOTIFICATIONS"	"Tutorial: Space Travel"	"教學：火箭旅行"	"STRINGS.MISC.NOTIFICATIONS.SPACETRAVEL.NAME"
"MISC.NOTIFICATIONS"	"Tutorial: Stress Management"	"教學：壓力管理"	"STRINGS.MISC.NOTIFICATIONS.STRESSMANAGEMENTMESSAGE.NAME"
"MISC.NOTIFICATIONS"	"Structural collapse"	"建築倒塌"	"STRINGS.MISC.NOTIFICATIONS.STRUCTURALCOLLAPSE.NAME"
"MISC.NOTIFICATIONS"	"Structural damage"	"建築受損"	"STRINGS.MISC.NOTIFICATIONS.STRUCTURALDAMAGE.NAME"
"MISC.NOTIFICATIONS"	"No Docks available"	"沒有可用的太空衣存放櫃"	"STRINGS.MISC.NOTIFICATIONS.SUIT_DROPPED.NAME"
"MISC.NOTIFICATIONS"	"Tutorial: Atmo Suits"	"教學：太空衣"	"STRINGS.MISC.NOTIFICATIONS.SUITS.NAME"
"MISC.NOTIFICATIONS"	"Tutorial: Priority"	"教學：優先度"	"STRINGS.MISC.NOTIFICATIONS.TASKPRIORITIESMESSAGE.NAME"
"MISC.NOTIFICATIONS"	"Tutorial: Duplicant Temperature"	"教學：複製人體溫"	"STRINGS.MISC.NOTIFICATIONS.THERMALCOMFORT.NAME"
"MISC.NOTIFICATIONS"	"Ceiling Collapse!"	"結構崩塌！"	"STRINGS.MISC.NOTIFICATIONS.TILECOLLAPSE.NAME"
"MISC.NOTIFICATIONS"	"Tutorial: Building Temperature"	"教學：建築物溫度"	"STRINGS.MISC.NOTIFICATIONS.TUTORIAL_OVERHEATING.NAME"
"MISC.NOTIFICATIONS"	"Unreachable resources"	"無法到達資源"	"STRINGS.MISC.NOTIFICATIONS.UNREACHABLEITEM.NAME"
"MISC.NOTIFICATIONS"	"Unrefrigerated Food"	"未冷藏的食物"	"STRINGS.MISC.NOTIFICATIONS.UNREFRIGERATEDFOOD.NAME"
"MISC.NOTIFICATIONS"	"Vent blocked"	"出口阻塞"	"STRINGS.MISC.NOTIFICATIONS.VENTBLOCKED.NAME"
"MISC.NOTIFICATIONS"	"Vent overpressurized"	"出口壓力過高"	"STRINGS.MISC.NOTIFICATIONS.VENTOVERPRESSURE.NAME"
"MISC.NOTIFICATIONS"	"Duplicant warp ready"	"複製人傳送就緒"	"STRINGS.MISC.NOTIFICATIONS.WARP_PORTAL_DUPE_READY.NAME"
"MISC.NOTIFICATIONS"	"Tutorial: Colony Management"	"教學：殖民地管理"	"STRINGS.MISC.NOTIFICATIONS.WELCOMEMESSAGE.NAME"
"MISC.NOTIFICATIONS"	"New Planetoid detected"	"探測到新的小行星"	"STRINGS.MISC.NOTIFICATIONS.WORLDDETECTED.NAME"
"MISC.NOTIFICATIONS"	"Yellow Alert"	"黃色警報"	"STRINGS.MISC.NOTIFICATIONS.YELLOWALERT.NAME"
"MISC.PLACERS"	"Relocate Here"	"移至這裡"	"STRINGS.MISC.PLACERS.MOVEPICKUPABLEPLACER.NAME"
"MISC.STATUSITEMS"	"Entombed Artifact"	"掩埋的文物"	"STRINGS.MISC.STATUSITEMS.ARTIFACTENTOMBED.NAME"
"MISC.STATUSITEMS"	"Attention Required!"	"需要注意！"	"STRINGS.MISC.STATUSITEMS.ATTENTIONREQUIRED.NAME"
"MISC.STATUSITEMS"	"Analysis Pending"	"等待分析"	"STRINGS.MISC.STATUSITEMS.AWAITINGSTUDY.NAME"
"MISC.STATUSITEMS"	"Stored Geodata: {0}"	"儲存的地質資料：{0}"	"STRINGS.MISC.STATUSITEMS.BIONICEXPLORERBOOSTER.NAME"
"MISC.STATUSITEMS"	"Dowsing Complete"	"探測完成"	"STRINGS.MISC.STATUSITEMS.BIONICEXPLORERBOOSTERREADY.NAME"
"MISC.STATUSITEMS"	"Buried Object"	"被埋住的物件"	"STRINGS.MISC.STATUSITEMS.BURIEDITEM.NAME"
"MISC.STATUSITEMS"	"Time to collision: {time}"	"撞擊前剩餘時間：{time}"	"STRINGS.MISC.STATUSITEMS.CLUSTERMETEORREMAININGTRAVELTIME.NAME"
"MISC.STATUSITEMS"	"Durability: {durability}"	"耐久度：{durability}"	"STRINGS.MISC.STATUSITEMS.DURABILITY.NAME"
"MISC.STATUSITEMS"	"Rations: {0}"	"補充：{0}"	"STRINGS.MISC.STATUSITEMS.EDIBLE.NAME"
"MISC.STATUSITEMS"	"Lifetime Remaining: {0}"	"生命週期還有： {0}"	"STRINGS.MISC.STATUSITEMS.ELECTROBANKLIFETIMEREMAINING.NAME"
"MISC.STATUSITEMS"	"Self-Charging: {0}"	"自充電： {0}"	"STRINGS.MISC.STATUSITEMS.ELECTROBANKSELFCHARGING.NAME"
"MISC.STATUSITEMS"	"Genome Sequenced"	"基因組定序"	"STRINGS.MISC.STATUSITEMS.GENETICANALYSISCOMPLETED.NAME"
"MISC.STATUSITEMS"	"Growing Branches"	"樹枝生長中"	"STRINGS.MISC.STATUSITEMS.GROWINGBRANCHES.NAME"
"MISC.STATUSITEMS"	"Severe"	"重度創傷"	"STRINGS.MISC.STATUSITEMS.HEALTHSTATUS.CRITICAL.NAME"
"MISC.STATUSITEMS"	"Conclusive"	"宣告不治"	"STRINGS.MISC.STATUSITEMS.HEALTHSTATUS.DEAD.NAME"
"MISC.STATUSITEMS"	"Paralyzing"	"癱瘓"	"STRINGS.MISC.STATUSITEMS.HEALTHSTATUS.INCAPACITATED.NAME"
"MISC.STATUSITEMS"	"Moderate"	"中度創傷"	"STRINGS.MISC.STATUSITEMS.HEALTHSTATUS.INJURED.NAME"
"MISC.STATUSITEMS"	"Minor"	"無礙"	"STRINGS.MISC.STATUSITEMS.HEALTHSTATUS.SCUFFED.NAME"
"MISC.STATUSITEMS"	"{targetName} took {damageAmount} damage from {attackerName}'s attack!"	"{targetName} 受到 {damageAmount} 點傷害，來自於 {attackerName} 的攻擊！"	"STRINGS.MISC.STATUSITEMS.HIT.NAME"
"MISC.STATUSITEMS"	"Health: {0} / {1}"	"生命值 {0} / {1}"	"STRINGS.MISC.STATUSITEMS.LARGEIMPACTORHEALTH.NAME"
"MISC.STATUSITEMS"	"Time until impact: {0}"	"距離撞擊時間：{0}"	"STRINGS.MISC.STATUSITEMS.LARGEIMPACTORSTATUS.NAME"
"MISC.STATUSITEMS"	"Time To Intercept {0}: {1}"	"攔截 {0} 時間：{1}"	"STRINGS.MISC.STATUSITEMS.LONGRANGEMISSILETTI.NAME"
"MISC.STATUSITEMS"	"Compost Errand"	"堆肥任務"	"STRINGS.MISC.STATUSITEMS.MARKEDFORCOMPOST.NAME"
"MISC.STATUSITEMS"	"Composted"	"堆肥"	"STRINGS.MISC.STATUSITEMS.MARKEDFORCOMPOSTINSTORAGE.NAME"
"MISC.STATUSITEMS"	"Disinfect Errand"	"消毒任務"	"STRINGS.MISC.STATUSITEMS.MARKEDFORDISINFECTION.NAME"
"MISC.STATUSITEMS"	"Pending Move"	"等待移動"	"STRINGS.MISC.STATUSITEMS.MARKEDFORMOVE.NAME"
"MISC.STATUSITEMS"	"Unreachable Move"	"移動地點遙不可及"	"STRINGS.MISC.STATUSITEMS.MOVESTORAGEUNREACHABLE.NAME"
"MISC.STATUSITEMS"	"No Sweep Destination"	"沒有打掃目的地"	"STRINGS.MISC.STATUSITEMS.NOCLEARLOCATIONSAVAILABLE.NAME"
"MISC.STATUSITEMS"	"No Harvest Pending"	"無等待收成"	"STRINGS.MISC.STATUSITEMS.NOTMARKEDFORHARVEST.NAME"
"MISC.STATUSITEMS"	"In Use"	"使用中"	"STRINGS.MISC.STATUSITEMS.OPERATING.NAME"
"MISC.STATUSITEMS"	"Pending Attack"	"等待攻擊"	"STRINGS.MISC.STATUSITEMS.ORDERATTACK.NAME"
"MISC.STATUSITEMS"	"Pending Wrangle"	"等待捕捉"	"STRINGS.MISC.STATUSITEMS.ORDERCAPTURE.NAME"
"MISC.STATUSITEMS"	"Carve Errand"	"雕刻任務"	"STRINGS.MISC.STATUSITEMS.PENDINGCARVE.NAME"
"MISC.STATUSITEMS"	"Sweep Errand"	"打掃任務"	"STRINGS.MISC.STATUSITEMS.PENDINGCLEAR.NAME"
"MISC.STATUSITEMS"	"Storage Unavailable"	"儲存箱不可用"	"STRINGS.MISC.STATUSITEMS.PENDINGCLEARNOSTORAGE.NAME"
"MISC.STATUSITEMS"	"Unreachable"	"無法到達"	"STRINGS.MISC.STATUSITEMS.PICKUPABLEUNREACHABLE.NAME"
"MISC.STATUSITEMS"	"High Priority"	"高優先度"	"STRINGS.MISC.STATUSITEMS.PRIORITIZED.NAME"
"MISC.STATUSITEMS"	"Blocked"	"阻擋"	"STRINGS.MISC.STATUSITEMS.REGIONISBLOCKED.NAME"
"MISC.STATUSITEMS"	"Rehydrated Food"	"補水食物"	"STRINGS.MISC.STATUSITEMS.REHYDRATEDFOOD.NAME"
"MISC.STATUSITEMS"	"Space exposure"	"太空暴露"	"STRINGS.MISC.STATUSITEMS.SPACE.NAME"
"MISC.STATUSITEMS"	"Seasoned"	"已調味的"	"STRINGS.MISC.STATUSITEMS.SPICEDFOOD.NAME"
"MISC.STATUSITEMS"	"Dormant"	"休眠"	"STRINGS.MISC.STATUSITEMS.SPOUTDORMANT.NAME"
"MISC.STATUSITEMS"	"Venting {StudiedDetails}"	"噴發{StudiedDetails}"	"STRINGS.MISC.STATUSITEMS.SPOUTEMITTING.NAME"
"MISC.STATUSITEMS"	"Idle {StudiedDetails}"	"歇息{StudiedDetails}"	"STRINGS.MISC.STATUSITEMS.SPOUTIDLE.NAME"
"MISC.STATUSITEMS"	"Overpressure {StudiedDetails}"	"壓力過高 {StudiedDetails}"	"STRINGS.MISC.STATUSITEMS.SPOUTOVERPRESSURE.NAME"
"MISC.STATUSITEMS"	"Rising pressure {StudiedDetails}"	"壓力上升 {StudiedDetails}"	"STRINGS.MISC.STATUSITEMS.SPOUTPRESSUREBUILDING.NAME"
"MISC.STATUSITEMS"	"Analysis Complete"	"分析完成"	"STRINGS.MISC.STATUSITEMS.STUDIED.NAME"
"MISC.STATUSITEMS"	"{SubElement} emission blocked"	"{SubElement}釋放受阻"	"STRINGS.MISC.STATUSITEMS.SUBLIMATIONBLOCKED.NAME"
"MISC.STATUSITEMS"	"Inert"	"惰性"	"STRINGS.MISC.STATUSITEMS.SUBLIMATIONOVERPRESSURE.NAME"
"MISC.STATUSITEMS"	"Temporal Tear closed"	"時空裂縫關閉"	"STRINGS.MISC.STATUSITEMS.TEARCLOSED.NAME"
"MISC.STATUSITEMS"	"Temporal Tear open"	"時空裂縫打開"	"STRINGS.MISC.STATUSITEMS.TEAROPEN.NAME"
"MISC.STATUSITEMS"	"Using {Target}"	"使用{Target}"	"STRINGS.MISC.STATUSITEMS.USING.NAME"
"MISC.STATUSITEMS"	"Dig Errand"	"挖掘任務"	"STRINGS.MISC.STATUSITEMS.WAITINGFORDIG.NAME"
"MISC.STATUSITEMS"	"Mop Errand"	"擦地任務"	"STRINGS.MISC.STATUSITEMS.WAITINGFORMOP.NAME"
"RESEARCH.OTHER_TECH_ITEMS"	"Farming Booster Pattern"	"耕種加速器模板"	"STRINGS.RESEARCH.OTHER_TECH_ITEMS.AGRICULTUREBOOSTER.NAME"
"RESEARCH.OTHER_TECH_ITEMS"	"Athletics Booster Pattern"	"體能加速器模板"	"STRINGS.RESEARCH.OTHER_TECH_ITEMS.ATHLETICSBOOSTER.NAME"
"RESEARCH.OTHER_TECH_ITEMS"	"Atmo Suit Pattern"	"太空衣模板"	"STRINGS.RESEARCH.OTHER_TECH_ITEMS.ATMO_SUIT.NAME"
"RESEARCH.OTHER_TECH_ITEMS"	"Automation Overlay"	"自動化概覽"	"STRINGS.RESEARCH.OTHER_TECH_ITEMS.AUTOMATION_OVERLAY.NAME"
"RESEARCH.OTHER_TECH_ITEMS"	"Advanced Research Capability"	"進階研究點數"	"STRINGS.RESEARCH.OTHER_TECH_ITEMS.BETA_RESEARCH_POINT.NAME"
"RESEARCH.OTHER_TECH_ITEMS"	"Building Booster Pattern"	"建造加速器模板"	"STRINGS.RESEARCH.OTHER_TECH_ITEMS.CONSTRUCTIONBOOSTER.NAME"
"RESEARCH.OTHER_TECH_ITEMS"	"Conveyor Overlay"	"運輸概覽"	"STRINGS.RESEARCH.OTHER_TECH_ITEMS.CONVEYOR_OVERLAY.NAME"
"RESEARCH.OTHER_TECH_ITEMS"	"Cooking Booster Pattern"	"烹飪加速器模板"	"STRINGS.RESEARCH.OTHER_TECH_ITEMS.COOKINGBOOSTER.NAME"
"RESEARCH.OTHER_TECH_ITEMS"	"Decorating Booster Pattern"	"裝飾加速器模板"	"STRINGS.RESEARCH.OTHER_TECH_ITEMS.CREATIVITYBOOSTER.NAME"
"RESEARCH.OTHER_TECH_ITEMS"	"Materials Science Research Capability"	"材料科學研究點數"	"STRINGS.RESEARCH.OTHER_TECH_ITEMS.DELTA_RESEARCH_POINT.NAME"
"RESEARCH.OTHER_TECH_ITEMS"	"Metal Power Bank Pattern"	"金屬行動電源模板"	"STRINGS.RESEARCH.OTHER_TECH_ITEMS.DISPOSABLE_ELECTROBANK_METAL_ORE.NAME"
"RESEARCH.OTHER_TECH_ITEMS"	"Uranium Ore Power Bank Pattern"	"鈾礦行動電源模板"	"STRINGS.RESEARCH.OTHER_TECH_ITEMS.DISPOSABLE_ELECTROBANK_URANIUM_ORE.NAME"
"RESEARCH.OTHER_TECH_ITEMS"	"Eco Power Bank Pattern"	"環保行動電源模板"	"STRINGS.RESEARCH.OTHER_TECH_ITEMS.ELECTROBANK.NAME"
"RESEARCH.OTHER_TECH_ITEMS"	"Digging Booster Pattern"	"挖掘加速器模板"	"STRINGS.RESEARCH.OTHER_TECH_ITEMS.EXCAVATIONBOOSTER.NAME"
"RESEARCH.OTHER_TECH_ITEMS"	"Dowsing Booster Pattern"	"探測加速器模板"	"STRINGS.RESEARCH.OTHER_TECH_ITEMS.EXPLORERBOOSTER.NAME"
"RESEARCH.OTHER_TECH_ITEMS"	"Flydo Pattern"	"飛尋機模板"	"STRINGS.RESEARCH.OTHER_TECH_ITEMS.FETCHDRONE.NAME"
"RESEARCH.OTHER_TECH_ITEMS"	"Interstellar Research Capability"	"星際研究點數"	"STRINGS.RESEARCH.OTHER_TECH_ITEMS.GAMMA_RESEARCH_POINT.NAME"
"RESEARCH.OTHER_TECH_ITEMS"	"Ranching Booster Pattern"	"畜牧加速器模板"	"STRINGS.RESEARCH.OTHER_TECH_ITEMS.HUSBANDRYBOOSTER.NAME"
"RESEARCH.OTHER_TECH_ITEMS"	"Jet Suit Pattern"	"飛行衣模板"	"STRINGS.RESEARCH.OTHER_TECH_ITEMS.JET_SUIT.NAME"
"RESEARCH.OTHER_TECH_ITEMS"	"Lead Suit Pattern"	"輻射防護衣模板"	"STRINGS.RESEARCH.OTHER_TECH_ITEMS.LEAD_SUIT.NAME"
"RESEARCH.OTHER_TECH_ITEMS"	"Gear Balm Pattern"	"齒輪膏模板"	"STRINGS.RESEARCH.OTHER_TECH_ITEMS.LUBRICATION_STICK.NAME"
"RESEARCH.OTHER_TECH_ITEMS"	"Operating Booster Pattern"	"操作加速器模板"	"STRINGS.RESEARCH.OTHER_TECH_ITEMS.MACHINERYBOOSTER.NAME"
"RESEARCH.OTHER_TECH_ITEMS"	"Doctoring Booster Pattern"	"醫療加速器模板"	"STRINGS.RESEARCH.OTHER_TECH_ITEMS.MEDICINEBOOSTER.NAME"
"RESEARCH.OTHER_TECH_ITEMS"	"Data Analysis Research Capability"	"軌道研究點數"	"STRINGS.RESEARCH.OTHER_TECH_ITEMS.ORBITAL_RESEARCH_POINT.NAME"
"RESEARCH.OTHER_TECH_ITEMS"	"Oxygen Mask Pattern"	"氧氣面罩模板"	"STRINGS.RESEARCH.OTHER_TECH_ITEMS.OXYGEN_MASK.NAME"
"RESEARCH.OTHER_TECH_ITEMS"	"Rocketry Booster Pattern"	"火箭加速器模板"	"STRINGS.RESEARCH.OTHER_TECH_ITEMS.PILOTINGBOOSTER.NAME"
"RESEARCH.OTHER_TECH_ITEMS"	"Researching Booster Pattern"	"研究加速器模板"	"STRINGS.RESEARCH.OTHER_TECH_ITEMS.SCIENCEBOOSTER.NAME"
"RESEARCH.OTHER_TECH_ITEMS"	"Atomic Power Bank Pattern"	"原子行動電源模板"	"STRINGS.RESEARCH.OTHER_TECH_ITEMS.SELFCHARGINGELECTROBANK.NAME"
"RESEARCH.OTHER_TECH_ITEMS"	"Strength Booster Pattern"	"力量加速器模板"	"STRINGS.RESEARCH.OTHER_TECH_ITEMS.STRENGTHBOOSTER.NAME"
"RESEARCH.OTHER_TECH_ITEMS"	"Exosuit Overlay"	"太空衣概覽"	"STRINGS.RESEARCH.OTHER_TECH_ITEMS.SUITS_OVERLAY.NAME"
"RESEARCH.OTHER_TECH_ITEMS"	"Advanced Chemical Production"	"進階化學生產"	"STRINGS.RESEARCH.OTHER_TECH_ITEMS.SUPER_LIQUIDS.NAME"
"RESEARCH.TECHS"	"Sound Amplifiers"	"擴音器"	"STRINGS.RESEARCH.TECHS.ACOUSTICS.NAME"
"RESEARCH.TECHS"	"Emulsification"	"乳化"	"STRINGS.RESEARCH.TECHS.ADVANCEDDISTILLATION.NAME"
"RESEARCH.TECHS"	"Filtration"	"過濾"	"STRINGS.RESEARCH.TECHS.ADVANCEDFILTRATION.NAME"
"RESEARCH.TECHS"	"More Materials Science Research"	"進階材料科學研究"	"STRINGS.RESEARCH.TECHS.ADVANCEDNUCLEARRESEARCH.NAME"
"RESEARCH.TECHS"	"Advanced Power Regulation"	"進階電力調整"	"STRINGS.RESEARCH.TECHS.ADVANCEDPOWERREGULATION.NAME"
"RESEARCH.TECHS"	"Advanced Resource Extraction"	"先進資源提取"	"STRINGS.RESEARCH.TECHS.ADVANCEDRESOURCEEXTRACTION.NAME"
"RESEARCH.TECHS"	"Advanced Sanitation"	"進階衛生"	"STRINGS.RESEARCH.TECHS.ADVANCEDSANITATION.NAME"
"RESEARCH.TECHS"	"Sensitive Microimaging"	"高感度微成像"	"STRINGS.RESEARCH.TECHS.ADVANCEDSCANNERS.NAME"
"RESEARCH.TECHS"	"Power Amplifiers"	"功率放大器"	"STRINGS.RESEARCH.TECHS.AMPLIFIERS.NAME"
"RESEARCH.TECHS"	"Creature Comforts"	"生物舒適"	"STRINGS.RESEARCH.TECHS.ANIMALCOMFORT.NAME"
"RESEARCH.TECHS"	"Animal Control"	"動物控管"	"STRINGS.RESEARCH.TECHS.ANIMALCONTROL.NAME"
"RESEARCH.TECHS"	"Artificial Friends"	"人造朋友"	"STRINGS.RESEARCH.TECHS.ARTIFICIALFRIENDS.NAME"
"RESEARCH.TECHS"	"Artistic Expression"	"藝術表現"	"STRINGS.RESEARCH.TECHS.ARTISTRY.NAME"
"RESEARCH.TECHS"	"Brute-Force Refinement"	"蠻力精煉"	"STRINGS.RESEARCH.TECHS.BASICREFINEMENT.NAME"
"RESEARCH.TECHS"	"Introductory Rocketry"	"火箭入門"	"STRINGS.RESEARCH.TECHS.BASICROCKETRY.NAME"
"RESEARCH.TECHS"	"Improved Hydrocarbon Propulsion"	"改良碳氫動力"	"STRINGS.RESEARCH.TECHS.BETTERHYDROCARBONPROPULSION.NAME"
"RESEARCH.TECHS"	"Bioengineering"	"生物工程"	"STRINGS.RESEARCH.TECHS.BIOENGINEERING.NAME"
"RESEARCH.TECHS"	"Solid Cargo"	"固體貨艙"	"STRINGS.RESEARCH.TECHS.CARGOI.NAME"
"RESEARCH.TECHS"	"Liquid and Gas Cargo"	"液體與氣體貨艙"	"STRINGS.RESEARCH.TECHS.CARGOII.NAME"
"RESEARCH.TECHS"	"Unique Cargo"	"特殊貨艙"	"STRINGS.RESEARCH.TECHS.CARGOIII.NAME"
"RESEARCH.TECHS"	"Catalytics"	"催化學"	"STRINGS.RESEARCH.TECHS.CATALYTICS.NAME"
"RESEARCH.TECHS"	"Textile Production"	"紡織工藝"	"STRINGS.RESEARCH.TECHS.CLOTHING.NAME"
"RESEARCH.TECHS"	"Internal Combustion"	"內燃機"	"STRINGS.RESEARCH.TECHS.COMBUSTION.NAME"
"RESEARCH.TECHS"	"Crash Plan"	"防撞計劃"	"STRINGS.RESEARCH.TECHS.CRASHPLAN.NAME"
"RESEARCH.TECHS"	"Cryofuel Propulsion"	"低溫燃料動力"	"STRINGS.RESEARCH.TECHS.CRYOFUELPROPULSION.NAME"
"RESEARCH.TECHS"	"Brackene Flow"	"鹹乳供應"	"STRINGS.RESEARCH.TECHS.DAIRYOPERATION.NAME"
"RESEARCH.TECHS"	"Data Science"	"資料科學"	"STRINGS.RESEARCH.TECHS.DATASCIENCE.NAME"
"RESEARCH.TECHS"	"Decontamination"	"除汙"	"STRINGS.RESEARCH.TECHS.DIRECTEDAIRSTREAMS.NAME"
"RESEARCH.TECHS"	"Distillation"	"蒸餾"	"STRINGS.RESEARCH.TECHS.DISTILLATION.NAME"
"RESEARCH.TECHS"	"Computing"	"計算機"	"STRINGS.RESEARCH.TECHS.DUPETRAFFICCONTROL.NAME"
"RESEARCH.TECHS"	"Durable Life Support"	"耐用的維生裝置"	"STRINGS.RESEARCH.TECHS.DURABLELIFESUPPORT.NAME"
"RESEARCH.TECHS"	"Solid Fuel Combustion"	"固體燃料引擎"	"STRINGS.RESEARCH.TECHS.ENGINESI.NAME"
"RESEARCH.TECHS"	"Hydrocarbon Combustion"	"碳氫燃料引擎"	"STRINGS.RESEARCH.TECHS.ENGINESII.NAME"
"RESEARCH.TECHS"	"Cryofuel Combustion"	"低溫燃料引擎"	"STRINGS.RESEARCH.TECHS.ENGINESIII.NAME"
"RESEARCH.TECHS"	"Environmental Appreciation"	"環境欣賞"	"STRINGS.RESEARCH.TECHS.ENVIRONMENTALAPPRECIATION.NAME"
"RESEARCH.TECHS"	"Basic Farming"	"基礎耕種"	"STRINGS.RESEARCH.TECHS.FARMINGTECH.NAME"
"RESEARCH.TECHS"	"Fine Art"	"精美藝術"	"STRINGS.RESEARCH.TECHS.FINEART.NAME"
"RESEARCH.TECHS"	"Meal Preparation"	"膳食準備"	"STRINGS.RESEARCH.TECHS.FINEDINING.NAME"
"RESEARCH.TECHS"	"Gourmet Meal Preparation"	"美食準備"	"STRINGS.RESEARCH.TECHS.FINERDINING.NAME"
"RESEARCH.TECHS"	"Flow Redirection"	"流體方向調整"	"STRINGS.RESEARCH.TECHS.FLOWREDIRECTION.NAME"
"RESEARCH.TECHS"	"Food Repurposing"	"食物再製"	"STRINGS.RESEARCH.TECHS.FOODREPURPOSING.NAME"
"RESEARCH.TECHS"	"Gas Distribution"	"氣體分配"	"STRINGS.RESEARCH.TECHS.GASDISTRIBUTION.NAME"
"RESEARCH.TECHS"	"Ventilation"	"氣體管道"	"STRINGS.RESEARCH.TECHS.GASPIPING.NAME"
"RESEARCH.TECHS"	"Generic Sensors"	"通用感測器"	"STRINGS.RESEARCH.TECHS.GENERICSENSORS.NAME"
"RESEARCH.TECHS"	"Glass Blowing"	"玻璃吹製"	"STRINGS.RESEARCH.TECHS.GLASSFURNISHINGS.NAME"
"RESEARCH.TECHS"	"Pressurized Forging"	"壓力鍛造"	"STRINGS.RESEARCH.TECHS.HIGHPRESSUREFORGING.NAME"
"RESEARCH.TECHS"	"Superheated Forging"	"高溫鍛造"	"STRINGS.RESEARCH.TECHS.HIGHTEMPFORGING.NAME"
"RESEARCH.TECHS"	"High Velocity Destruction"	"高速破壞"	"STRINGS.RESEARCH.TECHS.HIGHVELOCITYDESTRUCTION.NAME"
"RESEARCH.TECHS"	"High Velocity Transport"	"高速運輸"	"STRINGS.RESEARCH.TECHS.HIGHVELOCITYTRANSPORT.NAME"
"RESEARCH.TECHS"	"HVAC"	"暖通空調"	"STRINGS.RESEARCH.TECHS.HVAC.NAME"
"RESEARCH.TECHS"	"Hydrocarbon Propulsion"	"碳氫動力"	"STRINGS.RESEARCH.TECHS.HYDROCARBONPROPULSION.NAME"
"RESEARCH.TECHS"	"Fossil Fuels"	"化石燃料"	"STRINGS.RESEARCH.TECHS.IMPROVEDCOMBUSTION.NAME"
"RESEARCH.TECHS"	"Improved Ventilation"	"改良氣體管道"	"STRINGS.RESEARCH.TECHS.IMPROVEDGASPIPING.NAME"
"RESEARCH.TECHS"	"Improved Plumbing"	"改良液體管道"	"STRINGS.RESEARCH.TECHS.IMPROVEDLIQUIDPIPING.NAME"
"RESEARCH.TECHS"	"Air Systems"	"空氣系統"	"STRINGS.RESEARCH.TECHS.IMPROVEDOXYGEN.NAME"
"RESEARCH.TECHS"	"Interior Decor"	"室內裝飾"	"STRINGS.RESEARCH.TECHS.INTERIORDECOR.NAME"
"RESEARCH.TECHS"	"Personal Flight"	"個人飛行"	"STRINGS.RESEARCH.TECHS.JETPACKS.NAME"
"RESEARCH.TECHS"	"Employment"	"工作"	"STRINGS.RESEARCH.TECHS.JOBS.NAME"
"RESEARCH.TECHS"	"Liquid Distribution"	"液體分配"	"STRINGS.RESEARCH.TECHS.LIQUIDDISTRIBUTION.NAME"
"RESEARCH.TECHS"	"Liquid-Based Refinement Processes"	"液體精煉加工"	"STRINGS.RESEARCH.TECHS.LIQUIDFILTERING.NAME"
"RESEARCH.TECHS"	"Liquid Tuning"	"液體調節"	"STRINGS.RESEARCH.TECHS.LIQUIDTEMPERATURE.NAME"
"RESEARCH.TECHS"	"Advanced Automation"	"進階自動化"	"STRINGS.RESEARCH.TECHS.LOGICCIRCUITS.NAME"
"RESEARCH.TECHS"	"Smart Home"	"智慧家居"	"STRINGS.RESEARCH.TECHS.LOGICCONTROL.NAME"
"RESEARCH.TECHS"	"Home Luxuries"	"居家奢華"	"STRINGS.RESEARCH.TECHS.LUXURY.NAME"
"RESEARCH.TECHS"	"Pharmacology"	"藥物學"	"STRINGS.RESEARCH.TECHS.MEDICINEI.NAME"
"RESEARCH.TECHS"	"Medical Equipment"	"醫療器材"	"STRINGS.RESEARCH.TECHS.MEDICINEII.NAME"
"RESEARCH.TECHS"	"Pathogen Diagnostics"	"病源識別"	"STRINGS.RESEARCH.TECHS.MEDICINEIII.NAME"
"RESEARCH.TECHS"	"Micro-Targeted Medicine"	"標靶治療"	"STRINGS.RESEARCH.TECHS.MEDICINEIV.NAME"
"RESEARCH.TECHS"	"Missiles"	"飛彈"	"STRINGS.RESEARCH.TECHS.MISSILES.NAME"
"RESEARCH.TECHS"	"Monuments"	"紀念碑"	"STRINGS.RESEARCH.TECHS.MONUMENTS.NAME"
"RESEARCH.TECHS"	"Multiplexing"	"多工"	"STRINGS.RESEARCH.TECHS.MULTIPLEXING.NAME"
"RESEARCH.TECHS"	"Notification Systems"	"通知系統"	"STRINGS.RESEARCH.TECHS.NOTIFICATIONSYSTEMS.NAME"
"RESEARCH.TECHS"	"Radbolt Propulsion"	"輻射粒子動力"	"STRINGS.RESEARCH.TECHS.NUCLEARPROPULSION.NAME"
"RESEARCH.TECHS"	"Radiation Refinement"	"輻射精煉"	"STRINGS.RESEARCH.TECHS.NUCLEARREFINEMENT.NAME"
"RESEARCH.TECHS"	"Materials Science Research"	"材料科學研究"	"STRINGS.RESEARCH.TECHS.NUCLEARRESEARCH.NAME"
"RESEARCH.TECHS"	"Radbolt Containment"	"輻射粒子控制"	"STRINGS.RESEARCH.TECHS.NUCLEARSTORAGE.NAME"
"RESEARCH.TECHS"	"Parallel Automation"	"並行自動化"	"STRINGS.RESEARCH.TECHS.PARALLELAUTOMATION.NAME"
"RESEARCH.TECHS"	"Plastic Manufacturing"	"塑膠製造"	"STRINGS.RESEARCH.TECHS.PLASTICS.NAME"
"RESEARCH.TECHS"	"Portable Gases"	"便攜式氣體"	"STRINGS.RESEARCH.TECHS.PORTABLEGASSES.NAME"
"RESEARCH.TECHS"	"Power Regulation"	"電力調整"	"STRINGS.RESEARCH.TECHS.POWERREGULATION.NAME"
"RESEARCH.TECHS"	"Advanced Caffeination"	"高級咖啡因"	"STRINGS.RESEARCH.TECHS.PRECISIONPLUMBING.NAME"
"RESEARCH.TECHS"	"Pressure Management"	"壓力管理"	"STRINGS.RESEARCH.TECHS.PRESSUREMANAGEMENT.NAME"
"RESEARCH.TECHS"	"Low-Resistance Conductors"	"低電阻導體"	"STRINGS.RESEARCH.TECHS.PRETTYGOODCONDUCTORS.NAME"
"RESEARCH.TECHS"	"Radiation Protection"	"輻射防護"	"STRINGS.RESEARCH.TECHS.RADIATIONPROTECTION.NAME"
"RESEARCH.TECHS"	"Refined Renovations"	"精緻裝修"	"STRINGS.RESEARCH.TECHS.REFINEDOBJECTS.NAME"
"RESEARCH.TECHS"	"High Culture"	"高雅文化"	"STRINGS.RESEARCH.TECHS.REFRACTIVEDECOR.NAME"
"RESEARCH.TECHS"	"Renaissance Art"	"文藝復興藝術"	"STRINGS.RESEARCH.TECHS.RENAISSANCEART.NAME"
"RESEARCH.TECHS"	"Renewable Energy"	"再生能源"	"STRINGS.RESEARCH.TECHS.RENEWABLEENERGY.NAME"
"RESEARCH.TECHS"	"Robotic Tools"	"機器人工具"	"STRINGS.RESEARCH.TECHS.ROBOTICTOOLS.NAME"
"RESEARCH.TECHS"	"Sanitation"	"盥洗設備"	"STRINGS.RESEARCH.TECHS.SANITATIONSCIENCES.NAME"
"RESEARCH.TECHS"	"New Media"	"新媒體"	"STRINGS.RESEARCH.TECHS.SCREENS.NAME"
"RESEARCH.TECHS"	"Celestial Detection"	"天體探測"	"STRINGS.RESEARCH.TECHS.SKYDETECTORS.NAME"
"RESEARCH.TECHS"	"Smart Storage"	"智慧儲存箱"	"STRINGS.RESEARCH.TECHS.SMARTSTORAGE.NAME"
"RESEARCH.TECHS"	"Smelting"	"冶煉"	"STRINGS.RESEARCH.TECHS.SMELTING.NAME"
"RESEARCH.TECHS"	"Solid Distribution"	"固體分配"	"STRINGS.RESEARCH.TECHS.SOLIDDISTRIBUTION.NAME"
"RESEARCH.TECHS"	"Solid Management"	"固體管理"	"STRINGS.RESEARCH.TECHS.SOLIDMANAGEMENT.NAME"
"RESEARCH.TECHS"	"Solid Control"	"固體控制"	"STRINGS.RESEARCH.TECHS.SOLIDSPACE.NAME"
"RESEARCH.TECHS"	"Solid Transport"	"固體運輸"	"STRINGS.RESEARCH.TECHS.SOLIDTRANSPORT.NAME"
"RESEARCH.TECHS"	"Advanced Combustion"	"先進燃燒"	"STRINGS.RESEARCH.TECHS.SPACECOMBUSTION.NAME"
"RESEARCH.TECHS"	"Advanced Gas Flow"	"進階氣體流動"	"STRINGS.RESEARCH.TECHS.SPACEGAS.NAME"
"RESEARCH.TECHS"	"Space Power"	"太空能源"	"STRINGS.RESEARCH.TECHS.SPACEPOWER.NAME"
"RESEARCH.TECHS"	"Space Program"	"太空計畫"	"STRINGS.RESEARCH.TECHS.SPACEPROGRAM.NAME"
"RESEARCH.TECHS"	"Hazard Protection"	"危害防護"	"STRINGS.RESEARCH.TECHS.SUITS.NAME"
"RESEARCH.TECHS"	"Temperature Modulation"	"溫度調節"	"STRINGS.RESEARCH.TECHS.TEMPERATUREMODULATION.NAME"
"RESEARCH.TECHS"	"Transit Tubes"	"運輸管道"	"STRINGS.RESEARCH.TECHS.TRAVELTUBES.NAME"
"RESEARCH.TECHS"	"Valve Miniaturization"	"閥門小型化"	"STRINGS.RESEARCH.TECHS.VALVEMINIATURIZATION.NAME"
"RESEARCH.TYPES"	"Novice Research"	"初級研究"	"STRINGS.RESEARCH.TYPES.ALPHA.NAME"
"RESEARCH.TYPES"	"Interstellar Research"	"星際研究"	"STRINGS.RESEARCH.TYPES.GAMMA.NAME"
"RESEARCH.TYPES"	"Data Analysis Research"	"資料分析研究"	"STRINGS.RESEARCH.TYPES.ORBITAL.NAME"
"ROBOTS.ATTRIBUTES"	"Rechargeable Battery Drain"	"充電電池耗盡"	"STRINGS.ROBOTS.ATTRIBUTES.INTERNALBATTERYDELTA.NAME"
"ROBOTS.MODELS"	"Flydo"	"飛尋機"	"STRINGS.ROBOTS.MODELS.FLYDO.NAME"
"ROBOTS.MODELS"	"Biobot"	"生物機器人"	"STRINGS.ROBOTS.MODELS.MORB.NAME"
"ROBOTS.MODELS"	"Rover"	"漫遊者"	"STRINGS.ROBOTS.MODELS.SCOUT.NAME"
"ROBOTS.MODELS"	"Sweepy"	"清潔機器人"	"STRINGS.ROBOTS.MODELS.SWEEPBOT.NAME"
"ROBOTS.STATS"	"Rechargeable Battery"	"充電電池"	"STRINGS.ROBOTS.STATS.INTERNALBATTERY.NAME"
"ROBOTS.STATS"	"Biofuel"	"生物燃料"	"STRINGS.ROBOTS.STATS.INTERNALBIOBATTERY.NAME"
"ROBOTS.STATS"	"Chemical Battery"	"化學電池"	"STRINGS.ROBOTS.STATS.INTERNALCHEMICALBATTERY.NAME"
"ROBOTS.STATS"	"Power Bank"	"行動電源"	"STRINGS.ROBOTS.STATS.INTERNALELECTROBANK.NAME"
"ROBOTS.STATUSITEMS"	"Shut Down"	"停機"	"STRINGS.ROBOTS.STATUSITEMS.DEADBATTERY.NAME"
"ROBOTS.STATUSITEMS"	"Dust Bin Full"	"垃圾桶滿了"	"STRINGS.ROBOTS.STATUSITEMS.DUSTBINFULL.NAME"
"ROBOTS.STATUSITEMS"	"Low Battery"	"低電量"	"STRINGS.ROBOTS.STATUSITEMS.LOWBATTERY.NAME"
"ROBOTS.STATUSITEMS"	"Traveling to Dock"	"移動到充電站"	"STRINGS.ROBOTS.STATUSITEMS.MOVINGTOCHARGESTATION.NAME"
"ROBOTS.STATUSITEMS"	"Bothered Reaction"	"困擾反應"	"STRINGS.ROBOTS.STATUSITEMS.REACTNEGATIVE.NAME"
"ROBOTS.STATUSITEMS"	"Happy Reaction"	"開心反應"	"STRINGS.ROBOTS.STATUSITEMS.REACTPOSITIVE.NAME"
"ROBOTS.STATUSITEMS"	"Unloading"	"卸貨"	"STRINGS.ROBOTS.STATUSITEMS.UNLOADINGSTORAGE.NAME"
"ROOMS.CATEGORY"	"Dining"	"飲食"	"STRINGS.ROOMS.CATEGORY.FOOD.NAME"
"ROOMS.CATEGORY"	"Medical"	"醫療"	"STRINGS.ROOMS.CATEGORY.HOSPITAL.NAME"
"ROOMS.CATEGORY"	"Industrial"	"工業"	"STRINGS.ROOMS.CATEGORY.INDUSTRIAL.NAME"
"ROOMS.CATEGORY"	"Parks"	"公園"	"STRINGS.ROOMS.CATEGORY.PARK.NAME"
"ROOMS.CATEGORY"	"Recreation"	"娛樂"	"STRINGS.ROOMS.CATEGORY.RECREATION.NAME"
"ROOMS.CRITERIA"	"Plumbed wash station"	"管道式洗手站"	"STRINGS.ROOMS.CRITERIA.ADVANCEDWASHSTATION.NAME"
"ROOMS.CRITERIA"	"Single beds"	"單張床"	"STRINGS.ROOMS.CRITERIA.BED_SINGLE.NAME"
"ROOMS.CRITERIA"	"Beds"	"床"	"STRINGS.ROOMS.CRITERIA.BEDTYPE.NAME"
"ROOMS.CRITERIA"	"Positive decor"	"正向裝飾"	"STRINGS.ROOMS.CRITERIA.BUILDING_DECOR_POSITIVE.NAME"
"ROOMS.CRITERIA"	"Minimum height: {0} tiles"	"最低高度：{0} 格"	"STRINGS.ROOMS.CRITERIA.CEILING_HEIGHT.NAME"
"ROOMS.CRITERIA"	"Cooking station"	"烹飪站"	"STRINGS.ROOMS.CRITERIA.COOKTOP.NAME"
"ROOMS.CRITERIA"	"Decor building"	"裝飾建築"	"STRINGS.ROOMS.CRITERIA.DECORATION.NAME"
"ROOMS.CRITERIA"	"Decor building ({0})"	"裝飾建築 ({0})"	"STRINGS.ROOMS.CRITERIA.DECORATIVE_ITEM.NAME"
"ROOMS.CRITERIA"	"De-Stressing Building"	"舒壓建築"	"STRINGS.ROOMS.CRITERIA.DESTRESSINGBUILDING.NAME"
"ROOMS.CRITERIA"	"Dining Table"	"餐桌"	"STRINGS.ROOMS.CRITERIA.DININGTABLETYPE.NAME"
"ROOMS.CRITERIA"	"Flush Toilet"	"沖水馬桶"	"STRINGS.ROOMS.CRITERIA.FLUSHTOILETTYPE.NAME"
"ROOMS.CRITERIA"	"Food storage"	"食物儲存箱"	"STRINGS.ROOMS.CRITERIA.FOOD_BOX.NAME"
"ROOMS.CRITERIA"	"Generator"	"發電機"	"STRINGS.ROOMS.CRITERIA.GENERATORTYPE.NAME"
"ROOMS.CRITERIA"	"One or more beds"	"至少一個床位"	"STRINGS.ROOMS.CRITERIA.HAS_BED.NAME"
"ROOMS.CRITERIA"	"One or more Comfy Beds"	"至少一張舒適床"	"STRINGS.ROOMS.CRITERIA.HAS_LUXURY_BED.NAME"
"ROOMS.CRITERIA"	"Heavy-duty generator"	"重型發電機"	"STRINGS.ROOMS.CRITERIA.HEAVYDUTYGENERATORTYPE.NAME"
"ROOMS.CRITERIA"	"Industrial machinery"	"工業機械"	"STRINGS.ROOMS.CRITERIA.INDUSTRIALMACHINERY.NAME"
"ROOMS.CRITERIA"	"Has backwall tiles"	"存在背景牆"	"STRINGS.ROOMS.CRITERIA.IS_BACKWALLED.NAME"
"ROOMS.CRITERIA"	"Basic generator"	"基礎發電機"	"STRINGS.ROOMS.CRITERIA.LIGHTDUTYGENERATORTYPE.NAME"
"ROOMS.CRITERIA"	"Light source"	"光源"	"STRINGS.ROOMS.CRITERIA.LIGHTSOURCE.NAME"
"ROOMS.CRITERIA"	"Single Comfy Bed"	"一張舒適床"	"STRINGS.ROOMS.CRITERIA.LUXURYBEDTYPE.NAME"
"ROOMS.CRITERIA"	"Maximum size: {0} tiles"	"最大尺寸：{0} 格"	"STRINGS.ROOMS.CRITERIA.MAXIMUM_SIZE.NAME"
"ROOMS.CRITERIA"	"Mess Tables"	"單人餐桌"	"STRINGS.ROOMS.CRITERIA.MESS_STATION_MULTIPLE.NAME"
"ROOMS.CRITERIA"	"Minimum size: {0} tiles"	"最小尺寸：{0} 格"	"STRINGS.ROOMS.CRITERIA.MINIMUM_SIZE.NAME"
"ROOMS.CRITERIA"	"No Mess Table"	"無單人餐桌"	"STRINGS.ROOMS.CRITERIA.NO_BASIC_MESS_STATIONS.NAME"
"ROOMS.CRITERIA"	"No Cots"	"沒有簡易床"	"STRINGS.ROOMS.CRITERIA.NO_COTS.NAME"
"ROOMS.CRITERIA"	"No industrial machinery"	"沒有工業機械"	"STRINGS.ROOMS.CRITERIA.NO_INDUSTRIAL_MACHINERY.NAME"
"ROOMS.CRITERIA"	"No Comfy Beds"	"沒有舒適床"	"STRINGS.ROOMS.CRITERIA.NO_LUXURY_BEDS.NAME"
"ROOMS.CRITERIA"	"No dining tables"	"沒有餐桌"	"STRINGS.ROOMS.CRITERIA.NO_MESS_STATION.NAME"
"ROOMS.CRITERIA"	"Displayed Ornament"	"已展示的裝飾品"	"STRINGS.ROOMS.CRITERIA.ORNAMENT.NAME"
"ROOMS.CRITERIA"	"Power building"	"電力建築"	"STRINGS.ROOMS.CRITERIA.POWERBUILDING.NAME"
"ROOMS.CRITERIA"	"Heavy-Duty Generator\n    • Two or more Power Buildings"	"重型發電機\n    • 至少兩個電力建築"	"STRINGS.ROOMS.CRITERIA.POWERPLANT.NAME"
"ROOMS.CRITERIA"	"Ranching building"	"畜牧建築"	"STRINGS.ROOMS.CRITERIA.RANCHSTATIONTYPE.NAME"
"ROOMS.CRITERIA"	"Recreational building"	"娛樂建築"	"STRINGS.ROOMS.CRITERIA.RECBUILDING.NAME"
"ROOMS.CRITERIA"	"Rocket interior"	"火箭內部"	"STRINGS.ROOMS.CRITERIA.ROCKETINTERIOR.NAME"
"ROOMS.CRITERIA"	"Two science buildings"	"兩個科學建築"	"STRINGS.ROOMS.CRITERIA.SCIENCE_BUILDINGS.NAME"
"ROOMS.CRITERIA"	"Science building"	"科學建築"	"STRINGS.ROOMS.CRITERIA.SCIENCEBUILDING.NAME"
"ROOMS.CRITERIA"	"Warming station"	"升溫站"	"STRINGS.ROOMS.CRITERIA.WARMINGSTATION.NAME"
"ROOMS.CRITERIA"	"Wash station"	"洗手站"	"STRINGS.ROOMS.CRITERIA.WASHSTATION.NAME"
"ROOMS.CRITERIA"	"Wildlife"	"野生動物"	"STRINGS.ROOMS.CRITERIA.WILDANIMAL.NAME"
"ROOMS.CRITERIA"	"More wildlife"	"更多野生動物"	"STRINGS.ROOMS.CRITERIA.WILDANIMALS.NAME"
"ROOMS.CRITERIA"	"Two wild plants"	"兩株野生植物"	"STRINGS.ROOMS.CRITERIA.WILDPLANT.NAME"
"ROOMS.CRITERIA"	"Four wild plants"	"四株野生植物"	"STRINGS.ROOMS.CRITERIA.WILDPLANTS.NAME"
"ROOMS.DETAILS"	"Assignments:\n{0}"	"分配：\n{0}"	"STRINGS.ROOMS.DETAILS.ASSIGNED_TO.NAME"
"ROOMS.DETAILS"	"Average air pressure: {0}"	"平均氣壓：{0}"	"STRINGS.ROOMS.DETAILS.AVERAGE_ATMO_MASS.NAME"
"ROOMS.DETAILS"	"Average temperature: {0}"	"平均溫度：{0}"	"STRINGS.ROOMS.DETAILS.AVERAGE_TEMPERATURE.NAME"
"ROOMS.DETAILS"	"Buildings: {0}"	"建築物：{0}"	"STRINGS.ROOMS.DETAILS.BUILDING_COUNT.NAME"
"ROOMS.DETAILS"	"Critters: {0}"	"動物數量：{0}"	"STRINGS.ROOMS.DETAILS.CREATURE_COUNT.NAME"
"ROOMS.DETAILS"	"Displayed ornaments: {0}"	"已展示的裝飾品：{0}"	"STRINGS.ROOMS.DETAILS.ORNAMENT_COUNT.NAME"
"ROOMS.DETAILS"	"Plants: {0}"	"植物：{0}"	"STRINGS.ROOMS.DETAILS.PLANT_COUNT.NAME"
"ROOMS.DETAILS"	"Room size: {0} Tiles"	"房間大小：{0} 格"	"STRINGS.ROOMS.DETAILS.SIZE.NAME"
"ROOMS.TYPES"	"Stable"	"牧場"	"STRINGS.ROOMS.TYPES.CREATUREPEN.NAME"
"ROOMS.TYPES"	"Greenhouse"	"溫室"	"STRINGS.ROOMS.TYPES.FARM.NAME"
"ROOMS.TYPES"	"Hospital"	"醫院"	"STRINGS.ROOMS.TYPES.HOSPITAL.NAME"
"ROOMS.TYPES"	"Kitchen"	"廚房"	"STRINGS.ROOMS.TYPES.KITCHEN.NAME"
"ROOMS.TYPES"	"Laboratory"	"實驗室"	"STRINGS.ROOMS.TYPES.LABORATORY.NAME"
"ROOMS.TYPES"	"Machine Shop"	"機械工廠"	"STRINGS.ROOMS.TYPES.MACHINE_SHOP.NAME"
"ROOMS.TYPES"	"Massage Clinic"	"按摩中心"	"STRINGS.ROOMS.TYPES.MASSAGE_CLINIC.NAME"
"ROOMS.TYPES"	"Miscellaneous Room"	"雜物間"	"STRINGS.ROOMS.TYPES.NEUTRAL.NAME"
"ROOMS.TYPES"	"Power Plant"	"發電廠"	"STRINGS.ROOMS.TYPES.POWER_PLANT.NAME"
"ROOMS.TYPES"	"Private Bathroom"	"私人浴室"	"STRINGS.ROOMS.TYPES.PRIVATE_BATHROOM.NAME"
"ROOMS.TYPES"	"Recreation Room"	"娛樂室"	"STRINGS.ROOMS.TYPES.REC_ROOM.NAME"
"SUBWORLDS.AQUATIC"	"Aquatic Biome"	"水域生態"	"STRINGS.SUBWORLDS.AQUATIC.NAME"
"SUBWORLDS.BARREN"	"Barren Biome"	"荒漠生態"	"STRINGS.SUBWORLDS.BARREN.NAME"
"SUBWORLDS.CARROTQUARRY"	"Cool Pool Biome"	"冷池生態"	"STRINGS.SUBWORLDS.CARROTQUARRY.NAME"
"SUBWORLDS.FOREST"	"Forest Biome"	"森林生態"	"STRINGS.SUBWORLDS.FOREST.NAME"
"SUBWORLDS.FROZEN"	"Tundra Biome"	"凍原生態"	"STRINGS.SUBWORLDS.FROZEN.NAME"
"SUBWORLDS.GARDEN"	"Garden Biome"	"花園生態"	"STRINGS.SUBWORLDS.GARDEN.NAME"
"SUBWORLDS.ICECAVES"	"Ice Cave Biome"	"冰窟生態"	"STRINGS.SUBWORLDS.ICECAVES.NAME"
"SUBWORLDS.JUNGLE"	"Jungle Biome"	"叢林生態"	"STRINGS.SUBWORLDS.JUNGLE.NAME"
"SUBWORLDS.MAGMA"	"Magma Biome"	"岩漿生態"	"STRINGS.SUBWORLDS.MAGMA.NAME"
"SUBWORLDS.MARSH"	"Marsh Biome"	"草澤生態"	"STRINGS.SUBWORLDS.MARSH.NAME"
"SUBWORLDS.METALLIC"	"Metallic Biome"	"金屬生態"	"STRINGS.SUBWORLDS.METALLIC.NAME"
"SUBWORLDS.MOO"	"Moo Biome"	"牛牛生態"	"STRINGS.SUBWORLDS.MOO.NAME"
"SUBWORLDS.NIOBIUM"	"Niobium Biome"	"鈮生態系"	"STRINGS.SUBWORLDS.NIOBIUM.NAME"
"SUBWORLDS.OCEAN"	"Ocean Biome"	"海洋生態"	"STRINGS.SUBWORLDS.OCEAN.NAME"
"SUBWORLDS.OIL"	"Oily Biome"	"原油生態"	"STRINGS.SUBWORLDS.OIL.NAME"
"SUBWORLDS.RADIOACTIVE"	"Radioactive Biome"	"輻射生態"	"STRINGS.SUBWORLDS.RADIOACTIVE.NAME"
"SUBWORLDS.RAPTOR"	"Feather Biome"	"寒羽生態"	"STRINGS.SUBWORLDS.RAPTOR.NAME"
"SUBWORLDS.REGOLITH"	"Regolith Biome"	"風化生態"	"STRINGS.SUBWORLDS.REGOLITH.NAME"
"SUBWORLDS.RUST"	"Rust Biome"	"鐵鏽生態"	"STRINGS.SUBWORLDS.RUST.NAME"
"SUBWORLDS.SANDSTONE"	"Sandstone Biome"	"砂岩生態"	"STRINGS.SUBWORLDS.SANDSTONE.NAME"
"SUBWORLDS.SPACE"	"Space Biome"	"太空生態"	"STRINGS.SUBWORLDS.SPACE.NAME"
"SUBWORLDS.SUGARWOODS"	"Nectar Biome"	"花蜜生態"	"STRINGS.SUBWORLDS.SUGARWOODS.NAME"
"SUBWORLDS.SWAMP"	"Swampy Biome"	"沼澤生態"	"STRINGS.SUBWORLDS.SWAMP.NAME"
"SUBWORLDS.WASTELAND"	"Wasteland Biome"	"荒地生態"	"STRINGS.SUBWORLDS.WASTELAND.NAME"
"SUBWORLDS.WETLANDS"	"Wetlands Biome"	"油沼生態"	"STRINGS.SUBWORLDS.WETLANDS.NAME"
"UI.ALLRESOURCESSCREEN"	"Resource"	"資源"	"STRINGS.UI.ALLRESOURCESSCREEN.NAME"
"UI.BUILDCATEGORIES"	"Automation"	"自動化"	"STRINGS.UI.BUILDCATEGORIES.AUTOMATION.NAME"
"UI.BUILDCATEGORIES"	"Base"	"基地"	"STRINGS.UI.BUILDCATEGORIES.BASE.NAME"
"UI.BUILDCATEGORIES"	"Shipping"	"運輸"	"STRINGS.UI.BUILDCATEGORIES.CONVEYANCE.NAME"
"UI.BUILDCATEGORIES"	"Stations"	"站臺"	"STRINGS.UI.BUILDCATEGORIES.EQUIPMENT.NAME"
"UI.BUILDCATEGORIES"	"Food"	"食物"	"STRINGS.UI.BUILDCATEGORIES.FOOD.NAME"
"UI.BUILDCATEGORIES"	"Furniture"	"家具"	"STRINGS.UI.BUILDCATEGORIES.FURNITURE.NAME"
"UI.BUILDCATEGORIES"	"Radiation"	"輻射"	"STRINGS.UI.BUILDCATEGORIES.HEP.NAME"
"UI.BUILDCATEGORIES"	"Power"	"電力"	"STRINGS.UI.BUILDCATEGORIES.POWER.NAME"
"UI.BUILDCATEGORIES"	"Refinement"	"精煉"	"STRINGS.UI.BUILDCATEGORIES.REFINING.NAME"
"UI.BUILDCATEGORIES"	"Utilities"	"實用"	"STRINGS.UI.BUILDCATEGORIES.UTILITIES.NAME"
"UI.CLUSTERMAP"	"Harvestable Resources"	"可收穫資源"	"STRINGS.UI.CLUSTERMAP.HEXCELL_INVENTORY.NAME"
"UI.CLUSTERMAP"	"Module Burden: "	"模組承載： "	"STRINGS.UI.CLUSTERMAP.ROCKETS.BURDEN_MODULE.NAME"
"UI.CLUSTERMAP"	"Rocket burden: "	"火箭載重： "	"STRINGS.UI.CLUSTERMAP.ROCKETS.BURDEN_TOTAL.NAME"
"UI.CLUSTERMAP"	"Fuel consumed per Hex: {0}"	"每格消耗燃料：{0}"	"STRINGS.UI.CLUSTERMAP.ROCKETS.FUEL_PER_HEX.NAME"
"UI.CLUSTERMAP"	"Fuel Remaining: "	"剩餘燃料： "	"STRINGS.UI.CLUSTERMAP.ROCKETS.FUEL_REMAINING.NAME"
"UI.CLUSTERMAP"	"Height: {0}/{1}"	"高度：{0} / {1}"	"STRINGS.UI.CLUSTERMAP.ROCKETS.MAX_HEIGHT.NAME"
"UI.CLUSTERMAP"	"Max Modules: "	"最大模組數： "	"STRINGS.UI.CLUSTERMAP.ROCKETS.MAX_MODULES.NAME"
"UI.CLUSTERMAP"	"Module Stats: "	"模組統計： "	"STRINGS.UI.CLUSTERMAP.ROCKETS.MODULE_STATS.NAME"
"UI.CLUSTERMAP"	"Oxidizer Power Remaining: "	"剩餘氧化劑能源： "	"STRINGS.UI.CLUSTERMAP.ROCKETS.OXIDIZER_REMAINING.NAME"
"UI.CLUSTERMAP"	"Module Engine Power: "	"模組引擎功率： "	"STRINGS.UI.CLUSTERMAP.ROCKETS.POWER_MODULE.NAME"
"UI.CLUSTERMAP"	"Rocket engine power: "	"火箭引擎功率： "	"STRINGS.UI.CLUSTERMAP.ROCKETS.POWER_TOTAL.NAME"
"UI.CLUSTERMAP"	"Range Remaining: "	"剩餘距離： "	"STRINGS.UI.CLUSTERMAP.ROCKETS.RANGE.NAME"
"UI.CLUSTERMAP"	"Rocket Speed: "	"火箭速度： "	"STRINGS.UI.CLUSTERMAP.ROCKETS.SPEED.NAME"
"UI.COSMETIC1"	"Neutronium Cosmetics Pack"	"零號元素裝扮包"	"STRINGS.UI.COSMETIC1.NAME"
"UI.DETAILTABS"	"Errands"	"任務"	"STRINGS.UI.DETAILTABS.BUILDING_CHORES.NAME"
"UI.DETAILTABS"	"Config"	"配置"	"STRINGS.UI.DETAILTABS.CONFIGURATION.NAME"
"UI.DETAILTABS"	"Blueprint"	"藍圖"	"STRINGS.UI.DETAILTABS.COSMETICS.NAME"
"UI.DETAILTABS"	"Properties"	"屬性"	"STRINGS.UI.DETAILTABS.DETAILS.NAME"
"UI.DETAILTABS"	"Radiation Blocking: {0}"	"輻射阻擋：{0}"	"STRINGS.UI.DETAILTABS.DETAILS.RADIATIONABSORPTIONFACTOR.NAME"
"UI.DETAILTABS"	"Germs"	"病菌"	"STRINGS.UI.DETAILTABS.DISEASE.NAME"
"UI.DETAILTABS"	"Energy"	"能源"	"STRINGS.UI.DETAILTABS.ENERGYCONSUMER.NAME"
"UI.DETAILTABS"	"Material"	"材料"	"STRINGS.UI.DETAILTABS.MATERIAL.NAME"
"UI.DETAILTABS"	"Bio"	"簡介"	"STRINGS.UI.DETAILTABS.PERSONALITY.NAME"
"UI.DETAILTABS"	"Personal Interests:"	"個人興趣："	"STRINGS.UI.DETAILTABS.PERSONALITY.RESUME.APTITUDES.NAME"
"UI.DETAILTABS"	"Current Job: {0}"	"目前工作： {0}"	"STRINGS.UI.DETAILTABS.PERSONALITY.RESUME.CURRENT_ROLE.NAME"
"UI.DETAILTABS"	"Skill Training:"	"技能訓練："	"STRINGS.UI.DETAILTABS.PERSONALITY.RESUME.PERKS.NAME"
"UI.DETAILTABS"	"LAUNCH CHECKLIST"	"發射檢查清單"	"STRINGS.UI.DETAILTABS.PROCESS_CONDITIONS.NAME"
"UI.DETAILTABS"	"Status"	"狀態"	"STRINGS.UI.DETAILTABS.SIMPLEINFO.NAME"
"UI.DETAILTABS"	"Skills"	"技能"	"STRINGS.UI.DETAILTABS.STATS.NAME"
"UI.DETAILTABS"	"Fresh"	"新鮮"	"STRINGS.UI.DETAILTABS.TEXTICONDATA.FRESH.NAME"
"UI.DETAILTABS"	"{0} Germs"	"{0}病菌"	"STRINGS.UI.DETAILTABS.TEXTICONDATA.GERMS.NAME"
"UI.DETAILTABS"	"Stale"	"不新鮮"	"STRINGS.UI.DETAILTABS.TEXTICONDATA.STALE.NAME"
"UI.DLC1"	"Spaced Out!"	"眼冒金星！"	"STRINGS.UI.DLC1.NAME"
"UI.DLC2"	"The Frosty Planet Pack"	"《寒霜行星包》"	"STRINGS.UI.DLC2.NAME"
"UI.DLC3"	"The Bionic Booster Pack"	"《仿生加速包》"	"STRINGS.UI.DLC3.NAME"
"UI.DLC4"	"The Prehistoric Planet Pack"	"《史前行星包》"	"STRINGS.UI.DLC4.NAME"
"UI.ELEMENTAL"	"Age: {0}"	"年齡：{0}"	"STRINGS.UI.ELEMENTAL.AGE.NAME"
"UI.ELEMENTAL"	"Insulation Thickness: {0}"	"絕緣厚度：{0}"	"STRINGS.UI.ELEMENTAL.CONDUCTIVITYBARRIER.NAME"
"UI.ELEMENTAL"	"Condensation Point: {0}"	"凝結點：{0}"	"STRINGS.UI.ELEMENTAL.DEWPOINT.NAME"
"UI.ELEMENTAL"	"Disease: {0}"	"疾病：{0}"	"STRINGS.UI.ELEMENTAL.DISEASE.NAME"
"UI.ELEMENTAL"	"Freeze Point: {0}"	"冰點：{0}"	"STRINGS.UI.ELEMENTAL.FREEZEPOINT.NAME"
"UI.ELEMENTAL"	"Mass: {0}"	"質量：{0}"	"STRINGS.UI.ELEMENTAL.MASS.NAME"
"UI.ELEMENTAL"	"Melting Point: {0}"	"熔點：{0}"	"STRINGS.UI.ELEMENTAL.MELTINGPOINT.NAME"
"UI.ELEMENTAL"	"Overheat Modifier: {0}"	"過熱調整：{0}"	"STRINGS.UI.ELEMENTAL.OVERHEATPOINT.NAME"
"UI.ELEMENTAL"	"Primary Element: {0}"	"主要元素：{0}"	"STRINGS.UI.ELEMENTAL.PRIMARYELEMENT.NAME"
"UI.ELEMENTAL"	"Specific Heat Capacity: {0}"	"比熱容：{0}"	"STRINGS.UI.ELEMENTAL.SHC.NAME"
"UI.ELEMENTAL"	"Temperature: {0}"	"溫度：{0}"	"STRINGS.UI.ELEMENTAL.TEMPERATURE.NAME"
"UI.ELEMENTAL"	"Thermal Conductivity: {0}"	"導熱係數：{0}"	"STRINGS.UI.ELEMENTAL.THERMALCONDUCTIVITY.NAME"
"UI.ELEMENTAL"	"Stack Units: {0}"	"堆疊單位：{0}"	"STRINGS.UI.ELEMENTAL.UNITS.NAME"
"UI.ELEMENTAL"	"Uptime:\n{0}{1}: {2}\n{0}{3}: {4}\n{0}{5}: {6}"	"運作時間：\n{0}{1}：{2}\n{0}{3}：{4}\n{0}{5}：{6}"	"STRINGS.UI.ELEMENTAL.UPTIME.NAME"
"UI.ELEMENTAL"	"Vaporization Point: {0}"	"汽化點：{0}"	"STRINGS.UI.ELEMENTAL.VAPOURIZATIONPOINT.NAME"
"UI.ENDOFDAYREPORT"	"Calorie Generation:"	"卡路里生產："	"STRINGS.UI.ENDOFDAYREPORT.CALORIES_CREATED.NAME"
"UI.ENDOFDAYREPORT"	"Errands:"	"任務："	"STRINGS.UI.ENDOFDAYREPORT.CHORE_STATUS.NAME"
"UI.ENDOFDAYREPORT"	"Flatulence Generation:"	"放屁生產："	"STRINGS.UI.ENDOFDAYREPORT.CONTAMINATED_OXYGEN_FLATULENCE.NAME"
"UI.ENDOFDAYREPORT"	"Sublimation:"	"升華："	"STRINGS.UI.ENDOFDAYREPORT.CONTAMINATED_OXYGEN_SUBLIMATION.NAME"
"UI.ENDOFDAYREPORT"	"Toilet Emissions: "	"廁所排放："	"STRINGS.UI.ENDOFDAYREPORT.CONTAMINATED_OXYGEN_TOILET.NAME"
"UI.ENDOFDAYREPORT"	"Diseases Contracted:"	"疾病 感染："	"STRINGS.UI.ENDOFDAYREPORT.DISEASE_ADDED.NAME"
"UI.ENDOFDAYREPORT"	"Disease Status:"	"疾病狀態："	"STRINGS.UI.ENDOFDAYREPORT.DISEASE_STATUS.NAME"
"UI.ENDOFDAYREPORT"	"Power Usage:"	"電力運用："	"STRINGS.UI.ENDOFDAYREPORT.ENERGY_USAGE.NAME"
"UI.ENDOFDAYREPORT"	"Power Wasted:"	"電力浪費："	"STRINGS.UI.ENDOFDAYREPORT.ENERGY_WASTED.NAME"
"UI.ENDOFDAYREPORT"	"Idle Time:"	"閒置時間："	"STRINGS.UI.ENDOFDAYREPORT.IDLE_TIME.NAME"
"UI.ENDOFDAYREPORT"	"Attribute Increases:"	"屬性提高："	"STRINGS.UI.ENDOFDAYREPORT.LEVEL_UP.NAME"
"UI.ENDOFDAYREPORT"	"Domesticated Critters:"	"馴服動物："	"STRINGS.UI.ENDOFDAYREPORT.NUMBER_OF_DOMESTICATED_CRITTERS.NAME"
"UI.ENDOFDAYREPORT"	"Wild Critters:"	"野生動物："	"STRINGS.UI.ENDOFDAYREPORT.NUMBER_OF_WILD_CRITTERS.NAME"
"UI.ENDOFDAYREPORT"	"Oxygen Generation:"	"氧氣生產："	"STRINGS.UI.ENDOFDAYREPORT.OXYGEN_CREATED.NAME"
"UI.ENDOFDAYREPORT"	"Personal Time:"	"個人時間："	"STRINGS.UI.ENDOFDAYREPORT.PERSONAL_TIME.NAME"
"UI.ENDOFDAYREPORT"	"Rocket Missions Underway:"	"火箭任務進行中："	"STRINGS.UI.ENDOFDAYREPORT.ROCKETS_IN_FLIGHT.NAME"
"UI.ENDOFDAYREPORT"	"Stress Change:"	"壓力變化："	"STRINGS.UI.ENDOFDAYREPORT.STRESS_DELTA.NAME"
"UI.ENDOFDAYREPORT"	"Restroom Accidents:"	"廁所事故："	"STRINGS.UI.ENDOFDAYREPORT.TOILET_INCIDENT.NAME"
"UI.ENDOFDAYREPORT"	"Travel Time:"	"旅行時間："	"STRINGS.UI.ENDOFDAYREPORT.TRAVEL_TIME.NAME"
"UI.ENDOFDAYREPORT"	"Work Time:"	"工作時間："	"STRINGS.UI.ENDOFDAYREPORT.WORK_TIME.NAME"
"UI.FRONTEND"	"Default"	"預設"	"STRINGS.UI.FRONTEND.CUSTOMGAMESETTINGSSCREEN.SETTINGS.BIONICPOWERUSE.LEVELS.DEFAULT.NAME"
"UI.FRONTEND"	"Energy Efficient"	"省電"	"STRINGS.UI.FRONTEND.CUSTOMGAMESETTINGSSCREEN.SETTINGS.BIONICPOWERUSE.LEVELS.EASY.NAME"
"UI.FRONTEND"	"Power Hungry"	"耗電"	"STRINGS.UI.FRONTEND.CUSTOMGAMESETTINGSSCREEN.SETTINGS.BIONICPOWERUSE.LEVELS.HARD.NAME"
"UI.FRONTEND"	"Analog"	"類比"	"STRINGS.UI.FRONTEND.CUSTOMGAMESETTINGSSCREEN.SETTINGS.BIONICPOWERUSE.LEVELS.VERYEASY.NAME"
"UI.FRONTEND"	"Energy Vampire"	"吸電鬼"	"STRINGS.UI.FRONTEND.CUSTOMGAMESETTINGSSCREEN.SETTINGS.BIONICPOWERUSE.LEVELS.VERYHARD.NAME"
"UI.FRONTEND"	"Bionic Wattage"	"仿生功率"	"STRINGS.UI.FRONTEND.CUSTOMGAMESETTINGSSCREEN.SETTINGS.BIONICPOWERUSE.NAME"
"UI.FRONTEND"	"Tummyless"	"沒有胃"	"STRINGS.UI.FRONTEND.CUSTOMGAMESETTINGSSCREEN.SETTINGS.CALORIE_BURN.LEVELS.DISABLED.NAME"
"UI.FRONTEND"	"Fasting"	"節食中"	"STRINGS.UI.FRONTEND.CUSTOMGAMESETTINGSSCREEN.SETTINGS.CALORIE_BURN.LEVELS.EASY.NAME"
"UI.FRONTEND"	"Rumbly Tummies"	"吃得多"	"STRINGS.UI.FRONTEND.CUSTOMGAMESETTINGSSCREEN.SETTINGS.CALORIE_BURN.LEVELS.HARD.NAME"
"UI.FRONTEND"	"Ravenous"	"貪吃鬼"	"STRINGS.UI.FRONTEND.CUSTOMGAMESETTINGSSCREEN.SETTINGS.CALORIE_BURN.LEVELS.VERYHARD.NAME"
"UI.FRONTEND"	"Hunger"	"飢餓"	"STRINGS.UI.FRONTEND.CUSTOMGAMESETTINGSSCREEN.SETTINGS.CALORIE_BURN.NAME"
"UI.FRONTEND"	"Duplicants Only"	"只有複製人"	"STRINGS.UI.FRONTEND.CUSTOMGAMESETTINGSSCREEN.SETTINGS.CAREPACKAGES.LEVELS.DUPLICANTS_ONLY.NAME"
"UI.FRONTEND"	"All"	"全部"	"STRINGS.UI.FRONTEND.CUSTOMGAMESETTINGSSCREEN.SETTINGS.CAREPACKAGES.LEVELS.NORMAL.NAME"
"UI.FRONTEND"	"Care Packages"	"補給包裹"	"STRINGS.UI.FRONTEND.CUSTOMGAMESETTINGSSCREEN.SETTINGS.CAREPACKAGES.NAME"
"UI.FRONTEND"	"Asteroid Belt"	"小行星帶"	"STRINGS.UI.FRONTEND.CUSTOMGAMESETTINGSSCREEN.SETTINGS.CLUSTER_CHOICE.NAME"
"UI.FRONTEND"	"Slightly Delayed"	"稍有延遲"	"STRINGS.UI.FRONTEND.CUSTOMGAMESETTINGSSCREEN.SETTINGS.DEMOLIORDIFFICULTY.LEVELS.EASY.NAME"
"UI.FRONTEND"	"Early Arrival"	"提早抵達"	"STRINGS.UI.FRONTEND.CUSTOMGAMESETTINGSSCREEN.SETTINGS.DEMOLIORDIFFICULTY.LEVELS.HARD.NAME"
"UI.FRONTEND"	"Far-Off Forecast"	"遙遠預報"	"STRINGS.UI.FRONTEND.CUSTOMGAMESETTINGSSCREEN.SETTINGS.DEMOLIORDIFFICULTY.LEVELS.VERYEASY.NAME"
"UI.FRONTEND"	"Imminent Extinction"	"滅絕將至"	"STRINGS.UI.FRONTEND.CUSTOMGAMESETTINGSSCREEN.SETTINGS.DEMOLIORDIFFICULTY.LEVELS.VERYHARD.NAME"
"UI.FRONTEND"	"Demolior Impact"	"毀神星撞擊"	"STRINGS.UI.FRONTEND.CUSTOMGAMESETTINGSSCREEN.SETTINGS.DEMOLIORDIFFICULTY.NAME"
"UI.FRONTEND"	"Enabled"	"啟用"	"STRINGS.UI.FRONTEND.CUSTOMGAMESETTINGSSCREEN.SETTINGS.DLC_MIXING.LEVELS.ENABLED.NAME"
"UI.FRONTEND"	"Flimsy"	"脆弱的"	"STRINGS.UI.FRONTEND.CUSTOMGAMESETTINGSSCREEN.SETTINGS.DURABILITY.LEVELS.FLIMSY.NAME"
"UI.FRONTEND"	"Indestructible"	"永久耐用"	"STRINGS.UI.FRONTEND.CUSTOMGAMESETTINGSSCREEN.SETTINGS.DURABILITY.LEVELS.INDESTRUCTIBLE.NAME"
"UI.FRONTEND"	"Reinforced"	"強化的"	"STRINGS.UI.FRONTEND.CUSTOMGAMESETTINGSSCREEN.SETTINGS.DURABILITY.LEVELS.REINFORCED.NAME"
"UI.FRONTEND"	"Threadbare"	"磨損的"	"STRINGS.UI.FRONTEND.CUSTOMGAMESETTINGSSCREEN.SETTINGS.DURABILITY.LEVELS.THREADBARE.NAME"
"UI.FRONTEND"	"Durability"	"耐久度"	"STRINGS.UI.FRONTEND.CUSTOMGAMESETTINGSSCREEN.SETTINGS.DURABILITY.NAME"
"UI.FRONTEND"	"Spaced Out! Content Enabled"	"眼冒金星！內容啟用"	"STRINGS.UI.FRONTEND.CUSTOMGAMESETTINGSSCREEN.SETTINGS.EXPANSION1ACTIVE.NAME"
"UI.FRONTEND"	"Fast Workers Mode"	"工作狂模式"	"STRINGS.UI.FRONTEND.CUSTOMGAMESETTINGSSCREEN.SETTINGS.FASTWORKERSMODE.NAME"
"UI.FRONTEND"	"Outbreak Prone"	"免疫受損"	"STRINGS.UI.FRONTEND.CUSTOMGAMESETTINGSSCREEN.SETTINGS.IMMUNESYSTEM.LEVELS.COMPROMISED.NAME"
"UI.FRONTEND"	"Total Immunity"	"完全免疫"	"STRINGS.UI.FRONTEND.CUSTOMGAMESETTINGSSCREEN.SETTINGS.IMMUNESYSTEM.LEVELS.INVINCIBLE.NAME"
"UI.FRONTEND"	"Germ Susceptible"	"病菌易感"	"STRINGS.UI.FRONTEND.CUSTOMGAMESETTINGSSCREEN.SETTINGS.IMMUNESYSTEM.LEVELS.WEAK.NAME"
"UI.FRONTEND"	"Disease"	"疾病"	"STRINGS.UI.FRONTEND.CUSTOMGAMESETTINGSSCREEN.SETTINGS.IMMUNESYSTEM.NAME"
"UI.FRONTEND"	"Clear Skies"	"晴空萬里"	"STRINGS.UI.FRONTEND.CUSTOMGAMESETTINGSSCREEN.SETTINGS.METEORSHOWERS.LEVELS.CLEAR_SKIES.NAME"
"UI.FRONTEND"	"Doomsday"	"末日浩劫"	"STRINGS.UI.FRONTEND.CUSTOMGAMESETTINGSSCREEN.SETTINGS.METEORSHOWERS.LEVELS.DOOMED.NAME"
"UI.FRONTEND"	"Spring Showers"	"春意陣雨"	"STRINGS.UI.FRONTEND.CUSTOMGAMESETTINGSSCREEN.SETTINGS.METEORSHOWERS.LEVELS.INFREQUENT.NAME"
"UI.FRONTEND"	"Cosmic Storm"	"宇宙風暴"	"STRINGS.UI.FRONTEND.CUSTOMGAMESETTINGSSCREEN.SETTINGS.METEORSHOWERS.LEVELS.INTENSE.NAME"
"UI.FRONTEND"	"Meteor Showers"	"流星雨"	"STRINGS.UI.FRONTEND.CUSTOMGAMESETTINGSSCREEN.SETTINGS.METEORSHOWERS.NAME"
"UI.FRONTEND"	"Totally Blasé"	"無動於衷"	"STRINGS.UI.FRONTEND.CUSTOMGAMESETTINGSSCREEN.SETTINGS.MORALE.LEVELS.DISABLED.NAME"
"UI.FRONTEND"	"Chill"	"輕鬆"	"STRINGS.UI.FRONTEND.CUSTOMGAMESETTINGSSCREEN.SETTINGS.MORALE.LEVELS.EASY.NAME"
"UI.FRONTEND"	"A Bit Persnickety"	"不爽"	"STRINGS.UI.FRONTEND.CUSTOMGAMESETTINGSSCREEN.SETTINGS.MORALE.LEVELS.HARD.NAME"
"UI.FRONTEND"	"Draconian"	"嚴苛"	"STRINGS.UI.FRONTEND.CUSTOMGAMESETTINGSSCREEN.SETTINGS.MORALE.LEVELS.VERYHARD.NAME"
"UI.FRONTEND"	"Healthy Glow"	"容光煥發"	"STRINGS.UI.FRONTEND.CUSTOMGAMESETTINGSSCREEN.SETTINGS.RADIATION.LEVELS.EASIER.NAME"
"UI.FRONTEND"	"Nuke-Proof"	"防核彈"	"STRINGS.UI.FRONTEND.CUSTOMGAMESETTINGSSCREEN.SETTINGS.RADIATION.LEVELS.EASIEST.NAME"
"UI.FRONTEND"	"Toxic Positivity"	"有毒的"	"STRINGS.UI.FRONTEND.CUSTOMGAMESETTINGSSCREEN.SETTINGS.RADIATION.LEVELS.HARDER.NAME"
"UI.FRONTEND"	"Critical Mass"	"致命的"	"STRINGS.UI.FRONTEND.CUSTOMGAMESETTINGSSCREEN.SETTINGS.RADIATION.LEVELS.HARDEST.NAME"
"UI.FRONTEND"	"Sandbox Mode"	"沙盒模式"	"STRINGS.UI.FRONTEND.CUSTOMGAMESETTINGSSCREEN.SETTINGS.SANDBOXMODE.NAME"
"UI.FRONTEND"	"Save To Cloud"	"儲存到雲端"	"STRINGS.UI.FRONTEND.CUSTOMGAMESETTINGSSCREEN.SETTINGS.SAVETOCLOUD.NAME"
"UI.FRONTEND"	"Stingy"	"少量"	"STRINGS.UI.FRONTEND.CUSTOMGAMESETTINGSSCREEN.SETTINGS.STORY_TRAIT_COUNT.LEVELS.FEW.NAME"
"UI.FRONTEND"	"Oodles"	"大量"	"STRINGS.UI.FRONTEND.CUSTOMGAMESETTINGSSCREEN.SETTINGS.STORY_TRAIT_COUNT.LEVELS.LOTS.NAME"
"UI.FRONTEND"	"Zilch"	"毫無"	"STRINGS.UI.FRONTEND.CUSTOMGAMESETTINGSSCREEN.SETTINGS.STORY_TRAIT_COUNT.LEVELS.NONE.NAME"
"UI.FRONTEND"	"Story Traits"	"故事特質"	"STRINGS.UI.FRONTEND.CUSTOMGAMESETTINGSSCREEN.SETTINGS.STORY_TRAIT_COUNT.NAME"
"UI.FRONTEND"	"Frankly Depressing"	"十分消沉"	"STRINGS.UI.FRONTEND.CUSTOMGAMESETTINGSSCREEN.SETTINGS.STRESS.LEVELS.DOOMED.NAME"
"UI.FRONTEND"	"Cloud Nine"	"非常愉快"	"STRINGS.UI.FRONTEND.CUSTOMGAMESETTINGSSCREEN.SETTINGS.STRESS.LEVELS.INDOMITABLE.NAME"
"UI.FRONTEND"	"Chipper"	"樂觀"	"STRINGS.UI.FRONTEND.CUSTOMGAMESETTINGSSCREEN.SETTINGS.STRESS.LEVELS.OPTIMISTIC.NAME"
"UI.FRONTEND"	"Glum"	"悲傷"	"STRINGS.UI.FRONTEND.CUSTOMGAMESETTINGSSCREEN.SETTINGS.STRESS.LEVELS.PESSIMISTIC.NAME"
"UI.FRONTEND"	"Stress Reactions"	"壓力反應"	"STRINGS.UI.FRONTEND.CUSTOMGAMESETTINGSSCREEN.SETTINGS.STRESS_BREAKS.NAME"
"UI.FRONTEND"	"Guaranteed"	"確保"	"STRINGS.UI.FRONTEND.CUSTOMGAMESETTINGSSCREEN.SETTINGS.SUBWORLD_MIXING.LEVELS.GUARANTEE_MIXING.NAME"
"UI.FRONTEND"	"Likely"	"可能"	"STRINGS.UI.FRONTEND.CUSTOMGAMESETTINGSSCREEN.SETTINGS.SUBWORLD_MIXING.LEVELS.TRY_MIXING.NAME"
"UI.FRONTEND"	"Teleporters"	"傳送器"	"STRINGS.UI.FRONTEND.CUSTOMGAMESETTINGSSCREEN.SETTINGS.TELEPORTERS.NAME"
"UI.FRONTEND"	"World"	"世界"	"STRINGS.UI.FRONTEND.CUSTOMGAMESETTINGSSCREEN.SETTINGS.WORLD_CHOICE.NAME"
"UI.FRONTEND"	"Worldgen Seed"	"世界生成種子"	"STRINGS.UI.FRONTEND.CUSTOMGAMESETTINGSSCREEN.SETTINGS.WORLDGEN_SEED.NAME"
"UI.FRONTEND"	"Mod Name"	"模組名稱"	"STRINGS.UI.FRONTEND.MODS.RAILMODUPLOAD.NAME"
"UI.GAMEOBJECTEFFECTS"	"Insulated"	"隔熱"	"STRINGS.UI.GAMEOBJECTEFFECTS.INSULATED.NAME"
"UI.KEEPSAKES"	"Ceramic Morb"	"陶瓷莫布"	"STRINGS.UI.KEEPSAKES.CRITTER_MANIPULATOR.NAME"
"UI.KEEPSAKES"	"Critter Collar"	"小動物項圈"	"STRINGS.UI.KEEPSAKES.FOSSIL_HUNT.NAME"
"UI.KEEPSAKES"	"Shiny Coprolite"	"閃光便便化石"	"STRINGS.UI.KEEPSAKES.GEOTHERMAL_PLANT.NAME"
"UI.KEEPSAKES"	"Hair Dryer"	"吹風機"	"STRINGS.UI.KEEPSAKES.HIJACK_HEADQUARTERS.NAME"
"UI.KEEPSAKES"	"Rusty Toolbox"	"生鏽的工具箱"	"STRINGS.UI.KEEPSAKES.LONELY_MINION.NAME"
"UI.KEEPSAKES"	"Model Plane"	"模型骨架"	"STRINGS.UI.KEEPSAKES.MEGA_BRAIN.NAME"
"UI.KEEPSAKES"	"Toy Bot"	"玩具機器人"	"STRINGS.UI.KEEPSAKES.MORB_ROVER_MAKER.NAME"
"UI.KEEPSAKES"	"Stereoscope"	"立體鏡"	"STRINGS.UI.KEEPSAKES.VIEWMASTER.NAME"
"UI.MINION_IDENTITY_SORT"	"Duplicant"	"複製人"	"STRINGS.UI.MINION_IDENTITY_SORT.NAME"
"UI.NEWBUILDCATEGORIES"	"Advanced"	"進階"	"STRINGS.UI.NEWBUILDCATEGORIES.ADVANCED.NAME"
"UI.NEWBUILDCATEGORIES"	"Archaeology"	"考古"	"STRINGS.UI.NEWBUILDCATEGORIES.ARCHAEOLOGY.NAME"
"UI.NEWBUILDCATEGORIES"	"Automated"	"自動化"	"STRINGS.UI.NEWBUILDCATEGORIES.AUTOMATED.NAME"
"UI.NEWBUILDCATEGORIES"	"Batteries"	"電池"	"STRINGS.UI.NEWBUILDCATEGORIES.BATTERIES.NAME"
"UI.NEWBUILDCATEGORIES"	"Ports"	"埠"	"STRINGS.UI.NEWBUILDCATEGORIES.BUILDMENUPORTS.NAME"
"UI.NEWBUILDCATEGORIES"	"Cargo"	"貨艙"	"STRINGS.UI.NEWBUILDCATEGORIES.CARGO.NAME"
"UI.NEWBUILDCATEGORIES"	"Pipe Sensors"	"管道感測器"	"STRINGS.UI.NEWBUILDCATEGORIES.CONDUITSENSORS.NAME"
"UI.NEWBUILDCATEGORIES"	"Ore\nTransport"	"礦物\n運輸"	"STRINGS.UI.NEWBUILDCATEGORIES.CONVEYANCE.NAME"
"UI.NEWBUILDCATEGORIES"	"Structural"	"構造"	"STRINGS.UI.NEWBUILDCATEGORIES.CONVEYANCESTRUCTURES.NAME"
"UI.NEWBUILDCATEGORIES"	"Doors"	"門"	"STRINGS.UI.NEWBUILDCATEGORIES.DOORS.NAME"
"UI.NEWBUILDCATEGORIES"	"Converters"	"轉換器"	"STRINGS.UI.NEWBUILDCATEGORIES.ELECTROBANKBUILDINGS.NAME"
"UI.NEWBUILDCATEGORIES"	"Engines"	"引擎"	"STRINGS.UI.NEWBUILDCATEGORIES.ENGINES.NAME"
"UI.NEWBUILDCATEGORIES"	"Equipment"	"研究站"	"STRINGS.UI.NEWBUILDCATEGORIES.EQUIPMENT.NAME"
"UI.NEWBUILDCATEGORIES"	"Fittings"	"配件"	"STRINGS.UI.NEWBUILDCATEGORIES.FITTINGS.NAME"
"UI.NEWBUILDCATEGORIES"	"Generators"	"發電機"	"STRINGS.UI.NEWBUILDCATEGORIES.GENERATORS.NAME"
"UI.NEWBUILDCATEGORIES"	"Accommodation"	"調節"	"STRINGS.UI.NEWBUILDCATEGORIES.HEALTHANDHAPPINESS.NAME"
"UI.NEWBUILDCATEGORIES"	"Industrials"	"工業"	"STRINGS.UI.NEWBUILDCATEGORIES.INDUSTRIAL.NAME"
"UI.NEWBUILDCATEGORIES"	"Ladders"	"梯子"	"STRINGS.UI.NEWBUILDCATEGORIES.LADDERS.NAME"
"UI.NEWBUILDCATEGORIES"	"Lights"	"照明"	"STRINGS.UI.NEWBUILDCATEGORIES.LIGHTS.NAME"
"UI.NEWBUILDCATEGORIES"	"Ambience"	"環境"	"STRINGS.UI.NEWBUILDCATEGORIES.LOGICAUDIO.NAME"
"UI.NEWBUILDCATEGORIES"	"Gates"	"邏輯閘"	"STRINGS.UI.NEWBUILDCATEGORIES.LOGICGATES.NAME"
"UI.NEWBUILDCATEGORIES"	"Monitoring"	"監測"	"STRINGS.UI.NEWBUILDCATEGORIES.LOGICMANAGER.NAME"
"UI.NEWBUILDCATEGORIES"	"Logistics"	"後勤"	"STRINGS.UI.NEWBUILDCATEGORIES.LOGISTICS.NAME"
"UI.NEWBUILDCATEGORIES"	"Manufacturing"	"製造"	"STRINGS.UI.NEWBUILDCATEGORIES.MANUFACTURING.NAME"
"UI.NEWBUILDCATEGORIES"	"Materials"	"材料"	"STRINGS.UI.NEWBUILDCATEGORIES.MATERIALS.NAME"
"UI.NEWBUILDCATEGORIES"	"Meteor Defense"	"流星防禦"	"STRINGS.UI.NEWBUILDCATEGORIES.METEORDEFENSE.NAME"
"UI.NEWBUILDCATEGORIES"	"Modules"	"艙塊"	"STRINGS.UI.NEWBUILDCATEGORIES.MODULE.NAME"
"UI.NEWBUILDCATEGORIES"	"Oil"	"石油"	"STRINGS.UI.NEWBUILDCATEGORIES.OIL.NAME"
"UI.NEWBUILDCATEGORIES"	"Operations"	"操作"	"STRINGS.UI.NEWBUILDCATEGORIES.OPERATIONS.NAME"
"UI.NEWBUILDCATEGORIES"	"Organic"	"有機物"	"STRINGS.UI.NEWBUILDCATEGORIES.ORGANIC.NAME"
"UI.NEWBUILDCATEGORIES"	"Pipes"	"管道"	"STRINGS.UI.NEWBUILDCATEGORIES.PIPES.NAME"
"UI.NEWBUILDCATEGORIES"	"Power\nRegulation"	"電力調節"	"STRINGS.UI.NEWBUILDCATEGORIES.POWERCONTROL.NAME"
"UI.NEWBUILDCATEGORIES"	"Printing Pods"	"列印元"	"STRINGS.UI.NEWBUILDCATEGORIES.PRINTINGPODS.NAME"
"UI.NEWBUILDCATEGORIES"	"Production"	"生產"	"STRINGS.UI.NEWBUILDCATEGORIES.PRODUCERS.NAME"
"UI.NEWBUILDCATEGORIES"	"Pumps"	"幫浦"	"STRINGS.UI.NEWBUILDCATEGORIES.PUMPS.NAME"
"UI.NEWBUILDCATEGORIES"	"Purification"	"淨化"	"STRINGS.UI.NEWBUILDCATEGORIES.SCRUBBERS.NAME"
"UI.NEWBUILDCATEGORIES"	"Sensors"	"感測器"	"STRINGS.UI.NEWBUILDCATEGORIES.SENSORS.NAME"
"UI.NEWBUILDCATEGORIES"	"Storage"	"儲存"	"STRINGS.UI.NEWBUILDCATEGORIES.STORAGE.NAME"
"UI.NEWBUILDCATEGORIES"	"Switches"	"開關"	"STRINGS.UI.NEWBUILDCATEGORIES.SWITCHES.NAME"
"UI.NEWBUILDCATEGORIES"	"Tanks"	"火箭艙"	"STRINGS.UI.NEWBUILDCATEGORIES.TANKS.NAME"
"UI.NEWBUILDCATEGORIES"	"Telescopes"	"望遠鏡"	"STRINGS.UI.NEWBUILDCATEGORIES.TELESCOPES.NAME"
"UI.NEWBUILDCATEGORIES"	"Tiles and Drywall"	"磚塊與牆板"	"STRINGS.UI.NEWBUILDCATEGORIES.TILES.NAME"
"UI.NEWBUILDCATEGORIES"	"Transmissions"	"傳輸"	"STRINGS.UI.NEWBUILDCATEGORIES.TRANSMISSIONS.NAME"
"UI.NEWBUILDCATEGORIES"	"Valves"	"閥"	"STRINGS.UI.NEWBUILDCATEGORIES.VALVES.NAME"
"UI.NEWBUILDCATEGORIES"	"Wellness"	"健康"	"STRINGS.UI.NEWBUILDCATEGORIES.WELLNESS.NAME"
"UI.NEWBUILDCATEGORIES"	"Wires"	"電線"	"STRINGS.UI.NEWBUILDCATEGORIES.WIRES.NAME"
"UI.OUTFITS"	"Racing Outfit"	"賽車外觀"	"STRINGS.UI.OUTFITS.ATHLETE.NAME"
"UI.OUTFITS"	"Eggplant Atmo Outfit"	"紫茄太空外觀"	"STRINGS.UI.OUTFITS.ATMOSUIT_BASIC_PURPLE.NAME"
"UI.OUTFITS"	"Rocketmelon Atmo Outfit"	"火箭香瓜太空外觀"	"STRINGS.UI.OUTFITS.ATMOSUIT_CANTALOUPE.NAME"
"UI.OUTFITS"	"Confetti Atmo Outfit"	"彩屑太空外觀"	"STRINGS.UI.OUTFITS.ATMOSUIT_CONFETTI.NAME"
"UI.OUTFITS"	"Cubist Atmo Outfit"	"立體主義太空外觀"	"STRINGS.UI.OUTFITS.ATMOSUIT_CUBIST.NAME"
"UI.OUTFITS"	"Citrus Atmo Outfit"	"柑橘太空外觀"	"STRINGS.UI.OUTFITS.ATMOSUIT_LIMONE.NAME"
"UI.OUTFITS"	"Pink Punch Atmo Outfit"	"粉孔太空外觀"	"STRINGS.UI.OUTFITS.ATMOSUIT_PINK_PURPLE.NAME"
"UI.OUTFITS"	"Puft Atmo Outfit"	"帕夫太空外觀"	"STRINGS.UI.OUTFITS.ATMOSUIT_PUFT.NAME"
"UI.OUTFITS"	"Blastoff Atmo Outfit"	"升空太空外觀"	"STRINGS.UI.OUTFITS.ATMOSUIT_RED_GREY.NAME"
"UI.OUTFITS"	"Blue Glitter Atmo Outfit"	"藍色亮片太空外觀"	"STRINGS.UI.OUTFITS.ATMOSUIT_SPARKLE_BLUE.NAME"
"UI.OUTFITS"	"Green Glitter Atmo Outfit"	"綠色亮片太空外觀"	"STRINGS.UI.OUTFITS.ATMOSUIT_SPARKLE_GREEN.NAME"
"UI.OUTFITS"	"Violet Glitter Atmo Outfit"	"紫色亮片太空外觀"	"STRINGS.UI.OUTFITS.ATMOSUIT_SPARKLE_LAVENDER.NAME"
"UI.OUTFITS"	"Red Glitter Atmo Outfit"	"紅色亮片太空外觀"	"STRINGS.UI.OUTFITS.ATMOSUIT_SPARKLE_RED.NAME"
"UI.OUTFITS"	"Spiffy Atmo Outfit"	"時尚太空外觀"	"STRINGS.UI.OUTFITS.ATMOSUIT_SPIFFY.NAME"
"UI.OUTFITS"	"Ballet Outfit"	"芭蕾舞外觀"	"STRINGS.UI.OUTFITS.BALLET.NAME"
"UI.OUTFITS"	"Basic Aqua Outfit"	"基本水樣外觀"	"STRINGS.UI.OUTFITS.BASIC_AQUA.NAME"
"UI.OUTFITS"	"Basic Black Outfit"	"基本黑色外觀"	"STRINGS.UI.OUTFITS.BASIC_BLACK.NAME"
"UI.OUTFITS"	"True Blue Outfit"	"真藍外觀"	"STRINGS.UI.OUTFITS.BASIC_BLUE_COBALT.NAME"
"UI.OUTFITS"	"Team Captain Outfit"	"隊長外觀"	"STRINGS.UI.OUTFITS.BASIC_DEEPRED.NAME"
"UI.OUTFITS"	"Basic Green Outfit"	"基本綠色外觀"	"STRINGS.UI.OUTFITS.BASIC_GREEN.NAME"
"UI.OUTFITS"	"Go Team! Outfit"	"加油外觀"	"STRINGS.UI.OUTFITS.BASIC_GREEN_KELLY.NAME"
"UI.OUTFITS"	"Underdog Outfit"	"弱勢外觀"	"STRINGS.UI.OUTFITS.BASIC_GREY_CHARCOAL.NAME"
"UI.OUTFITS"	"Team Hype Outfit"	"團隊激情外觀"	"STRINGS.UI.OUTFITS.BASIC_LEMON.NAME"
"UI.OUTFITS"	"Basic Orange Outfit"	"基本橘色外觀"	"STRINGS.UI.OUTFITS.BASIC_ORANGE.NAME"
"UI.OUTFITS"	"Pep Rally Outfit"	"動員會外觀"	"STRINGS.UI.OUTFITS.BASIC_PINK_FLAMINGO.NAME"
"UI.OUTFITS"	"Basic Bubblegum Outfit"	"基本泡泡糖外觀"	"STRINGS.UI.OUTFITS.BASIC_PINK_ORCHID.NAME"
"UI.OUTFITS"	"Basic Purple Outfit"	"基本紫色外觀"	"STRINGS.UI.OUTFITS.BASIC_PURPLE.NAME"
"UI.OUTFITS"	"Basic Red Outfit"	"基礎紅色外觀"	"STRINGS.UI.OUTFITS.BASIC_RED.NAME"
"UI.OUTFITS"	"Superfan Outfit"	"忠實粉絲外觀"	"STRINGS.UI.OUTFITS.BASIC_SATSUMA.NAME"
"UI.OUTFITS"	"Basic White Outfit"	"基本白色外觀"	"STRINGS.UI.OUTFITS.BASIC_WHITE.NAME"
"UI.OUTFITS"	"Basic Yellow Outfit"	"基本黃色外觀"	"STRINGS.UI.OUTFITS.BASIC_YELLOW.NAME"
"UI.OUTFITS"	"Canadian Tuxedo Outfit"	"加拿大燕尾服外觀"	"STRINGS.UI.OUTFITS.CANUXTUX.NAME"
"UI.OUTFITS"	"LED Party Outfit"	"LED 派對外觀"	"STRINGS.UI.OUTFITS.CIRCUIT.NAME"
"UI.OUTFITS"	"Donor Outfit"	"捐贈者外觀"	"STRINGS.UI.OUTFITS.DONOR.NAME"
"UI.OUTFITS"	"Downtime Outfit"	"休息外觀"	"STRINGS.UI.OUTFITS.DOWNTIME.NAME"
"UI.OUTFITS"	"Yellowcake Undies Outfit"	"黃餅內衣外觀"	"STRINGS.UI.OUTFITS.GINCH_BILE.NAME"
"UI.OUTFITS"	"Dusk Undies Outfit"	"夜幕內衣外觀"	"STRINGS.UI.OUTFITS.GINCH_CORTEX.NAME"
"UI.OUTFITS"	"Frostbasin Undies Outfit"	"冰盆內衣外觀"	"STRINGS.UI.OUTFITS.GINCH_FROSTY.NAME"
"UI.OUTFITS"	"Frilly Saltrock Outfit"	"鹽岩飾邊外觀"	"STRINGS.UI.OUTFITS.GINCH_GLUON.NAME"
"UI.OUTFITS"	"Leachy Undies Outfit"	"滲透內衣外觀"	"STRINGS.UI.OUTFITS.GINCH_GOOP.NAME"
"UI.OUTFITS"	"Magma Undies Outfit"	"岩漿內衣外觀"	"STRINGS.UI.OUTFITS.GINCH_IRONBOW.NAME"
"UI.OUTFITS"	"Balmy Undies Outfit"	"芳香內衣外觀"	"STRINGS.UI.OUTFITS.GINCH_LOCUS.NAME"
"UI.OUTFITS"	"Atomic Undies Outfit"	"原子內衣外觀"	"STRINGS.UI.OUTFITS.GINCH_NYBBLE.NAME"
"UI.OUTFITS"	"Charcoal Undies Outfit"	"木炭內衣外觀"	"STRINGS.UI.OUTFITS.GINCH_OBELUS.NAME"
"UI.OUTFITS"	"Slate Undies Outfit"	"板岩內衣外觀"	"STRINGS.UI.OUTFITS.GINCH_PHLEGM.NAME"
"UI.OUTFITS"	"Admin Undies Outfit"	"管理員內衣外觀"	"STRINGS.UI.OUTFITS.GONCHIES_BLUEBERRY.NAME"
"UI.OUTFITS"	"Buzzword Undies Outfit"	"流行語內衣外觀"	"STRINGS.UI.OUTFITS.GONCHIES_GRAPE.NAME"
"UI.OUTFITS"	"Groupthink Undies Outfit"	"群體思維內衣外觀"	"STRINGS.UI.OUTFITS.GONCHIES_LEMON.NAME"
"UI.OUTFITS"	"Stakeholder Undies Outfit"	"股東內衣外觀"	"STRINGS.UI.OUTFITS.GONCHIES_LIME.NAME"
"UI.OUTFITS"	"Underling Undies Outfit"	"下屬內衣外觀"	"STRINGS.UI.OUTFITS.GONCHIES_SATSUMA.NAME"
"UI.OUTFITS"	"Executive Undies Outfit"	"管理內衣外觀"	"STRINGS.UI.OUTFITS.GONCHIES_STRAWBERRY.NAME"
"UI.OUTFITS"	"Synergy Undies Outfit"	"協作內衣外觀"	"STRINGS.UI.OUTFITS.GONCHIES_WATERMELON.NAME"
"UI.OUTFITS"	"Hi-Vis Outfit"	"高能見外觀"	"STRINGS.UI.OUTFITS.HIVIS.NAME"
"UI.OUTFITS"	"Blueberry Jelly Outfit"	"藍莓果凍外觀"	"STRINGS.UI.OUTFITS.JELLYPUFF_BLUEBERRY.NAME"
"UI.OUTFITS"	"Grape Jelly Outfit"	"葡萄果凍外觀"	"STRINGS.UI.OUTFITS.JELLYPUFF_GRAPE.NAME"
"UI.OUTFITS"	"Lemon Jelly Outfit"	"檸檬果凍外觀"	"STRINGS.UI.OUTFITS.JELLYPUFF_LEMON.NAME"
"UI.OUTFITS"	"Lime Jelly Outfit"	"萊姆果凍外觀"	"STRINGS.UI.OUTFITS.JELLYPUFF_LIME.NAME"
"UI.OUTFITS"	"Satsuma Jelly Outfit"	"蜜橘果凍外觀"	"STRINGS.UI.OUTFITS.JELLYPUFF_SATSUMA.NAME"
"UI.OUTFITS"	"Strawberry Jelly Outfit"	"草莓果凍外觀"	"STRINGS.UI.OUTFITS.JELLYPUFF_STRAWBERRY.NAME"
"UI.OUTFITS"	"Watermelon Jelly Outfit"	"西瓜果凍外觀"	"STRINGS.UI.OUTFITS.JELLYPUFF_WATERMELON.NAME"
"UI.OUTFITS"	"Lucky Jammies Outfit"	"幸運睡衣外觀"	"STRINGS.UI.OUTFITS.LUCKY.NAME"
"UI.OUTFITS"	"Engineer Coveralls"	"工程師工作服"	"STRINGS.UI.OUTFITS.MECHANIC.NAME"
"UI.OUTFITS"	"Research Outfit"	"研究外觀"	"STRINGS.UI.OUTFITS.NERD.NAME"
"UI.OUTFITS"	"Crystal-Iced Jammies"	"冰晶睡衣"	"STRINGS.UI.OUTFITS.PAJAMAS_SNOW.NAME"
"UI.OUTFITS"	"Polka Dot Tracksuit"	"波點裙運動裝"	"STRINGS.UI.OUTFITS.POLKADOT_TRACKSUIT.NAME"
"UI.OUTFITS"	"Pom Bug Outfit"	"絨蟲外觀"	"STRINGS.UI.OUTFITS.POMPOM_SHINEBUGS_PINK_PEPPERNUT.NAME"
"UI.OUTFITS"	"Rebel Gi Outfit"	"叛逆外觀"	"STRINGS.UI.OUTFITS.REBELGI.NAME"
"UI.OUTFITS"	"PhD Dress Outfit"	"博士連身裙外觀"	"STRINGS.UI.OUTFITS.SLEEVELESS_BOW_BW.NAME"
"UI.OUTFITS"	"Crystal-Iced Outfit"	"冰晶外觀"	"STRINGS.UI.OUTFITS.SNOWFLAKE_BLUE.NAME"
"UI.OUTFITS"	"Standard Blue Uniform"	"標準藍色制服"	"STRINGS.UI.OUTFITS.STANDARD_BLUE.NAME"
"UI.OUTFITS"	"Standard Green Uniform"	"標準綠色制服"	"STRINGS.UI.OUTFITS.STANDARD_GREEN.NAME"
"UI.OUTFITS"	"Standard Red Uniform"	"標準紅色制服"	"STRINGS.UI.OUTFITS.STANDARD_RED.NAME"
"UI.OUTFITS"	"Standard Yellow Uniform"	"標準黃色制服"	"STRINGS.UI.OUTFITS.STANDARD_YELLOW.NAME"
"UI.OUTFITS"	"Superstar Outfit"	"超級明星外觀"	"STRINGS.UI.OUTFITS.SUPERSTAR.NAME"
"UI.OUTFITS"	"Sweetheart Jammies Outfit"	"甜心睡衣外觀"	"STRINGS.UI.OUTFITS.SWEETHEART.NAME"
"UI.OUTFITS"	"Power Brunch Outfit"	"午宴外觀"	"STRINGS.UI.OUTFITS.TWEED_PINK_ORCHID.NAME"
"UI.OUTFITS"	"PhD Velour Outfit"	"博士絲絨外觀"	"STRINGS.UI.OUTFITS.VELOUR_BLACK.NAME"
"UI.OUTFITS"	"Shortwave Velour Outfit"	"短波絲絨外觀"	"STRINGS.UI.OUTFITS.VELOUR_BLUE.NAME"
"UI.OUTFITS"	"Gamma Velour Outfit"	"伽瑪絲絨外觀"	"STRINGS.UI.OUTFITS.VELOUR_PINK.NAME"
"UI.OUTFITS"	"Nobel Pinstripe Outfit"	"諾貝爾條紋外觀"	"STRINGS.UI.OUTFITS.WAISTCOAT_PINSTRIPE_SLATE.NAME"
"UI.OUTFITS"	"HVAC Coveralls"	"暖通空調工作服"	"STRINGS.UI.OUTFITS.WATER.NAME"
"UI.OUTFITS"	"Sporefest Outfit"	"孢子節日外觀"	"STRINGS.UI.OUTFITS.X_SPORCHID.NAME"
"UI.OUTFITS"	"Pinchabell Outfit"	"椒鈴外觀"	"STRINGS.UI.OUTFITS.X1_PINCHAPEPPERNUTBELLS.NAME"
"UI.OVERLAYS"	"FARMING OVERLAY"	"耕種概覽"	"STRINGS.UI.OVERLAYS.CROP.NAME"
"UI.OVERLAYS"	"DECOR OVERLAY"	"裝飾概覽"	"STRINGS.UI.OVERLAYS.DECOR.NAME"
"UI.OVERLAYS"	"GERM OVERLAY"	"病菌概覽"	"STRINGS.UI.OVERLAYS.DISEASE.NAME"
"UI.OVERLAYS"	"POWER OVERLAY"	"電力概覽"	"STRINGS.UI.OVERLAYS.ELECTRICAL.NAME"
"UI.OVERLAYS"	"VENTILATION OVERLAY"	"通風概覽"	"STRINGS.UI.OVERLAYS.GASPLUMBING.NAME"
"UI.OVERLAYS"	"THERMAL TOLERANCE OVERLAY"	"溫度容忍概覽"	"STRINGS.UI.OVERLAYS.HEATFLOW.NAME"
"UI.OVERLAYS"	"JOULES"	"焦耳"	"STRINGS.UI.OVERLAYS.JOULES.NAME"
"UI.OVERLAYS"	"LIGHT OVERLAY"	"光照概覽"	"STRINGS.UI.OVERLAYS.LIGHTING.NAME"
"UI.OVERLAYS"	"PLUMBING OVERLAY"	"供水概覽"	"STRINGS.UI.OVERLAYS.LIQUIDPLUMBING.NAME"
"UI.OVERLAYS"	"OXYGEN OVERLAY"	"氧氣概覽"	"STRINGS.UI.OVERLAYS.OXYGEN.NAME"
"UI.OVERLAYS"	"PRIORITY OVERLAY"	"優先度概覽"	"STRINGS.UI.OVERLAYS.PRIORITIES.NAME"
"UI.OVERLAYS"	"RELATIVE TEMPERATURE"	"相對溫度"	"STRINGS.UI.OVERLAYS.RELATIVETEMPERATURE.NAME"
"UI.OVERLAYS"	"ROOM OVERLAY"	"房間概覽"	"STRINGS.UI.OVERLAYS.ROOMS.NAME"
"UI.OVERLAYS"	"TEMPERATURE OVERLAY"	"溫度概覽"	"STRINGS.UI.OVERLAYS.TEMPERATURE.NAME"
"UI.OVERLAYS"	"MATERIALS OVERLAY"	"材料概覽"	"STRINGS.UI.OVERLAYS.TILEMODE.NAME"
"UI.ROLES_SCREEN"	"Can perform {0}"	"可以執行{0}"	"STRINGS.UI.ROLES_SCREEN.ASSIGNMENT_REQUIREMENTS.CHOREGROUP_ENABLED.NAME"
"UI.ROLES_SCREEN"	"Basic Cooking"	"基礎料理"	"STRINGS.UI.ROLES_SCREEN.ASSIGNMENT_REQUIREMENTS.HAS_ATTRIBUTE_COOKING_BASIC.NAME"
"UI.ROLES_SCREEN"	"Basic Digging"	"基礎挖掘"	"STRINGS.UI.ROLES_SCREEN.ASSIGNMENT_REQUIREMENTS.HAS_ATTRIBUTE_DIGGING_BASIC.NAME"
"UI.ROLES_SCREEN"	"Basic Learning"	"基礎學習"	"STRINGS.UI.ROLES_SCREEN.ASSIGNMENT_REQUIREMENTS.HAS_ATTRIBUTE_LEARNING_BASIC.NAME"
"UI.ROLES_SCREEN"	"Medium Learning"	"中級學習"	"STRINGS.UI.ROLES_SCREEN.ASSIGNMENT_REQUIREMENTS.HAS_ATTRIBUTE_LEARNING_MEDIUM.NAME"
"UI.ROLES_SCREEN"	"Has colony leader"	"有殖民地領導"	"STRINGS.UI.ROLES_SCREEN.ASSIGNMENT_REQUIREMENTS.HAS_COLONY_LEADER.NAME"
"UI.ROLES_SCREEN"	"General Experience"	"一般經驗"	"STRINGS.UI.ROLES_SCREEN.ASSIGNMENT_REQUIREMENTS.HAS_COMPLETED_ANY_OTHER_ROLE.NAME"
"UI.ROLES_SCREEN"	"{0} Experience"	"{0} 經驗"	"STRINGS.UI.ROLES_SCREEN.ASSIGNMENT_REQUIREMENTS.HAS_EXPERIENCE.NAME"
"UI.ROLES_SCREEN"	"High Decor"	"高裝飾度"	"STRINGS.UI.ROLES_SCREEN.EXPECTATIONS.DECOR.HIGH.NAME"
"UI.ROLES_SCREEN"	"Medium Decor"	"中裝飾度"	"STRINGS.UI.ROLES_SCREEN.EXPECTATIONS.DECOR.MEDIUM.NAME"
"UI.ROLES_SCREEN"	"Minor Decor"	"低裝飾度"	"STRINGS.UI.ROLES_SCREEN.EXPECTATIONS.DECOR.MINOR.NAME"
"UI.ROLES_SCREEN"	"Decadent Decor"	"頹廢的裝飾"	"STRINGS.UI.ROLES_SCREEN.EXPECTATIONS.DECOR.UNREASONABLE.NAME"
"UI.ROLES_SCREEN"	"Superb Decor"	"華麗的裝飾"	"STRINGS.UI.ROLES_SCREEN.EXPECTATIONS.DECOR.VERY_HIGH.NAME"
"UI.ROLES_SCREEN"	"Ambrosial Food"	"特別美味的食物"	"STRINGS.UI.ROLES_SCREEN.EXPECTATIONS.FOOD_QUALITY.EXCEPTIONAL.NAME"
"UI.ROLES_SCREEN"	"Great Food"	"好吃的食物"	"STRINGS.UI.ROLES_SCREEN.EXPECTATIONS.FOOD_QUALITY.HIGH.NAME"
"UI.ROLES_SCREEN"	"Good Food"	"不錯的食物"	"STRINGS.UI.ROLES_SCREEN.EXPECTATIONS.FOOD_QUALITY.MEDIUM.NAME"
"UI.ROLES_SCREEN"	"Standard Food"	"普通的食物"	"STRINGS.UI.ROLES_SCREEN.EXPECTATIONS.FOOD_QUALITY.MINOR.NAME"
"UI.ROLES_SCREEN"	"Superb Food"	"超美味的食物"	"STRINGS.UI.ROLES_SCREEN.EXPECTATIONS.FOOD_QUALITY.VERY_HIGH.NAME"
"UI.SANDBOXTOOLS"	"Brush"	"筆刷"	"STRINGS.UI.SANDBOXTOOLS.SETTINGS.BRUSH.NAME"
"UI.SANDBOXTOOLS"	"Noise B"	"雜訊 B"	"STRINGS.UI.SANDBOXTOOLS.SETTINGS.BRUSH_NOISE_DENSITY.NAME"
"UI.SANDBOXTOOLS"	"Noise A"	"雜訊 A"	"STRINGS.UI.SANDBOXTOOLS.SETTINGS.BRUSH_NOISE_SCALE.NAME"
"UI.SANDBOXTOOLS"	"Size"	"大小"	"STRINGS.UI.SANDBOXTOOLS.SETTINGS.BRUSH_SIZE.NAME"
"UI.SANDBOXTOOLS"	"Clear Debris"	"清除雜物"	"STRINGS.UI.SANDBOXTOOLS.SETTINGS.CLEAR_FLOOR.NAME"
"UI.SANDBOXTOOLS"	"Critter Removal"	"移除動物"	"STRINGS.UI.SANDBOXTOOLS.SETTINGS.CRITTER.NAME"
"UI.SANDBOXTOOLS"	"Destroy"	"摧毀"	"STRINGS.UI.SANDBOXTOOLS.SETTINGS.DESTROY.NAME"
"UI.SANDBOXTOOLS"	"Germ"	"病菌"	"STRINGS.UI.SANDBOXTOOLS.SETTINGS.DISEASE.NAME"
"UI.SANDBOXTOOLS"	"Element"	"元素"	"STRINGS.UI.SANDBOXTOOLS.SETTINGS.ELEMENT.NAME"
"UI.SANDBOXTOOLS"	"Fill"	"填滿"	"STRINGS.UI.SANDBOXTOOLS.SETTINGS.FLOOD.NAME"
"UI.SANDBOXTOOLS"	"Reveal"	"除霧"	"STRINGS.UI.SANDBOXTOOLS.SETTINGS.FOW.NAME"
"UI.SANDBOXTOOLS"	"Heat Gun"	"熱槍"	"STRINGS.UI.SANDBOXTOOLS.SETTINGS.HEATGUN.NAME"
"UI.SANDBOXTOOLS"	"Instant build mode ON"	"立即建造模式 [開啟]"	"STRINGS.UI.SANDBOXTOOLS.SETTINGS.INSTANT_BUILD.NAME"
"UI.SANDBOXTOOLS"	"Mass"	"質量"	"STRINGS.UI.SANDBOXTOOLS.SETTINGS.MASS.NAME"
"UI.SANDBOXTOOLS"	"Adjust Morale"	"調整士氣"	"STRINGS.UI.SANDBOXTOOLS.SETTINGS.MORALE.NAME"
"UI.SANDBOXTOOLS"	"Absolute radiation"	"絕對輻射"	"STRINGS.UI.SANDBOXTOOLS.SETTINGS.RADIATION.NAME"
"UI.SANDBOXTOOLS"	"Additive radiation"	"增加輻射"	"STRINGS.UI.SANDBOXTOOLS.SETTINGS.RADIATION_ADDITIVE.NAME"
"UI.SANDBOXTOOLS"	"Radiation Tool"	"輻射工具"	"STRINGS.UI.SANDBOXTOOLS.SETTINGS.RADSTOOL.NAME"
"UI.SANDBOXTOOLS"	"Sample"	"取樣"	"STRINGS.UI.SANDBOXTOOLS.SETTINGS.SAMPLE.NAME"
"UI.SANDBOXTOOLS"	"Spawn"	"生成"	"STRINGS.UI.SANDBOXTOOLS.SETTINGS.SPAWN_ENTITY.NAME"
"UI.SANDBOXTOOLS"	"Spawner"	"生成"	"STRINGS.UI.SANDBOXTOOLS.SETTINGS.SPAWNER.NAME"
"UI.SANDBOXTOOLS"	"Sprinkle"	"噴灑"	"STRINGS.UI.SANDBOXTOOLS.SETTINGS.SPRINKLE.NAME"
"UI.SANDBOXTOOLS"	"Reduce Stress"	"降低壓力"	"STRINGS.UI.SANDBOXTOOLS.SETTINGS.STRESS_ADDITIVE.NAME"
"UI.SCHEDULEBLOCKTYPES"	"Mealtime"	"用餐時間"	"STRINGS.UI.SCHEDULEBLOCKTYPES.EAT.NAME"
"UI.SCHEDULEBLOCKTYPES"	"Work"	"工作"	"STRINGS.UI.SCHEDULEBLOCKTYPES.WORK.NAME"
"UI.SCHEDULEGROUPS"	"Bathtime"	"洗澡時間"	"STRINGS.UI.SCHEDULEGROUPS.HYGENE.NAME"
"UI.SCHEDULEGROUPS"	"Bedtime"	"就寢時間"	"STRINGS.UI.SCHEDULEGROUPS.SLEEP.NAME"
"UI.SPACEARTIFACTS"	"Wrist Watch"	"腕表"	"STRINGS.UI.SPACEARTIFACTS.AMELIASWATCH.NAME"
"UI.SPACEARTIFACTS"	"Bioluminescent Rock"	"生物冷光岩"	"STRINGS.UI.SPACEARTIFACTS.BIOLUMINESCENTROCK.NAME"
"UI.SPACEARTIFACTS"	"Blender"	"攪拌機"	"STRINGS.UI.SPACEARTIFACTS.BLENDER.NAME"
"UI.SPACEARTIFACTS"	"Strange Brick"	"奇怪的磚塊"	"STRINGS.UI.SPACEARTIFACTS.BRICKPHONE.NAME"
"UI.SPACEARTIFACTS"	"Double Helix Model"	"雙螺旋模型"	"STRINGS.UI.SPACEARTIFACTS.DNAMODEL.NAME"
"UI.SPACEARTIFACTS"	"Egg-Shaped Rock"	"蛋型石雕"	"STRINGS.UI.SPACEARTIFACTS.EGGROCK.NAME"
"UI.SPACEARTIFACTS"	"Grubgrub Statue"	"蟲果果蟲雕像"	"STRINGS.UI.SPACEARTIFACTS.GRUBSTATUE.NAME"
"UI.SPACEARTIFACTS"	"Pristine Fossil"	"原始化石"	"STRINGS.UI.SPACEARTIFACTS.HATCHFOSSIL.NAME"
"UI.SPACEARTIFACTS"	"Honey Jar"	"蜂蜜罐"	"STRINGS.UI.SPACEARTIFACTS.HONEYJAR.NAME"
"UI.SPACEARTIFACTS"	"Magma Lamp"	"熔岩燈"	"STRINGS.UI.SPACEARTIFACTS.MAGMALAMP.NAME"
"UI.SPACEARTIFACTS"	"Modern Art"	"現代藝術"	"STRINGS.UI.SPACEARTIFACTS.MODERNART.NAME"
"UI.SPACEARTIFACTS"	"Moldavite"	"莫爾道玻隕石"	"STRINGS.UI.SPACEARTIFACTS.MOLDAVITE.NAME"
"UI.SPACEARTIFACTS"	"Radiation Mood Ring"	"輻射情緒戒指"	"STRINGS.UI.SPACEARTIFACTS.MOODRING.NAME"
"UI.SPACEARTIFACTS"	"Moonmoonmoon"	"月亮月亮月亮"	"STRINGS.UI.SPACEARTIFACTS.MOONMOONMOON.NAME"
"UI.SPACEARTIFACTS"	"Small Obelisk"	"小方尖碑"	"STRINGS.UI.SPACEARTIFACTS.OBELISK.NAME"
"UI.SPACEARTIFACTS"	"Office Mug"	"辦公室馬克杯"	"STRINGS.UI.SPACEARTIFACTS.OFFICEMUG.NAME"
"UI.SPACEARTIFACTS"	"Old X-Ray"	"老舊的 X 光機"	"STRINGS.UI.SPACEARTIFACTS.OKAYXRAY.NAME"
"UI.SPACEARTIFACTS"	"Useless Machine"	"沒用的機器"	"STRINGS.UI.SPACEARTIFACTS.ORACLE.NAME"
"UI.SPACEARTIFACTS"	"Percolator"	"淨水器"	"STRINGS.UI.SPACEARTIFACTS.PACUPERCOLATOR.NAME"
"UI.SPACEARTIFACTS"	"Plasma Lamp"	"等離子立燈"	"STRINGS.UI.SPACEARTIFACTS.PLASMALAMP.NAME"
"UI.SPACEARTIFACTS"	"Model Nuclear Power Plant"	"核能發電廠模型"	"STRINGS.UI.SPACEARTIFACTS.REACTORMODEL.NAME"
"UI.SPACEARTIFACTS"	"Robot Arm"	"機械手臂"	"STRINGS.UI.SPACEARTIFACTS.ROBOTARM.NAME"
"UI.SPACEARTIFACTS"	"Tornado Rock"	"龍捲風石雕"	"STRINGS.UI.SPACEARTIFACTS.ROCKTORNADO.NAME"
"UI.SPACEARTIFACTS"	"Rubik's Cube"	"魔術方塊"	"STRINGS.UI.SPACEARTIFACTS.RUBIKSCUBE.NAME"
"UI.SPACEARTIFACTS"	"Mangled Saxophone"	"損壞的薩克斯風"	"STRINGS.UI.SPACEARTIFACTS.SAXOPHONE.NAME"
"UI.SPACEARTIFACTS"	"Shield Generator"	"護盾產生器"	"STRINGS.UI.SPACEARTIFACTS.SHIELDGENERATOR.NAME"
"UI.SPACEARTIFACTS"	"Self-Contained System"	"自成一體的太陽系"	"STRINGS.UI.SPACEARTIFACTS.SOLARSYSTEM.NAME"
"UI.SPACEARTIFACTS"	"Stethoscope"	"聽筒"	"STRINGS.UI.SPACEARTIFACTS.STETHOSCOPE.NAME"
"UI.SPACEARTIFACTS"	"Encrusted Teapot"	"鑲嵌的茶壺"	"STRINGS.UI.SPACEARTIFACTS.TEAPOT.NAME"
"UI.SPACEARTIFACTS"	"Archaic Tech"	"古代科技"	"STRINGS.UI.SPACEARTIFACTS.VHS.NAME"
"UI.SPACEDESTINATIONS"	"Destroyed Satellite"	"被摧毀的衛星"	"STRINGS.UI.SPACEDESTINATIONS.ARTIFACT_POI.GRAVITASSPACESTATION1.NAME"
"UI.SPACEDESTINATIONS"	"Demolished Rocket"	"廢棄火箭"	"STRINGS.UI.SPACEDESTINATIONS.ARTIFACT_POI.GRAVITASSPACESTATION2.NAME"
"UI.SPACEDESTINATIONS"	"Ruined Rocket"	"火箭殘骸"	"STRINGS.UI.SPACEDESTINATIONS.ARTIFACT_POI.GRAVITASSPACESTATION3.NAME"
"UI.SPACEDESTINATIONS"	"Retired Planetary Excursion Module"	"退役的星球觀光模組"	"STRINGS.UI.SPACEDESTINATIONS.ARTIFACT_POI.GRAVITASSPACESTATION4.NAME"
"UI.SPACEDESTINATIONS"	"Annihilated Satellite"	"被殲滅的衛星"	"STRINGS.UI.SPACEDESTINATIONS.ARTIFACT_POI.GRAVITASSPACESTATION6.NAME"
"UI.SPACEDESTINATIONS"	"Wrecked Space Shuttle"	"失事的太空船"	"STRINGS.UI.SPACEDESTINATIONS.ARTIFACT_POI.GRAVITASSPACESTATION7.NAME"
"UI.SPACEDESTINATIONS"	"Obsolete Space Station Module"	"廢棄的太空站模組"	"STRINGS.UI.SPACEDESTINATIONS.ARTIFACT_POI.GRAVITASSPACESTATION8.NAME"
"UI.SPACEDESTINATIONS"	"Russell's Teapot"	"Russell 的茶壺"	"STRINGS.UI.SPACEDESTINATIONS.ARTIFACT_POI.RUSSELLSTEAPOT.NAME"
"UI.SPACEDESTINATIONS"	"Carbon Asteroid"	"煤炭小行星"	"STRINGS.UI.SPACEDESTINATIONS.ASTEROIDS.CARBONACEOUSASTEROID.NAME"
"UI.SPACEDESTINATIONS"	"Gilded Asteroid"	"黃金小行星"	"STRINGS.UI.SPACEDESTINATIONS.ASTEROIDS.GOLDASTEROID.NAME"
"UI.SPACEDESTINATIONS"	"Metallic Asteroid"	"金屬小行星"	"STRINGS.UI.SPACEDESTINATIONS.ASTEROIDS.METALLICASTEROID.NAME"
"UI.SPACEDESTINATIONS"	"Oily Asteroid"	"原油小行星"	"STRINGS.UI.SPACEDESTINATIONS.ASTEROIDS.OILYASTEROID.NAME"
"UI.SPACEDESTINATIONS"	"Rocky Asteroid"	"岩石小行星"	"STRINGS.UI.SPACEDESTINATIONS.ASTEROIDS.ROCKYASTEROID.NAME"
"UI.SPACEDESTINATIONS"	"Copper Meteor"	"銅流星"	"STRINGS.UI.SPACEDESTINATIONS.CLUSTERMAPMETEORS.COPPER.NAME"
"UI.SPACEDESTINATIONS"	"Iron Meteor"	"鐵流星"	"STRINGS.UI.SPACEDESTINATIONS.CLUSTERMAPMETEORS.IRON.NAME"
"UI.SPACEDESTINATIONS"	"Bleach Stone Meteor Shower"	"漂白石流星雨"	"STRINGS.UI.SPACEDESTINATIONS.CLUSTERMAPMETEORSHOWERS.BLEACHSTONE.NAME"
"UI.SPACEDESTINATIONS"	"Copper Meteor Shower"	"銅流星雨"	"STRINGS.UI.SPACEDESTINATIONS.CLUSTERMAPMETEORSHOWERS.COPPER.NAME"
"UI.SPACEDESTINATIONS"	"Gold Meteor Shower"	"金流星雨"	"STRINGS.UI.SPACEDESTINATIONS.CLUSTERMAPMETEORSHOWERS.GOLD.NAME"
"UI.SPACEDESTINATIONS"	"Dense Dust Meteor Shower"	"密集塵埃流星雨"	"STRINGS.UI.SPACEDESTINATIONS.CLUSTERMAPMETEORSHOWERS.HEAVYDUST.NAME"
"UI.SPACEDESTINATIONS"	"Ice Meteor Shower"	"冰流星雨"	"STRINGS.UI.SPACEDESTINATIONS.CLUSTERMAPMETEORSHOWERS.ICE.NAME"
"UI.SPACEDESTINATIONS"	"Icy Nectar Meteor Shower"	"冰花蜜流星雨"	"STRINGS.UI.SPACEDESTINATIONS.CLUSTERMAPMETEORSHOWERS.ICEANDTREES.NAME"
"UI.SPACEDESTINATIONS"	"Iron Meteor Shower"	"鐵流星雨"	"STRINGS.UI.SPACEDESTINATIONS.CLUSTERMAPMETEORSHOWERS.IRON.NAME"
"UI.SPACEDESTINATIONS"	"Dust Fluff Meteor Shower"	"浮塵流星雨"	"STRINGS.UI.SPACEDESTINATIONS.CLUSTERMAPMETEORSHOWERS.LIGHTDUST.NAME"
"UI.SPACEDESTINATIONS"	"Gassy Mooteor Shower"	"瓦斯牛流星雨"	"STRINGS.UI.SPACEDESTINATIONS.CLUSTERMAPMETEORSHOWERS.MOO.NAME"
"UI.SPACEDESTINATIONS"	"Oxylite Meteor Shower"	"氧石流星雨"	"STRINGS.UI.SPACEDESTINATIONS.CLUSTERMAPMETEORSHOWERS.OXYLITE.NAME"
"UI.SPACEDESTINATIONS"	"Regolith Meteor Shower"	"表土流星雨"	"STRINGS.UI.SPACEDESTINATIONS.CLUSTERMAPMETEORSHOWERS.REGOLITH.NAME"
"UI.SPACEDESTINATIONS"	"Slimy Meteor Shower"	"軟泥流星雨"	"STRINGS.UI.SPACEDESTINATIONS.CLUSTERMAPMETEORSHOWERS.SLIME.NAME"
"UI.SPACEDESTINATIONS"	"Blizzard Meteor Shower"	"雪暴流星雨"	"STRINGS.UI.SPACEDESTINATIONS.CLUSTERMAPMETEORSHOWERS.SNOW.NAME"
"UI.SPACEDESTINATIONS"	"Unidentified Object"	"不明物體"	"STRINGS.UI.SPACEDESTINATIONS.CLUSTERMAPMETEORSHOWERS.UNIDENTIFIED.NAME"
"UI.SPACEDESTINATIONS"	"Uranium Meteor Shower"	"鈾流星雨"	"STRINGS.UI.SPACEDESTINATIONS.CLUSTERMAPMETEORSHOWERS.URANIUM.NAME"
"UI.SPACEDESTINATIONS"	"Algae Meteor"	"綠藻流星"	"STRINGS.UI.SPACEDESTINATIONS.COMETS.ALGAECOMET.NAME"
"UI.SPACEDESTINATIONS"	"Bleach Stone Meteor"	"漂白石流星"	"STRINGS.UI.SPACEDESTINATIONS.COMETS.BLEACHSTONECOMET.NAME"
"UI.SPACEDESTINATIONS"	"Husky Mooteor"	"哈烯奇牛流星"	"STRINGS.UI.SPACEDESTINATIONS.COMETS.DIESELMOOCOMET.NAME"
"UI.SPACEDESTINATIONS"	"Dust Meteor"	"土流星"	"STRINGS.UI.SPACEDESTINATIONS.COMETS.DUSTCOMET.NAME"
"UI.SPACEDESTINATIONS"	"Snack Bomb"	"小吃炸彈"	"STRINGS.UI.SPACEDESTINATIONS.COMETS.FOODCOMET.NAME"
"UI.SPACEDESTINATIONS"	"Fullerene Meteor"	"富勒烯流星"	"STRINGS.UI.SPACEDESTINATIONS.COMETS.FULLERENECOMET.NAME"
"UI.SPACEDESTINATIONS"	"Gassy Mooteor"	"瓦斯牛流星"	"STRINGS.UI.SPACEDESTINATIONS.COMETS.GASSYMOOCOMET.NAME"
"UI.SPACEDESTINATIONS"	"Gold Meteor"	"金流星"	"STRINGS.UI.SPACEDESTINATIONS.COMETS.GOLDCOMET.NAME"
"UI.SPACEDESTINATIONS"	"Ice Meteor"	"冰流星"	"STRINGS.UI.SPACEDESTINATIONS.COMETS.HARDICECOMET.NAME"
"UI.SPACEDESTINATIONS"	"Iridium Meteor"	"銥流星雨"	"STRINGS.UI.SPACEDESTINATIONS.COMETS.IRIDIUMCOMET.NAME"
"UI.SPACEDESTINATIONS"	"Dust Fluff Meteor"	"浮塵流星"	"STRINGS.UI.SPACEDESTINATIONS.COMETS.LIGHTDUSTCOMET.NAME"
"UI.SPACEDESTINATIONS"	"Debris Projectile"	"碎片彈"	"STRINGS.UI.SPACEDESTINATIONS.COMETS.MINICOMET.NAME"
"UI.SPACEDESTINATIONS"	"Radioactive Meteor"	"放射性流星"	"STRINGS.UI.SPACEDESTINATIONS.COMETS.NUCLEAR_WASTE.NAME"
"UI.SPACEDESTINATIONS"	"Oxylite Meteor"	"氧石流星"	"STRINGS.UI.SPACEDESTINATIONS.COMETS.OXYLITECOMET.NAME"
"UI.SPACEDESTINATIONS"	"Phosphoric Meteor"	"磷流星"	"STRINGS.UI.SPACEDESTINATIONS.COMETS.PHOSPHORICCOMET.NAME"
"UI.SPACEDESTINATIONS"	"Rock Meteor"	"岩石流星"	"STRINGS.UI.SPACEDESTINATIONS.COMETS.ROCKCOMET.NAME"
"UI.SPACEDESTINATIONS"	"Defunct Satellite"	"廢棄的衛星"	"STRINGS.UI.SPACEDESTINATIONS.COMETS.SATELLITE.NAME"
"UI.SPACEDESTINATIONS"	"Slime Meteor"	"軟泥流星"	"STRINGS.UI.SPACEDESTINATIONS.COMETS.SLIMECOMET.NAME"
"UI.SPACEDESTINATIONS"	"Snow Meteor"	"雪流星"	"STRINGS.UI.SPACEDESTINATIONS.COMETS.SNOWBALLCOMET.NAME"
"UI.SPACEDESTINATIONS"	"Bonbon Meteor"	"糖心流星"	"STRINGS.UI.SPACEDESTINATIONS.COMETS.SPACETREESEEDCOMET.NAME"
"UI.SPACEDESTINATIONS"	"Uranium Meteor"	"鈾流星"	"STRINGS.UI.SPACEDESTINATIONS.COMETS.URANIUMORECOMET.NAME"
"UI.SPACEDESTINATIONS"	"Satellite"	"衛星"	"STRINGS.UI.SPACEDESTINATIONS.DEBRIS.SATELLITE.NAME"
"UI.SPACEDESTINATIONS"	"Dusty Dwarf"	"土矮星"	"STRINGS.UI.SPACEDESTINATIONS.DWARFPLANETS.DUSTYDWARF.NAME"
"UI.SPACEDESTINATIONS"	"Interstellar Ice"	"星際冰星"	"STRINGS.UI.SPACEDESTINATIONS.DWARFPLANETS.ICYDWARF.NAME"
"UI.SPACEDESTINATIONS"	"Organic Mass"	"有機矮星"	"STRINGS.UI.SPACEDESTINATIONS.DWARFPLANETS.ORGANICDWARF.NAME"
"UI.SPACEDESTINATIONS"	"Red Dwarf"	"紅矮星"	"STRINGS.UI.SPACEDESTINATIONS.DWARFPLANETS.REDDWARF.NAME"
"UI.SPACEDESTINATIONS"	"Salty Dwarf"	"鹽矮星"	"STRINGS.UI.SPACEDESTINATIONS.DWARFPLANETS.SALTDWARF.NAME"
"UI.SPACEDESTINATIONS"	"Empty Space"	"空曠的太空"	"STRINGS.UI.SPACEDESTINATIONS.EMPTY_SPACE.NAME"
"UI.SPACEDESTINATIONS"	"Unexplored Space"	"未探索的太空"	"STRINGS.UI.SPACEDESTINATIONS.FOG_OF_WAR_SPACE.NAME"
"UI.SPACEDESTINATIONS"	"Gas Giant"	"氣體巨行星"	"STRINGS.UI.SPACEDESTINATIONS.GIANTS.GASGIANT.NAME"
"UI.SPACEDESTINATIONS"	"Helium Giant"	"氦氣巨行星"	"STRINGS.UI.SPACEDESTINATIONS.GIANTS.HYDROGENGIANT.NAME"
"UI.SPACEDESTINATIONS"	"Ice Giant"	"冰巨行星"	"STRINGS.UI.SPACEDESTINATIONS.GIANTS.ICEGIANT.NAME"
"UI.SPACEDESTINATIONS"	"Carbon Asteroid Field"	"碳精小行星礦場"	"STRINGS.UI.SPACEDESTINATIONS.HARVESTABLE_POI.CARBONASTEROIDFIELD.NAME"
"UI.SPACEDESTINATIONS"	"Chlorine Cloud"	"氯星雲"	"STRINGS.UI.SPACEDESTINATIONS.HARVESTABLE_POI.CHLORINECLOUD.NAME"
"UI.SPACEDESTINATIONS"	"Frozen Cinnabar Asteroid Field"	"結凍辰砂星礦場"	"STRINGS.UI.SPACEDESTINATIONS.HARVESTABLE_POI.DLC2CERESFIELD.NAME"
"UI.SPACEDESTINATIONS"	"Frozen Mercury Asteroid Field"	"凍汞小行星礦場"	"STRINGS.UI.SPACEDESTINATIONS.HARVESTABLE_POI.DLC2CERESOREFIELD.NAME"
"UI.SPACEDESTINATIONS"	"Demolior Debris"	"毀神星碎片"	"STRINGS.UI.SPACEDESTINATIONS.HARVESTABLE_POI.DLC4IMPACTORDEBRISFIELD1.NAME"
"UI.SPACEDESTINATIONS"	"Liquid Demolior Debris"	"液體毀神星碎片"	"STRINGS.UI.SPACEDESTINATIONS.HARVESTABLE_POI.DLC4IMPACTORDEBRISFIELD2.NAME"
"UI.SPACEDESTINATIONS"	"Molten Demolior Debris"	"熔融毀神星碎片"	"STRINGS.UI.SPACEDESTINATIONS.HARVESTABLE_POI.DLC4IMPACTORDEBRISFIELD3.NAME"
"UI.SPACEDESTINATIONS"	"Conductive Ore Field"	"導電礦場"	"STRINGS.UI.SPACEDESTINATIONS.HARVESTABLE_POI.DLC4PREHISTORICMIXINGFIELD.NAME"
"UI.SPACEDESTINATIONS"	"Amber Field"	"琥珀礦場"	"STRINGS.UI.SPACEDESTINATIONS.HARVESTABLE_POI.DLC4PREHISTORICOREFIELD.NAME"
"UI.SPACEDESTINATIONS"	"Forested Ore Field"	"森林礦場"	"STRINGS.UI.SPACEDESTINATIONS.HARVESTABLE_POI.FORESTYOREFIELD.NAME"
"UI.SPACEDESTINATIONS"	"Frozen Ore Asteroid Field"	"冰凍小行星礦場"	"STRINGS.UI.SPACEDESTINATIONS.HARVESTABLE_POI.FROZENOREFIELD.NAME"
"UI.SPACEDESTINATIONS"	"Exploded Gas Giant"	"爆炸巨大星雲"	"STRINGS.UI.SPACEDESTINATIONS.HARVESTABLE_POI.GASGIANTCLOUD.NAME"
"UI.SPACEDESTINATIONS"	"Gilded Asteroid Field"	"鍍金小行星礦場"	"STRINGS.UI.SPACEDESTINATIONS.HARVESTABLE_POI.GILDEDASTEROIDFIELD.NAME"
"UI.SPACEDESTINATIONS"	"Glimmering Asteroid Field"	"微光小行星礦場"	"STRINGS.UI.SPACEDESTINATIONS.HARVESTABLE_POI.GLIMMERINGASTEROIDFIELD.NAME"
"UI.SPACEDESTINATIONS"	"Helium Cloud"	"氦星雲"	"STRINGS.UI.SPACEDESTINATIONS.HARVESTABLE_POI.HELIUMCLOUD.NAME"
"UI.SPACEDESTINATIONS"	"Exploded Ice Giant"	"碎裂冰巨星"	"STRINGS.UI.SPACEDESTINATIONS.HARVESTABLE_POI.ICEASTEROIDFIELD.NAME"
"UI.SPACEDESTINATIONS"	"Ice Asteroid Field"	"冰原小行星礦場"	"STRINGS.UI.SPACEDESTINATIONS.HARVESTABLE_POI.INTERSTELLARICEFIELD.NAME"
"UI.SPACEDESTINATIONS"	"Interstellar Ocean"	"星際海洋"	"STRINGS.UI.SPACEDESTINATIONS.HARVESTABLE_POI.INTERSTELLAROCEAN.NAME"
"UI.SPACEDESTINATIONS"	"Metallic Asteroid Field"	"金屬小行星礦場"	"STRINGS.UI.SPACEDESTINATIONS.HARVESTABLE_POI.METALLICASTEROIDFIELD.NAME"
"UI.SPACEDESTINATIONS"	"Oily Asteroid Field"	"原油小行星礦場"	"STRINGS.UI.SPACEDESTINATIONS.HARVESTABLE_POI.OILYASTEROIDFIELD.NAME"
"UI.SPACEDESTINATIONS"	"Organic Mass Field"	"有機物礦場"	"STRINGS.UI.SPACEDESTINATIONS.HARVESTABLE_POI.ORGANICMASSFIELD.NAME"
"UI.SPACEDESTINATIONS"	"Oxidized Asteroid Field"	"氧化小行星礦場"	"STRINGS.UI.SPACEDESTINATIONS.HARVESTABLE_POI.OXIDIZEDASTEROIDFIELD.NAME"
"UI.SPACEDESTINATIONS"	"Oxygen Rich Asteroid Field"	"富氧小行星礦場"	"STRINGS.UI.SPACEDESTINATIONS.HARVESTABLE_POI.OXYGENRICHASTEROIDFIELD.NAME"
"UI.SPACEDESTINATIONS"	"Radioactive Asteroid Field"	"輻射小行星礦場"	"STRINGS.UI.SPACEDESTINATIONS.HARVESTABLE_POI.RADIOACTIVEASTEROIDFIELD.NAME"
"UI.SPACEDESTINATIONS"	"Radioactive Gas Cloud"	"輻射氣體星雲"	"STRINGS.UI.SPACEDESTINATIONS.HARVESTABLE_POI.RADIOACTIVEGASCLOUD.NAME"
"UI.SPACEDESTINATIONS"	"Rocky Asteroid Field"	"岩石小行星礦場"	"STRINGS.UI.SPACEDESTINATIONS.HARVESTABLE_POI.ROCKYASTEROIDFIELD.NAME"
"UI.SPACEDESTINATIONS"	"Salty Asteroid Field"	"鹽鹽小行星礦場"	"STRINGS.UI.SPACEDESTINATIONS.HARVESTABLE_POI.SALTYASTEROIDFIELD.NAME"
"UI.SPACEDESTINATIONS"	"Sandy Ore Field"	"沙沙礦場"	"STRINGS.UI.SPACEDESTINATIONS.HARVESTABLE_POI.SANDYOREFIELD.NAME"
"UI.SPACEDESTINATIONS"	"Space Debris"	"太空垃圾"	"STRINGS.UI.SPACEDESTINATIONS.HARVESTABLE_POI.SATELLITEFIELD.NAME"
"UI.SPACEDESTINATIONS"	"Swampy Ore Field"	"沼澤礦場"	"STRINGS.UI.SPACEDESTINATIONS.HARVESTABLE_POI.SWAMPYOREFIELD.NAME"
"UI.SPACEDESTINATIONS"	"Unselected"	"未選擇"	"STRINGS.UI.SPACEDESTINATIONS.NONE.NAME"
"UI.SPACEDESTINATIONS"	"Chlorine Planet"	"氯氣星球"	"STRINGS.UI.SPACEDESTINATIONS.PLANETS.CHLORINEPLANET.NAME"
"UI.SPACEDESTINATIONS"	"Prehistoric Ore Field"	"史前礦場"	"STRINGS.UI.SPACEDESTINATIONS.PLANETS.DLC4PREHISTORICSPACEDESTINATION.NAME"
"UI.SPACEDESTINATIONS"	"Living Planet"	"森林星球"	"STRINGS.UI.SPACEDESTINATIONS.PLANETS.FORESTPLANET.NAME"
"UI.SPACEDESTINATIONS"	"Oxidized Asteroid"	"氧化小行星"	"STRINGS.UI.SPACEDESTINATIONS.PLANETS.RUSTPLANET.NAME"
"UI.SPACEDESTINATIONS"	"Arid Planet"	"乾枯星球"	"STRINGS.UI.SPACEDESTINATIONS.PLANETS.SALTDESERTPLANET.NAME"
"UI.SPACEDESTINATIONS"	"Shattered Planet"	"破碎星球"	"STRINGS.UI.SPACEDESTINATIONS.PLANETS.SHATTEREDPLANET.NAME"
"UI.SPACEDESTINATIONS"	"Glimmering Planet"	"閃爍星球"	"STRINGS.UI.SPACEDESTINATIONS.PLANETS.SHINYPLANET.NAME"
"UI.SPACEDESTINATIONS"	"Terrestrial Planet"	"陸地星球"	"STRINGS.UI.SPACEDESTINATIONS.PLANETS.TERRAPLANET.NAME"
"UI.SPACEDESTINATIONS"	"Volcanic Planet"	"火山星球"	"STRINGS.UI.SPACEDESTINATIONS.PLANETS.VOLCANOPLANET.NAME"
"UI.SPACEDESTINATIONS"	"Alluring Anomaly"	"吸引人的異常現象"	"STRINGS.UI.SPACEDESTINATIONS.RESEARCHDESTINATION.NAME"
"UI.SPACEDESTINATIONS"	"Telescope Target"	"望遠鏡目標"	"STRINGS.UI.SPACEDESTINATIONS.TELESCOPE_TARGET.NAME"
"UI.SPACEDESTINATIONS"	"Temporal Tear"	"時空裂縫"	"STRINGS.UI.SPACEDESTINATIONS.WORMHOLE.NAME"
"UI.STARMAP"	"Emptied Cargo Bay"	"已淨空的貨艙"	"STRINGS.UI.STARMAP.CARGOEMPTY.NAME"
"UI.STARMAP"	"Oxidizer Tank not full"	"氧化劑艙未滿"	"STRINGS.UI.STARMAP.EMPTYOXIDIZERTANK.NAME"
"UI.STARMAP"	"Fuel Tank not full"	"燃料艙未滿"	"STRINGS.UI.STARMAP.EMPTYTANK.NAME"
"UI.STARMAP"	"Oxidizer Tank full"	"氧化劑艙已滿"	"STRINGS.UI.STARMAP.FULLOXIDIZERTANK.NAME"
"UI.STARMAP"	"Fuel Tank full"	"燃料艙已滿"	"STRINGS.UI.STARMAP.FULLTANK.NAME"
"UI.STARMAP"	"Food Loaded"	"食物已裝載"	"STRINGS.UI.STARMAP.HASFOOD.NAME"
"UI.STARMAP"	"Has Atmo Suit"	"有太空衣"	"STRINGS.UI.STARMAP.HASSUIT.NAME"
"UI.STARMAP"	"Insufficient Food"	"食物儲備不足"	"STRINGS.UI.STARMAP.NOFOOD.NAME"
"UI.STARMAP"	"Missing Atmo Suit"	"缺少太空衣"	"STRINGS.UI.STARMAP.NOSUIT.NAME"
"UI.TEMPORARY_ACTIONS"	"Camera: Return"	"鏡頭：返回"	"STRINGS.UI.TEMPORARY_ACTIONS.CAMERA_RETURN.NAME"
"UI.TOOLS"	"Build {0}"	"建造{0}"	"STRINGS.UI.TOOLS.BUILD.NAME"
"UI.TOOLS"	"Cancel"	"取消"	"STRINGS.UI.TOOLS.CANCEL.NAME"
"UI.TOOLS"	"Clean"	"清理"	"STRINGS.UI.TOOLS.CLEANUPCATEGORY.NAME"
"UI.TOOLS"	"Paste Settings"	"貼上設定"	"STRINGS.UI.TOOLS.COPYSETTINGS.NAME"
"UI.TOOLS"	"Disconnect"	"拆斷"	"STRINGS.UI.TOOLS.DISCONNECT.NAME"
"UI.TOOLS"	"Absolute Temperature"	"絕對溫度"	"STRINGS.UI.TOOLS.FILTERLAYERS.ABSOLUTETEMPERATURE.NAME"
"UI.TOOLS"	"Adapt. Temperature"	"適應溫度"	"STRINGS.UI.TOOLS.FILTERLAYERS.ADAPTIVETEMPERATURE.NAME"
"UI.TOOLS"	"Background Buildings"	"背景建築"	"STRINGS.UI.TOOLS.FILTERLAYERS.BACKWALL.NAME"
"UI.TOOLS"	"Breathable Gas"	"可呼吸的氣體"	"STRINGS.UI.TOOLS.FILTERLAYERS.BREATHABLE.NAME"
"UI.TOOLS"	"Mineral"	"礦物"	"STRINGS.UI.TOOLS.FILTERLAYERS.BUILDABLE.NAME"
"UI.TOOLS"	"Buildings"	"建築"	"STRINGS.UI.TOOLS.FILTERLAYERS.BUILDINGS.NAME"
"UI.TOOLS"	"Sweep & Mop Orders"	"清掃和擦拭命令"	"STRINGS.UI.TOOLS.FILTERLAYERS.CLEANANDCLEAR.NAME"
"UI.TOOLS"	"Consumable Ore"	"消耗性礦石"	"STRINGS.UI.TOOLS.FILTERLAYERS.CONSUMABLEORE.NAME"
"UI.TOOLS"	"Dig Orders"	"挖掘命令"	"STRINGS.UI.TOOLS.FILTERLAYERS.DIGPLACER.NAME"
"UI.TOOLS"	"Disable Harvest"	"停用收成"	"STRINGS.UI.TOOLS.FILTERLAYERS.DO_NOT_HARVEST.NAME"
"UI.TOOLS"	"Cultivable Soil"	"可耕種土壤"	"STRINGS.UI.TOOLS.FILTERLAYERS.FARMABLE.NAME"
"UI.TOOLS"	"Filtration Medium"	"過濾介質"	"STRINGS.UI.TOOLS.FILTERLAYERS.FILTER.NAME"
"UI.TOOLS"	"Gas"	"氣體"	"STRINGS.UI.TOOLS.FILTERLAYERS.GAS.NAME"
"UI.TOOLS"	"Gas Pipes"	"氣體管道"	"STRINGS.UI.TOOLS.FILTERLAYERS.GASPIPES.NAME"
"UI.TOOLS"	"Enable Harvest"	"啟用收成"	"STRINGS.UI.TOOLS.FILTERLAYERS.HARVEST_WHEN_READY.NAME"
"UI.TOOLS"	"Thermal Tolerance"	"熱容忍度"	"STRINGS.UI.TOOLS.FILTERLAYERS.HEATFLOW.NAME"
"UI.TOOLS"	"Liquid"	"液體"	"STRINGS.UI.TOOLS.FILTERLAYERS.LIQUID.NAME"
"UI.TOOLS"	"Liquid Pipes"	"液體管道"	"STRINGS.UI.TOOLS.FILTERLAYERS.LIQUIDPIPES.NAME"
"UI.TOOLS"	"Liquefiable"	"會融化"	"STRINGS.UI.TOOLS.FILTERLAYERS.LIQUIFIABLE.NAME"
"UI.TOOLS"	"Metal"	"金屬"	"STRINGS.UI.TOOLS.FILTERLAYERS.METAL.NAME"
"UI.TOOLS"	"Miscellaneous"	"雜項"	"STRINGS.UI.TOOLS.FILTERLAYERS.MISC.NAME"
"UI.TOOLS"	"Duties"	"操作"	"STRINGS.UI.TOOLS.FILTERLAYERS.OPERATE.NAME"
"UI.TOOLS"	"Conveyor Rails"	"運輸軌道"	"STRINGS.UI.TOOLS.FILTERLAYERS.SOLIDCONDUITS.NAME"
"UI.TOOLS"	"State Change"	"物態變化"	"STRINGS.UI.TOOLS.FILTERLAYERS.STATECHANGE.NAME"
"UI.TOOLS"	"Tiles"	"磚塊"	"STRINGS.UI.TOOLS.FILTERLAYERS.TILES.NAME"
"UI.TOOLS"	"Unbreathable Gas"	"不可呼吸的氣體"	"STRINGS.UI.TOOLS.FILTERLAYERS.UNBREATHABLE.NAME"
"UI.TOOLS"	"Power Wires"	"電線"	"STRINGS.UI.TOOLS.FILTERLAYERS.WIRES.NAME"
"UI.TOOLS"	"Place {0}"	"放置 {0}"	"STRINGS.UI.TOOLS.PLACE.NAME"
"UI.TOOLS"	"Priority"	"次優先"	"STRINGS.UI.TOOLS.PRIORITIESCATEGORY.NAME"
"UI.TOOLS"	"Clear Floor"	"清除地面"	"STRINGS.UI.TOOLS.SANDBOX.CLEAR_FLOOR.NAME"
"UI.TOOLS"	"Marquee"	"遮罩"	"STRINGS.UI.TOOLS.SANDBOX.MARQUEE.NAME"
"UI.TOOLS"	"Story Trait"	"故事特質"	"STRINGS.UI.TOOLS.SANDBOX.SPAWN_STORY_TRAIT.NAME"
"UI.TOOLS"	"Happy Tool"	"快樂工具"	"STRINGS.UI.TOOLS.SANDBOX.STRESSTOOL.NAME"
"UI.UISIDESCREENS"	"Breaktime Policy"	"休息時間政策"	"STRINGS.UI.UISIDESCREENS.ACTIVATION_RANGE_SIDE_SCREEN.NAME"
"UI.UISIDESCREENS"	"Name:"	"名稱："	"STRINGS.UI.UISIDESCREENS.LOGICALARMSIDESCREEN.NAME"
"UI.UISIDESCREENS"	"Select notification text"	"選擇通知文字"	"STRINGS.UI.UISIDESCREENS.LOGICALARMSIDESCREEN.TOOLTIPS.NAME"
"UI.USERMENUACTIONS"	"Disable Autoharvest"	"停用自動收成"	"STRINGS.UI.USERMENUACTIONS.CANCEL_HARVEST_WHEN_READY.NAME"
"UI.USERMENUACTIONS"	"Cancel Attack"	"取消攻擊"	"STRINGS.UI.USERMENUACTIONS.CANCELATTACK.NAME"
"UI.USERMENUACTIONS"	"Cancel Wrangle"	"取消捕捉"	"STRINGS.UI.USERMENUACTIONS.CANCELCAPTURE.NAME"
"UI.USERMENUACTIONS"	"Cancel Carve"	"取消雕刻"	"STRINGS.UI.USERMENUACTIONS.CANCELCARVE.NAME"
"UI.USERMENUACTIONS"	"Cancel Clean"	"取消清理"	"STRINGS.UI.USERMENUACTIONS.CANCELCLEANTOILET.NAME"
"UI.USERMENUACTIONS"	"Cancel Build"	"取消建造"	"STRINGS.UI.USERMENUACTIONS.CANCELCONSTRUCTION.NAME"
"UI.USERMENUACTIONS"	"Cancel Dig"	"取消挖掘"	"STRINGS.UI.USERMENUACTIONS.CANCELDIG.NAME"
"UI.USERMENUACTIONS"	"Cancel Harvest"	"取消收成"	"STRINGS.UI.USERMENUACTIONS.CANCELHARVEST.NAME"
"UI.USERMENUACTIONS"	"Cancel Mop"	"取消擦地"	"STRINGS.UI.USERMENUACTIONS.CANCELMOP.NAME"
"UI.USERMENUACTIONS"	"Disable Smooth Ride"	"停用旅行加速"	"STRINGS.UI.USERMENUACTIONS.CANCELTRANSITTUBEWAX.NAME"
"UI.USERMENUACTIONS"	"Cancel Uproot"	"取消剷除"	"STRINGS.UI.USERMENUACTIONS.CANCELUPROOT.NAME"
"UI.USERMENUACTIONS"	"Carve"	"雕刻"	"STRINGS.UI.USERMENUACTIONS.CARVE.NAME"
"UI.USERMENUACTIONS"	"Clean Toilet"	"清潔廁所"	"STRINGS.UI.USERMENUACTIONS.CLEANTOILET.NAME"
"UI.USERMENUACTIONS"	"Close Storage"	"關閉儲存"	"STRINGS.UI.USERMENUACTIONS.CLOSESTORAGE.NAME"
"UI.USERMENUACTIONS"	"Copy Settings"	"複製設定"	"STRINGS.UI.USERMENUACTIONS.COPY_BUILDING_SETTINGS.NAME"
"UI.USERMENUACTIONS"	"Show Navigation"	"顯示路徑"	"STRINGS.UI.USERMENUACTIONS.DRAWPATHS.NAME"
"UI.USERMENUACTIONS"	"Enable Autoharvest"	"啟用自動收成"	"STRINGS.UI.USERMENUACTIONS.EMPTYBEEHIVE.NAME"
"UI.USERMENUACTIONS"	"Disable Building"	"停用建築"	"STRINGS.UI.USERMENUACTIONS.ENABLEBUILDING.NAME"
"UI.USERMENUACTIONS"	"Follow Cam"	"跟隨鏡頭"	"STRINGS.UI.USERMENUACTIONS.FOLLOWCAM.NAME"
"UI.USERMENUACTIONS"	"Disable Delivery"	"停止運用"	"STRINGS.UI.USERMENUACTIONS.MANUAL_DELIVERY.NAME"
"UI.USERMENUACTIONS"	"Enable Auto-Bottle"	"啟用自動裝瓶"	"STRINGS.UI.USERMENUACTIONS.MANUAL_PUMP_DELIVERY.ALLOWED.NAME"
"UI.USERMENUACTIONS"	"Disable Auto-Bottle"	"停用自動裝瓶"	"STRINGS.UI.USERMENUACTIONS.MANUAL_PUMP_DELIVERY.DENIED.NAME"
"UI.USERMENUACTIONS"	"Unlock Portal"	"解鎖傳送通道"	"STRINGS.UI.USERMENUACTIONS.OPEN_TECHUNLOCKS.NAME"
"UI.USERMENUACTIONS"	"Rummage"	"尋找"	"STRINGS.UI.USERMENUACTIONS.OPENPOI.NAME"
"UI.USERMENUACTIONS"	"Relocate To"	"移至"	"STRINGS.UI.USERMENUACTIONS.PICKUPABLEMOVE.NAME"
"UI.USERMENUACTIONS"	"Quarantine"	"隔離"	"STRINGS.UI.USERMENUACTIONS.QUARANTINE.NAME"
"UI.USERMENUACTIONS"	"Inspect"	"檢查"	"STRINGS.UI.USERMENUACTIONS.READLORE.NAME"
"UI.USERMENUACTIONS"	"Empty Building"	"清空建築物"	"STRINGS.UI.USERMENUACTIONS.RELEASEELEMENT.NAME"
"UI.USERMENUACTIONS"	"Select Research"	"選擇研究"	"STRINGS.UI.USERMENUACTIONS.SELECTRESEARCH.NAME"
"UI.USERMENUACTIONS"	"Clearance: Always"	"通過：總是"	"STRINGS.UI.USERMENUACTIONS.SUIT_MARKER_TRAVERSAL.ALWAYS.NAME"
"UI.USERMENUACTIONS"	"Clearance: Vacancy"	"通過：有空位時"	"STRINGS.UI.USERMENUACTIONS.SUIT_MARKER_TRAVERSAL.ONLY_WHEN_ROOM_AVAILABLE.NAME"
"UI.USERMENUACTIONS"	"Filter Settings"	"篩選設定"	"STRINGS.UI.USERMENUACTIONS.TAGFILTER.NAME"
"UI.USERMENUACTIONS"	"Enable Smooth Ride"	"啟用旅行加速"	"STRINGS.UI.USERMENUACTIONS.TRANSITTUBEWAX.NAME"
"UI.USERMENUACTIONS"	"Unequip {0}"	"解除裝備{0}"	"STRINGS.UI.USERMENUACTIONS.UNEQUIP.NAME"
"UI.USERMENUACTIONS"	"Set Direction: Both"	"設定方向：雙向"	"STRINGS.UI.USERMENUACTIONS.WORKABLE_DIRECTION_BOTH.NAME"
"UI.USERMENUACTIONS"	"Set Direction: Left"	"指定方向：左"	"STRINGS.UI.USERMENUACTIONS.WORKABLE_DIRECTION_LEFT.NAME"
"UI.USERMENUACTIONS"	"Set Direction: Right"	"指定方向：右"	"STRINGS.UI.USERMENUACTIONS.WORKABLE_DIRECTION_RIGHT.NAME"
"UI.VANILLA"	"Base Game"	"基礎遊戲"	"STRINGS.UI.VANILLA.NAME"
"WORLD_TRAITS"	"Large Boulders"	"大型巨石"	"STRINGS.WORLD_TRAITS.BOULDERS_LARGE.NAME"
"WORLD_TRAITS"	"Medium Boulders"	"中型巨石"	"STRINGS.WORLD_TRAITS.BOULDERS_MEDIUM.NAME"
"WORLD_TRAITS"	"Mixed Boulders"	"混合巨石"	"STRINGS.WORLD_TRAITS.BOULDERS_MIXED.NAME"
"WORLD_TRAITS"	"Small Boulders"	"小型巨石"	"STRINGS.WORLD_TRAITS.BOULDERS_SMALL.NAME"
"WORLD_TRAITS"	"Crashed Satellites"	"墜毀的衛星"	"STRINGS.WORLD_TRAITS.CRASHED_SATELLITES.NAME"
"WORLD_TRAITS"	"Trapped Oil"	"蘊藏原油"	"STRINGS.WORLD_TRAITS.DEEP_OIL.NAME"
"WORLD_TRAITS"	"Frozen Friend"	"冰凍的朋友"	"STRINGS.WORLD_TRAITS.DISTRESS_SIGNAL.NAME"
"WORLD_TRAITS"	"Frozen Core"	"冰凍核心"	"STRINGS.WORLD_TRAITS.FROZEN_CORE.NAME"
"WORLD_TRAITS"	"Geoactive"	"地質活躍"	"STRINGS.WORLD_TRAITS.GEOACTIVE.NAME"
"WORLD_TRAITS"	"Geodes"	"礦藏豐富"	"STRINGS.WORLD_TRAITS.GEODES.NAME"
"WORLD_TRAITS"	"Geodormant"	"地質休眠"	"STRINGS.WORLD_TRAITS.GEODORMANT.NAME"
"WORLD_TRAITS"	"Large Glaciers"	"大型冰川"	"STRINGS.WORLD_TRAITS.GLACIERS_LARGE.NAME"
"WORLD_TRAITS"	"Irregular Oil"	"原油藏量不一"	"STRINGS.WORLD_TRAITS.IRREGULAR_OIL.NAME"
"WORLD_TRAITS"	"Lush Core"	"茂密核心"	"STRINGS.WORLD_TRAITS.LUSH_CORE.NAME"
"WORLD_TRAITS"	"Magma Channels"	"岩漿通道"	"STRINGS.WORLD_TRAITS.MAGMA_VENTS.NAME"
"WORLD_TRAITS"	"Metallic Caves"	"金屬礦洞"	"STRINGS.WORLD_TRAITS.METAL_CAVES.NAME"
"WORLD_TRAITS"	"Metal Poor"	"金屬藏量稀少"	"STRINGS.WORLD_TRAITS.METAL_POOR.NAME"
"WORLD_TRAITS"	"Metal Rich"	"金屬藏量豐富"	"STRINGS.WORLD_TRAITS.METAL_RICH.NAME"
"WORLD_TRAITS"	"Alternate Pod Location"	"列印原點偏移"	"STRINGS.WORLD_TRAITS.MISALIGNED_START.NAME"
"WORLD_TRAITS"	"This world is stable and has no unusual features."	"此世界很穩定且沒異常特色。"	"STRINGS.WORLD_TRAITS.NO_TRAITS.NAME"
"WORLD_TRAITS"	"Radioactive Crust"	"放射性地殼"	"STRINGS.WORLD_TRAITS.RADIOACTIVE_CRUST.NAME"
"WORLD_TRAITS"	"Slime Molds"	"軟泥遍佈"	"STRINGS.WORLD_TRAITS.SLIME_SPLATS.NAME"
"WORLD_TRAITS"	"Subsurface Ocean"	"地下洋流"	"STRINGS.WORLD_TRAITS.SUBSURFACE_OCEAN.NAME"
"WORLD_TRAITS"	"Volcanic Activity"	"火山活動"	"STRINGS.WORLD_TRAITS.VOLCANOES.NAME"
"WORLDS"	"The Badlands"	"惡地行星"	"STRINGS.WORLDS.BADLANDS.NAME"
"WORLDS"	"Big Empty FOR DEVS"	"大型空洞，開發人員用"	"STRINGS.WORLDS.BIGEMPTY.NAME"
"WORLDS"	"Ceres Asteroid"	"穀神小行星"	"STRINGS.WORLDS.CERESCLASSIC.NAME"
"WORLDS"	"Ceres Fragment"	"穀神星碎片"	"STRINGS.WORLDS.CERESMIXING.NAME"
"WORLDS"	"Ceres Minor"	"小穀神星"	"STRINGS.WORLDS.CERESSPACEDOUT.NAME"
"WORLDS"	"Arboria"	"喬木行星"	"STRINGS.WORLDS.FOREST_DEFAULT.NAME"
"WORLDS"	"Aridio"	"熱帶森林行星"	"STRINGS.WORLDS.FOREST_HOT.NAME"
"WORLDS"	"Verdante"	"森林行星"	"STRINGS.WORLDS.FOREST_LUSH.NAME"
"WORLDS"	"Folia Asteroid"	"森林小行星"	"STRINGS.WORLDS.FORESTMOONLET.NAME"
"WORLDS"	"Helicona"	"繆斯冰星"	"STRINGS.WORLDS.HELICONA.NAME"
"WORLDS"	"Irradiated Forest Asteroid"	"受輻森林小行星"	"STRINGS.WORLDS.IDEALLANDINGSITE.NAME"
"WORLDS"	"Marshy Asteroid"	"草澤小行星"	"STRINGS.WORLDS.MARSHYMOONLET.NAME"
"WORLDS"	"Radioactive Forest Asteroid"	"放射森林小行星"	"STRINGS.WORLDS.MEDIUMFORESTYRADIOACTIVEVANILLAWARPPLANET.NAME"
"WORLDS"	"Glowood Wasteland Asteroid"	"森林荒地小行星"	"STRINGS.WORLDS.MEDIUMFORESTYWASTELAND.NAME"
"WORLDS"	"Radioactive Swamp Asteroid"	"輻射沼澤小行星"	"STRINGS.WORLDS.MEDIUMRADIOACTIVEVANILLAWARPPLANET.NAME"
"WORLDS"	"Radioactive Terra Asteroid"	"輻射類地小行星"	"STRINGS.WORLDS.MEDIUMSANDYRADIOACTIVEVANILLAWARPPLANET.NAME"
"WORLDS"	"Radioactive Terrabog Asteroid"	"輻射泥沼小行星"	"STRINGS.WORLDS.MEDIUMSANDYSWAMP.NAME"
"WORLDS"	"Stinko Swamp Asteroid"	"臭臭沼澤小行星"	"STRINGS.WORLDS.MEDIUMSWAMPY.NAME"
"WORLDS"	"Irradiated Marsh Asteroid"	"輻射草澤小行星"	"STRINGS.WORLDS.METALHEAVYLANDINGSITE.NAME"
"WORLDS"	"The Desolands Asteroid"	"荒涼小行星"	"STRINGS.WORLDS.MINIBADLANDS.NAME"
"WORLDS"	"Flipped Asteroid"	"顛倒小行星"	"STRINGS.WORLDS.MINIFLIPPED.NAME"
"WORLDS"	"Frozen Forest Asteroid"	"冰凍森林小行星"	"STRINGS.WORLDS.MINIFORESTFROZEN.NAME"
"WORLDS"	"Metallic Swampy Asteroid"	"金屬沼澤小行星"	"STRINGS.WORLDS.MINIMETALLICSWAMPY.NAME"
"WORLDS"	"Radioactive Ocean Asteroid"	"輻射海洋小行星"	"STRINGS.WORLDS.MINIRADIOACTIVEOCEAN.NAME"
"WORLDS"	"Ceres Core Asteroid"	"穀神星核心小行星"	"STRINGS.WORLDS.MINISHATTEREDGEO.NAME"
"WORLDS"	"Ceres Mantle Asteroid"	"穀神星地幔小行星"	"STRINGS.WORLDS.MINISHATTEREDSTART.NAME"
"WORLDS"	"Sweet Ceres Asteroid"	"甜蜜穀神小行星"	"STRINGS.WORLDS.MINISHATTEREDWARP.NAME"
"WORLDS"	"Moo Asteroid"	"牛牛小行星"	"STRINGS.WORLDS.MOOMOONLET.NAME"
"WORLDS"	"Barren Moon"	"荒蕪衛星"	"STRINGS.WORLDS.MOON_BARREN.NAME"
"WORLDS"	"Superconductive Asteroid"	"超導小行星"	"STRINGS.WORLDS.NIOBIUMMOONLET.NAME"
"WORLDS"	"Oasisse"	"綠洲行星"	"STRINGS.WORLDS.OASIS.NAME"
"WORLDS"	"Oceania"	"海洋行星"	"STRINGS.WORLDS.OCEANIA.NAME"
"WORLDS"	"Rusty Oil Asteroid"	"鐵鏽原油小行星"	"STRINGS.WORLDS.OILRICHWARPTARGET.NAME"
"WORLDS"	"Viscosia Asteroid"	"原油小行星"	"STRINGS.WORLDS.OILYMOONLET.NAME"
"WORLDS"	"Relica Asteroid"	"遺物小行星"	"STRINGS.WORLDS.PREHISTORICCLASSIC.NAME"
"WORLDS"	"Relica Fragment"	"遺物星碎片"	"STRINGS.WORLDS.PREHISTORICMIXING.NAME"
"WORLDS"	"RelicAAAAAAAGHH"	"遺物阿阿阿阿ㄚㄚㄚ～～"	"STRINGS.WORLDS.PREHISTORICSHATTERED.NAME"
"WORLDS"	"Relica Minor"	"小遺物星"	"STRINGS.WORLDS.PREHISTORICSPACEDOUT.NAME"
"WORLDS"	"Regolith Asteroid"	"風化小行星"	"STRINGS.WORLDS.REGOLITHMOONLET.NAME"
"WORLDS"	"Terra"	"類地行星"	"STRINGS.WORLDS.SANDSTONE_DEFAULT.NAME"
"WORLDS"	"Rime"	"冰霜行星"	"STRINGS.WORLDS.SANDSTONE_FROZEN.NAME"
"WORLDS"	"Skewed Asteroid"	"歪斜小行星"	"STRINGS.WORLDS.STRANGE_ASTEROID_KF23.NAME"
"WORLDS"	"Brimstonia Asteroid"	"硫磺小行星"	"STRINGS.WORLDS.SULFURMOONLET.NAME"
"WORLDS"	"Quagmiris Asteroid"	"沼澤小行星"	"STRINGS.WORLDS.SWAMPMOONLET.NAME"
"WORLDS"	"Irradiated Swampy Asteroid"	"輻射沼澤小行星"	"STRINGS.WORLDS.SWAMPYLANDINGSITE.NAME"
"WORLDS"	"Terrania Asteroid"	"類地小行星"	"STRINGS.WORLDS.TERRAMOONLET.NAME"
"WORLDS"	"The Rock"	"起始塊石頭"	"STRINGS.WORLDS.THE_ROCK.NAME"
"WORLDS"	"Tiny Empty FOR DEVS"	"開發者用的小型空世界"	"STRINGS.WORLDS.TINYEMPTY.NAME"
"WORLDS"	"Tiny Forest FOR DEVS"	"開發者用的小型森林世界"	"STRINGS.WORLDS.TINYFOREST.NAME"
"WORLDS"	"Tiny Ice FOR DEVS"	"開發者用的小型冰雪世界"	"STRINGS.WORLDS.TINYICE.NAME"
"WORLDS"	"Tiny Magma FOR DEVS"	"開發者用的小型岩漿世界"	"STRINGS.WORLDS.TINYMAGMA.NAME"
"WORLDS"	"Tiny Start FOR DEVS"	"開發者用的小世界"	"STRINGS.WORLDS.TINYSTART.NAME"
"WORLDS"	"Tiny Surface FOR DEVS"	"開發者用的小型的地表"	"STRINGS.WORLDS.TINYSURFACE.NAME"
"WORLDS"	"Tundra Asteroid"	"凍原小行星"	"STRINGS.WORLDS.TUNDRAMOONLET.NAME"
"WORLDS"	"Tiny Twin Asteroid FOR DEVS"	"開發者用的小小雙子行星"	"STRINGS.WORLDS.TWINMOONLET.NAME"
"WORLDS"	"Arboria Asteroid"	"喬木小行星"	"STRINGS.WORLDS.VANILLAARBORIA.NAME"
"WORLDS"	"Aridio Asteroid"	"熱帶小行星"	"STRINGS.WORLDS.VANILLAARIDIO.NAME"
"WORLDS"	"The Badlands Asteroid"	"惡地小行星"	"STRINGS.WORLDS.VANILLABADLANDS.NAME"
"WORLDS"	"Verdante Asteroid"	"翠綠小行星"	"STRINGS.WORLDS.VANILLAFORESTDEFAULT.NAME"
"WORLDS"	"Oasisse Asteroid"	"綠洲小行星"	"STRINGS.WORLDS.VANILLAOASIS.NAME"
"WORLDS"	"Oceania Asteroid"	"海洋小行星"	"STRINGS.WORLDS.VANILLAOCEANIA.NAME"
"WORLDS"	"Terra Asteroid"	"類地小行星"	"STRINGS.WORLDS.VANILLASANDSTONEDEFAULT.NAME"
"WORLDS"	"Rime Asteroid"	"冰霜小行星"	"STRINGS.WORLDS.VANILLASANDSTONEFROZEN.NAME"
"WORLDS"	"Squelchy Asteroid"	"濕軟小行星"	"STRINGS.WORLDS.VANILLASWAMPDEFAULT.NAME"
"WORLDS"	"Volcanea Asteroid"	"火山小行星"	"STRINGS.WORLDS.VANILLAVOLCANIC.NAME"
"WORLDS"	"Volcanea"	"火山行星"	"STRINGS.WORLDS.VOLCANIC.NAME"
"WORLDS"	"Oily Sandy Swamp Asteroid"	"油沙沼澤小行星"	"STRINGS.WORLDS.WARPOILYSANDYSWAMP.NAME"
"WORLDS"	"Oily Swamp Asteroid"	"原油沼澤小行星"	"STRINGS.WORLDS.WARPOILYSWAMP.NAME"
